Method,quantity,LB_days,FH_hours,N_params,n_hidden,seed,RMSE,nRMSE,nMBE,nMAE,R2,NICE1,NICE2,NICE3,NICE_Sigma
AR_OLS,GHI,1.0,1.0,53,,,70.63681174182432,0.49243669098955,0.0113939170423196,0.2403631867374759,0.9038880984857072,0.6688207002841062,0.7537580517009871,0.8134535020272722,0.7453440846707885
ELM_corr,GHI,1.0,1.0,270,5.0,0.0,117.3479467598305,0.8180781829173819,0.0300457630224353,0.4527224517777219,0.7347435320668729,1.2597193078614828,1.2522077021835385,1.199877675486084,1.2372682285103682
ELM_corr,GHI,1.0,1.0,270,5.0,1.0,125.15429115315624,0.872499246198442,0.1296075552881476,0.4997420243061429,0.6982783446404907,1.390553250664317,1.3355083891161017,1.257432415205478,1.3278313516619655
ELM_corr,GHI,1.0,1.0,270,5.0,2.0,127.1906027617407,0.8866951665072462,0.0137049673965718,0.5050595387666023,0.6883802010300228,1.405349458825343,1.3572376579335097,1.28167569694269,1.3480876045671808
ELM_corr,GHI,1.0,1.0,270,5.0,3.0,127.59175286019098,0.8894917398830802,0.0253707023552244,0.4866131766014591,0.686411447980357,1.354021678442484,1.3615182887999293,1.3203831316907613,1.3453076996443916
ELM_corr,GHI,1.0,1.0,270,5.0,4.0,105.94890114430063,0.7386110019258763,0.0406259085636241,0.4100662117743853,0.7837740043121473,1.1410265217582674,1.130569675175518,1.0880430947205748,1.1198797638847868
ELM_corr,GHI,1.0,1.0,540,10.0,0.0,103.956889884683,0.7247239165816884,0.0083861153243045,0.3908811493436107,0.7918283673599285,1.0876432767442987,1.1093131307620503,1.098670658235332,1.098542355247227
ELM_corr,GHI,1.0,1.0,540,10.0,1.0,105.2280004425058,0.7335853227174006,0.0718080421064017,0.4039852690512425,0.786706496433662,1.1241060422718558,1.1228770189661634,1.084838168803009,1.1106070766803429
ELM_corr,GHI,1.0,1.0,540,10.0,2.0,102.43947026936992,0.714145394196809,0.0402963280759283,0.3903189505961603,0.7978612200387816,1.0860789350284463,1.093120904291925,1.0629713347259622,1.080723724682111
ELM_corr,GHI,1.0,1.0,540,10.0,3.0,98.56917107259235,0.687164033025433,0.0894996074214922,0.3847086693642743,0.8128468243157025,1.0704680909835178,1.051821345179242,1.0092152745664609,1.0438349035764067
ELM_corr,GHI,1.0,1.0,540,10.0,4.0,103.92284007852884,0.7244865421382798,0.045292409567833,0.4031576770567104,0.7919647131647882,1.121803232657599,1.1089497888314812,1.069670357711025,1.1001411264000351
ELM_corr,GHI,1.0,1.0,1350,25.0,0.0,92.22348605033392,0.642925794387991,0.0350323612567138,0.3446656819096031,0.8361682534235797,0.9590467902659848,0.9841072020697283,0.976521605854873,0.973225199396862
ELM_corr,GHI,1.0,1.0,1350,25.0,1.0,91.290917496198,0.6364244962461937,0.0545220748499876,0.3401897364128602,0.8394648508539301,0.9465922832252096,0.974155860281932,0.9717981378069254,0.9641820937713558
ELM_corr,GHI,1.0,1.0,1350,25.0,2.0,87.95627871683561,0.6131774322060375,0.0243554424364057,0.3242408916769688,0.8509785840021405,0.9022139503791246,0.938572277621866,0.943483090962222,0.9280897729877374
ELM_corr,GHI,1.0,1.0,1350,25.0,3.0,90.81172813839036,0.6330838808376349,0.0418236504558199,0.3406331333825358,0.841145737441759,0.9478260539859796,0.969042480617274,0.9605877014473708,0.9591520786835416
ELM_corr,GHI,1.0,1.0,1350,25.0,4.0,83.44092214942211,0.5816991251892659,0.0162782386847503,0.3064132701845402,0.8658862882565836,0.8526078420028493,0.8903893785772642,0.9030532642434552,0.8820168282745229
ELM_corr,GHI,1.0,1.0,2700,50.0,0.0,81.55846296644245,0.5685757699849353,0.0237624003351013,0.2881875979078709,0.871869341754804,0.8018941405384726,0.8703018529489064,0.9082516665549006,0.8601492200140931
ELM_corr,GHI,1.0,1.0,2700,50.0,1.0,80.18682002576479,0.5590135135032126,0.0211565522849403,0.2871459186959597,0.8761428809248211,0.7989956242164089,0.8556651941714203,0.8838569828015048,0.8461726003964447
ELM_corr,GHI,1.0,1.0,2700,50.0,2.0,78.9705934681778,0.5505347250819463,0.0193801645308173,0.281750510536617,0.8798715715197261,0.7839826735544115,0.8426869674102178,0.8773383594192269,0.8346693334612855
ELM_corr,GHI,1.0,1.0,2700,50.0,3.0,80.78796247213283,0.5632043113294906,0.0401845338871153,0.2930900548502864,0.8742788623598421,0.8155354336576232,0.8620799225261664,0.8799367431550602,0.8525173664462832
ELM_corr,GHI,1.0,1.0,2700,50.0,4.0,77.41526481407084,0.5396919240417605,0.0260726055750023,0.2785040527530715,0.8845568417358591,0.7749492679081255,0.8260902175404862,0.8531413299087174,0.8180602717857764
ELM_corr,GHI,1.0,1.0,5400,100.0,0.0,72.96445284950005,0.5086635825579928,0.0114785698244811,0.251299672705247,0.8974495306593184,0.699251933547796,0.7785960672217521,0.8306798135420282,0.7695092714371922
ELM_corr,GHI,1.0,1.0,5400,100.0,1.0,72.96243364575557,0.5086495059032593,0.0191934037253972,0.2507325676644673,0.8974552065033328,0.6976739398639163,0.7785745205091684,0.8294962458292655,0.7685815687341168
ELM_corr,GHI,1.0,1.0,5400,100.0,2.0,74.74360880574181,0.5210667707858002,0.0133251646717382,0.257242828517297,0.8923874016384069,0.7157890151452965,0.7975812548906196,0.8480666613586672,0.7871456437981944
ELM_corr,GHI,1.0,1.0,5400,100.0,3.0,74.46868723415447,0.5191501855711541,0.016548042198823,0.2564000025652255,0.8931775859870205,0.7134438164019558,0.7946475954705478,0.8475009688732859,0.7851974602485964
ELM_corr,GHI,1.0,1.0,5400,100.0,4.0,73.44370171051847,0.5120046127865795,0.0100758096676695,0.2483979279077536,0.8960979519310986,0.6911777063175465,0.7837100818389672,0.8432199347421248,0.772702574299546
ELM_corr,GHI,1.0,1.0,13500,250.0,0.0,70.58867722346783,0.4921011265387013,0.0078105175773545,0.2332136190617387,0.904019042216271,0.6489267268162067,0.7532444132753379,0.8221259724458406,0.741432370845795
ELM_corr,GHI,1.0,1.0,13500,250.0,1.0,71.02092483940551,0.4951144928052657,0.0122151226811503,0.2334116793016457,0.9028399702840888,0.6494778377835352,0.7578568825078453,0.8288000651015471,0.7453782617976424
ELM_corr,GHI,1.0,1.0,13500,250.0,2.0,71.57405014136238,0.498970544440124,0.0093806239082585,0.2374918780853755,0.9013206730801158,0.6608311629115342,0.7637592249220722,0.8354558609128127,0.7533487495821397
ELM_corr,GHI,1.0,1.0,13500,250.0,3.0,72.00515592027047,0.5019759505166029,0.0164527759962089,0.2380513679914041,0.9001283597917801,0.6623879671619316,0.7683595097307139,0.8391896289483652,0.7566457019470035
ELM_corr,GHI,1.0,1.0,13500,250.0,4.0,70.72445922860574,0.4930477157130603,0.0125133249641358,0.2327385632146881,0.9036494355925812,0.6476048638944711,0.7546933288920687,0.825543422247747,0.7426138716780956
ELM_corr,GHI,1.0,1.0,27000,500.0,0.0,69.55968923166283,0.4849276509916388,0.0089098776869744,0.2257606673502804,0.906796921306937,0.6281885744789045,0.7422641897233254,0.8174524045984556,0.7293017229335619
ELM_corr,GHI,1.0,1.0,27000,500.0,1.0,69.59220564501778,0.4851543355573846,0.0105697086293186,0.2240370266707832,0.9067097634079808,0.6233924716232764,0.7426111689792454,0.8219822554429447,0.7293286320151555
ELM_corr,GHI,1.0,1.0,27000,500.0,2.0,70.06902864443481,0.4884784541611353,0.0106157370746561,0.2265098555818595,0.9054269955678388,0.6302732223174133,0.7476992974802942,0.826126324244032,0.7346996146805799
ELM_corr,GHI,1.0,1.0,27000,500.0,3.0,69.67096075604697,0.4857033680705659,0.0129143141595845,0.2266280027886085,0.9064984972153538,0.6306019719010207,0.7434515565560208,0.8179714200097269,0.7306749828222562
ELM_corr,GHI,1.0,1.0,27000,500.0,4.0,69.81701666007586,0.4867215805904394,0.0113585520593283,0.2258899373554506,0.9061060593666164,0.6285482737180318,0.7450101038763985,0.8222067491356528,0.7319217089100277
ELM_corr,GHI,1.0,1.0,54000,1000.0,0.0,69.04833505467076,0.4813628021170603,0.0112153875459436,0.2208169905330073,0.9081622121363712,0.614432585320223,0.7368075826274748,0.8156722453786059,0.7223041377754346
ELM_corr,GHI,1.0,1.0,54000,1000.0,1.0,69.01089907798797,0.4811018213617423,0.0092728014068004,0.2215120719248566,0.9082617686363502,0.6163666785961571,0.7364081072243227,0.8136849519756435,0.7221532459320411
ELM_corr,GHI,1.0,1.0,54000,1000.0,2.0,69.04618563704415,0.4813478176907038,0.0110992099792093,0.2209278662219763,0.9081679297163088,0.6147411015990559,0.7367846464161344,0.8168963859016111,0.7228073779722671
ELM_corr,GHI,1.0,1.0,54000,1000.0,3.0,69.07003126852644,0.4815140548632508,0.0108349815157642,0.2211717020599912,0.90810448893918,0.6154195850979189,0.737039100662928,0.8147533866550228,0.7224040241386233
ELM_corr,GHI,1.0,1.0,54000,1000.0,4.0,69.01753611864282,0.4811480907538262,0.0100122068345551,0.2197953358360655,0.9082441221585332,0.6115897880552512,0.7364789303930035,0.8167873240632844,0.7216186808371797
ELM_elastic_net,GHI,1.0,1.0,270,5.0,0.0,117.90231456433932,0.821942896520839,-0.02425909048077,0.4526843513491477,0.7322313962999841,1.2596132918127445,1.258123303212922,1.214180175764358,1.243972256930008
ELM_elastic_net,GHI,1.0,1.0,270,5.0,1.0,125.36260796027037,0.8739515036919954,0.0754338681556232,0.4988842923541137,0.6972730894365861,1.3881665753476895,1.3377313160403916,1.2708595948185364,1.332252495402206
ELM_elastic_net,GHI,1.0,1.0,270,5.0,2.0,127.28736264577786,0.8873697172965703,-0.0113143759865586,0.4996798736110758,0.6879058929586246,1.3903803137351551,1.358270172565416,1.2918215998717462,1.3468240287241056
ELM_elastic_net,GHI,1.0,1.0,270,5.0,3.0,126.25707747964567,0.8801871986426976,-0.0148092564237944,0.4899493278853475,0.6929377295690657,1.363304660034757,1.3472761070014347,1.2984953827408163,1.336358716592336
ELM_elastic_net,GHI,1.0,1.0,270,5.0,4.0,105.35414253399276,0.734464708303961,-0.0339423533044722,0.4048586451953044,0.7861948186504117,1.1265362482123396,1.1242230680696284,1.0851640235582791,1.1119744466134158
ELM_elastic_net,GHI,1.0,1.0,540,10.0,0.0,103.92622002589404,0.7245101050660958,-0.0023444902609119,0.3941288504512707,0.791951180821878,1.0966801419923495,1.1089858558973356,1.0918871890148758,1.0991843956348537
ELM_elastic_net,GHI,1.0,1.0,540,10.0,1.0,105.72101685597993,0.7370223319094643,0.044340860631819,0.4084813995944165,0.7847031600584216,1.1366167150552833,1.128137945699877,1.0803623995655427,1.1150390201069011
ELM_elastic_net,GHI,1.0,1.0,540,10.0,2.0,102.6011779669003,0.7152727214574227,0.0323951037358303,0.3900232326445105,0.797222536604618,1.0852560873611576,1.0948464702685017,1.0653082716536,1.0818036097610866
ELM_elastic_net,GHI,1.0,1.0,540,10.0,3.0,98.15654089120945,0.684287427525948,0.0766559126776777,0.3819411702979798,0.8144104655287322,1.0627674081598362,1.047418211545054,1.0061145365727395,1.03876671875921
ELM_elastic_net,GHI,1.0,1.0,540,10.0,4.0,104.77263246471291,0.7304107754149753,0.0386207253165477,0.4069452872648196,0.7885485323030552,1.1323424177390384,1.118017834763418,1.0775894324474533,1.1093165616499698
ELM_elastic_net,GHI,1.0,1.0,1350,25.0,0.0,92.31699477658287,0.6435776800917368,0.0383053838517625,0.3487345969138264,0.8358358551333893,0.9703687178018076,0.9851050239359256,0.9689067441328788,0.974793495290204
ELM_elastic_net,GHI,1.0,1.0,1350,25.0,1.0,91.26266222447722,0.6362275177562805,0.0509789739341521,0.3438657094078442,0.8395642093098548,0.9568208330547469,0.9738543512240152,0.9620531153268383,0.9642427665352
ELM_elastic_net,GHI,1.0,1.0,1350,25.0,2.0,88.03790070536373,0.6137464508374231,0.0265755216476099,0.3302487606497576,0.8507018767968337,0.918931099074546,0.9394432573494588,0.9318797361910752,0.93008469753836
ELM_elastic_net,GHI,1.0,1.0,1350,25.0,3.0,91.7305173062782,0.6394891175179852,0.0388437665610602,0.3486427261823283,0.8379150551811791,0.9701130836183448,0.9788467840114072,0.9622815289607956,0.970413798863516
ELM_elastic_net,GHI,1.0,1.0,1350,25.0,4.0,84.08666682832758,0.5862008625279579,0.0171363365604528,0.3100528686568841,0.8638024588301103,0.8627351781896703,0.8972800527040505,0.9021579579983244,0.887391062964015
ELM_elastic_net,GHI,1.0,1.0,2700,50.0,0.0,80.43733294974776,0.5607599365409224,0.0281444746737101,0.2896754577866437,0.87536778406271,0.8060341733760816,0.8583383914583742,0.8816816470945686,0.8486847373096748
ELM_elastic_net,GHI,1.0,1.0,2700,50.0,1.0,79.69920029478101,0.5556141266839929,0.0253288669006486,0.289820835075005,0.8776446624432657,0.8064386918097359,0.8504618548737652,0.8674628131635851,0.8414544532823621
ELM_elastic_net,GHI,1.0,1.0,2700,50.0,2.0,79.0770185075836,0.5512766554289016,0.0219106711797053,0.2827667512262675,0.8795475702217527,0.7868104061158524,0.8438226179071274,0.8746307403254293,0.8350879214494698
ELM_elastic_net,GHI,1.0,1.0,2700,50.0,3.0,80.76744834026552,0.5630612993366477,0.0410950306946757,0.2969692009813117,0.8743427018842581,0.8263293213035312,0.861861018364337,0.8705978034420018,0.8529293810366233
ELM_elastic_net,GHI,1.0,1.0,2700,50.0,4.0,77.29774946048141,0.5388726788007161,0.0317907540122289,0.2818528873087834,0.8849070581132084,0.7842675412389458,0.8248362234574821,0.8426920301178545,0.8172652649380941
ELM_elastic_net,GHI,1.0,1.0,5400,100.0,0.0,72.01846866284471,0.5020687588234842,0.0142538226892797,0.2520362175710121,0.9000914266491861,0.7013014006879106,0.7685015686183975,0.8110643203278557,0.7602890965447213
ELM_elastic_net,GHI,1.0,1.0,5400,100.0,1.0,72.80287479934773,0.5075371591196819,0.0261658538290891,0.2550504669711502,0.8979032189253499,0.7096886767179674,0.7768718846988263,0.8142861808624802,0.7669489140930913
ELM_elastic_net,GHI,1.0,1.0,5400,100.0,2.0,73.03363098876794,0.5091458502757715,0.0138660441611188,0.2563556510463342,0.8972549807537494,0.7133204064308777,0.7793342599316021,0.8184140780113291,0.770356248124603
ELM_elastic_net,GHI,1.0,1.0,5400,100.0,3.0,73.82388495598339,0.5146550180745572,0.0186946885037721,0.2592377943797931,0.8950194643815815,0.7213400917610963,0.7877669776037193,0.8294931303476234,0.7795333999041464
ELM_elastic_net,GHI,1.0,1.0,5400,100.0,4.0,71.59206291028832,0.4990961184589213,0.0116602921219215,0.2476012716077922,0.90127099832853,0.6889609765776141,0.76395143730081,0.8098800432191277,0.7542641523658506
ELM_elastic_net,GHI,1.0,1.0,13500,250.0,0.0,68.4809203030141,0.4774071331700285,0.0095701675605447,0.2312390916894017,0.9096653911578304,0.6434325211609168,0.730752758985684,0.7882497121833546,0.7208116641099851
ELM_elastic_net,GHI,1.0,1.0,13500,250.0,1.0,68.73862301431812,0.4792036790118399,0.0143634182223229,0.2323014912230995,0.9089842298831056,0.6463886926518754,0.7335026777433503,0.7896381158572828,0.723176495417503
ELM_elastic_net,GHI,1.0,1.0,13500,250.0,2.0,69.89205537677074,0.4872447046731116,0.0112184923321558,0.2375246958867349,0.905904118136076,0.6609224798273434,0.7458108341967986,0.8032377619504445,0.7366570253248622
ELM_elastic_net,GHI,1.0,1.0,13500,250.0,3.0,68.58599365522558,0.4781396403797723,0.015117059116373,0.2300421014849218,0.909387969594372,0.6401018454544581,0.7318739857695045,0.791239765613626,0.7210718656125295
ELM_elastic_net,GHI,1.0,1.0,13500,250.0,4.0,68.72681578976423,0.4791213662566955,0.0141522988129992,0.2319275407631509,0.9090154947322656,0.6453481597321336,0.7333766840814582,0.791174778534053,0.7232998741158815
ELM_elastic_net,GHI,1.0,1.0,27000,500.0,0.0,67.2025994024825,0.4684954609306113,0.010477410486699,0.2232511227649134,0.9130064335236922,0.6212056608732013,0.7171119299664599,0.780296672064324,0.7062047543013285
ELM_elastic_net,GHI,1.0,1.0,27000,500.0,1.0,67.37048051312371,0.4696658254553574,0.0125778308131628,0.2225598568962021,0.9125712474212304,0.6192821844512524,0.7189033717905448,0.7849410016925792,0.7077088526447922
ELM_elastic_net,GHI,1.0,1.0,27000,500.0,2.0,67.43839286134425,0.4701392688513771,0.0122639649362011,0.2239300160847243,0.91239489467836,0.623094710156235,0.7196280573761322,0.7847752691521509,0.7091660122281728
ELM_elastic_net,GHI,1.0,1.0,27000,500.0,3.0,67.3640411860045,0.4696209344012372,0.0141443625883614,0.2250656360449491,0.9125879596497324,0.6262546205708183,0.7188346584023843,0.7805624627047753,0.7085505805593258
ELM_elastic_net,GHI,1.0,1.0,27000,500.0,4.0,67.36823092439653,0.4696501426972942,0.0126049237917873,0.2236263648812082,0.9125770860452406,0.6222497878811796,0.7188793666638366,0.7833309029900736,0.7081533525116965
ELM_elastic_net,GHI,1.0,1.0,54000,1000.0,0.0,66.31695912577453,0.4623213180649457,0.0104004997608242,0.2191424065819439,0.9152842421785988,0.6097729848795862,0.7076613549331581,0.772717191432813,0.6967171770818524
ELM_elastic_net,GHI,1.0,1.0,54000,1000.0,1.0,66.23393340697596,0.4617425134838212,0.0133697896327542,0.2176859584607931,0.9154962296979068,0.6057203565818118,0.7067753961462382,0.7717564173692129,0.6947507233657543
ELM_elastic_net,GHI,1.0,1.0,54000,1000.0,2.0,66.47364998804484,0.4634136710155108,0.0126575259041756,0.2185782237540473,0.9148834437356868,0.6082031223762481,0.7093333867838579,0.7761432207689839,0.6978932433096966
ELM_elastic_net,GHI,1.0,1.0,54000,1000.0,3.0,66.32805830378112,0.4623986947521927,0.0123629492628346,0.2181563290266899,0.9152558827974304,0.6070291825112156,0.7077797931041829,0.7729217650542392,0.6959102468898792
ELM_elastic_net,GHI,1.0,1.0,54000,1000.0,4.0,66.2577268259158,0.4619083866624251,0.0128796667360156,0.218599254051344,0.915435505695922,0.6082616400650674,0.7070292932384362,0.771609894378016,0.6956336092271732
ELM_huber,GHI,1.0,1.0,270,5.0,0.0,119.33295327446776,0.8319164354596026,-0.0631132601240404,0.4547695413464932,0.7256937079107835,1.265415420887415,1.273389499693813,1.2357991731917042,1.2582013645909775
ELM_huber,GHI,1.0,1.0,270,5.0,1.0,126.24295915302808,0.8800887742960936,0.015248360621364,0.4931412131127553,0.6930063984013659,1.37218621524293,1.3471254518104354,1.299272129048564,1.3395279320339766
ELM_huber,GHI,1.0,1.0,270,5.0,2.0,128.6324081350893,0.896746552598931,-0.0584970821002928,0.499704861390144,0.6812752475633571,1.3904498432838426,1.372623012713102,1.3164655909080651,1.3598461489683369
ELM_huber,GHI,1.0,1.0,270,5.0,3.0,109.97320832793376,0.766666012679715,-0.0025323542840065,0.4231120098472934,0.7670360171476656,1.1773270048784934,1.1735126374551352,1.1317312288131236,1.1608569570489171
ELM_huber,GHI,1.0,1.0,270,5.0,4.0,106.14284118914748,0.7399630334173852,-0.0605484514075996,0.4051540753871966,0.7829816740499029,1.1273582951759713,1.1326391891689418,1.0980157270841515,1.1193377371430215
ELM_huber,GHI,1.0,1.0,540,10.0,0.0,104.66571036667467,0.7296653798789473,-0.0012802962675363,0.3940524613978651,0.7889798910977042,1.0964675862308528,1.1168768802056777,1.103934967477452,1.1057598113046607
ELM_huber,GHI,1.0,1.0,540,10.0,1.0,106.60709075711009,0.7431994977396484,0.0273500360007935,0.4107734089960992,0.7810791247020265,1.142994327841577,1.1375931478941674,1.089834091910404,1.1234738558820496
ELM_huber,GHI,1.0,1.0,540,10.0,2.0,108.03840497322824,0.7531777458934251,0.0095051807821914,0.4213370932771658,0.7751611683688213,1.1723882246955064,1.1528665526290296,1.1077079801956051,1.1443209191733803
ELM_huber,GHI,1.0,1.0,540,10.0,3.0,99.06310197026166,0.6906074174425378,0.0562258193096661,0.3829304207800248,0.8109664727678582,1.0655200393307669,1.0570920302784348,1.0194009165739086,1.0473376620610366
ELM_huber,GHI,1.0,1.0,540,10.0,4.0,106.36580843508624,0.7415174248187192,0.0052803806801625,0.4095175228649879,0.7820689643348514,1.1394997717363429,1.1350184493981013,1.0996595108929024,1.1247259106757823
ELM_huber,GHI,1.0,1.0,1350,25.0,0.0,93.14382593483836,0.6493418417170739,0.0298446861102775,0.3494756941646934,0.8328820352904535,0.9724308521453866,0.9939280529991598,0.97908252676123,0.9818138106352589
ELM_huber,GHI,1.0,1.0,1350,25.0,1.0,92.16991930935674,0.6425523598002252,0.0494326502164317,0.344797688330372,0.836358516976144,0.9594141036968769,0.9835355969629958,0.9764478671713474,0.9731325226104066
ELM_huber,GHI,1.0,1.0,1350,25.0,2.0,88.95358272226903,0.6201300263596532,0.0299443721816019,0.3317662495464813,0.8475800266928081,0.923153575903698,0.949214404659488,0.94509520926552,0.9391543966095686
ELM_huber,GHI,1.0,1.0,1350,25.0,3.0,92.45866435938656,0.6445653138601561,0.0405503926585143,0.3486404802703707,0.8353316162094981,0.97010683427364,0.9866167652799388,0.9740362943136652,0.9769199646224146
ELM_huber,GHI,1.0,1.0,1350,25.0,4.0,85.58262981012652,0.5966298023743998,0.0177049649527022,0.3133273196569556,0.8589132442467899,0.8718464761410731,0.9132433176755628,0.919953389992699,0.9016810612697782
ELM_huber,GHI,1.0,1.0,2700,50.0,0.0,81.50683434426759,0.5682158467772308,0.0291604817458582,0.2912627472494346,0.8720315104692081,0.8104508732229547,0.8697509293057957,0.8973419858792562,0.8591812628026689
ELM_huber,GHI,1.0,1.0,2700,50.0,1.0,80.59816613331829,0.5618811672245533,0.0244828570216228,0.2902792637129851,0.8748688854752955,0.8077142888212658,0.8600546255876845,0.8814548436791726,0.849741252696041
ELM_huber,GHI,1.0,1.0,2700,50.0,2.0,80.27087952450492,0.55959952496643,0.0260646407175403,0.2840392464472026,0.8758830670442526,0.7903511777137242,0.8565621843162884,0.8931490361228571,0.8466874660509566
ELM_huber,GHI,1.0,1.0,2700,50.0,3.0,81.87353271249218,0.5707722437406128,0.0475235787657856,0.2980413262282307,0.8708774625641692,0.8293125550015426,0.8736639293517935,0.8867437079674242,0.8632400641069201
ELM_huber,GHI,1.0,1.0,2700,50.0,4.0,78.08472588935045,0.5443589976047906,0.0346003544918941,0.2822399646436983,0.8825515817382922,0.7853446002416818,0.8332339668597044,0.8532772367481866,0.8239519346165243
ELM_huber,GHI,1.0,1.0,5400,100.0,0.0,73.05260843201832,0.5092781494145239,0.0218449180034449,0.2525340812135485,0.8972015782027969,0.7026867272621122,0.7795367662494546,0.8272071748430176,0.7698102227848614
ELM_huber,GHI,1.0,1.0,5400,100.0,1.0,72.87541139951462,0.508042839974763,0.0286014265676446,0.253019642272428,0.8976996708445611,0.7040378213786384,0.7776459151946907,0.8201988714340037,0.767294202669111
ELM_huber,GHI,1.0,1.0,5400,100.0,2.0,73.89754459859438,0.5151685280953577,0.0162829090032056,0.2551757398351307,0.8948098659148578,0.7100372537432239,0.7885529919683877,0.8330454045427902,0.777211883418134
ELM_huber,GHI,1.0,1.0,5400,100.0,3.0,74.3491932489324,0.5183171465193495,0.0200060085049776,0.2578093498498918,0.8935201298195126,0.7173653846365438,0.7933724876157343,0.8403261072646143,0.7836879931722974
ELM_huber,GHI,1.0,1.0,5400,100.0,4.0,72.38532601456917,0.5046262641226853,0.0151353828588503,0.246597387413565,0.8990709787764941,0.6861676264856112,0.7724162651607428,0.8234154761030351,0.760666455916463
ELM_huber,GHI,1.0,1.0,13500,250.0,0.0,69.09909483775478,0.4817166683095011,0.0104079331975403,0.2287335982729371,0.9080271363329652,0.6364608801034727,0.7373492349792544,0.8011111088431271,0.724973741308618
ELM_huber,GHI,1.0,1.0,13500,250.0,1.0,70.08036324170321,0.4885574720476298,0.0153705416712095,0.2326711634518575,0.9053963962106256,0.6474173212129684,0.7478202477857111,0.8104082438289296,0.7352152709425365
ELM_huber,GHI,1.0,1.0,13500,250.0,2.0,70.78327159654178,0.4934577196068025,0.0133745969639153,0.2359556645992965,0.9034891244075376,0.6565565841231135,0.7553209095370363,0.8188214693963879,0.7435663210188458
ELM_huber,GHI,1.0,1.0,13500,250.0,3.0,70.46339613707515,0.4912277433535674,0.0203938374136549,0.2346697004668735,0.9043594347121252,0.6529783347112067,0.7519075518674437,0.8154338953296921,0.7401065939694474
ELM_huber,GHI,1.0,1.0,13500,250.0,4.0,69.48992947107676,0.4844413285654118,0.0162466056422231,0.2293278631428344,0.9069837698758312,0.638114447156871,0.7415197905930438,0.8057506676771021,0.728461635142339
ELM_huber,GHI,1.0,1.0,27000,500.0,0.0,67.74566851753416,0.4722814069748933,0.012083968440383,0.2197065287268214,0.9115947497868124,0.6113426785298659,0.7229069638589358,0.7936061458515825,0.7092852627467948
ELM_huber,GHI,1.0,1.0,27000,500.0,1.0,68.01693520928525,0.4741725126005242,0.0127008460148518,0.2190195937288725,0.9108853490722266,0.6094312529383936,0.7258016224374262,0.798998413420563,0.7114104295987943
ELM_huber,GHI,1.0,1.0,27000,500.0,2.0,68.16153017887834,0.4751805403781708,0.0136906348465824,0.2207981143098616,0.9105060545137652,0.6143800614335396,0.7273445802787937,0.7996469978631112,0.7137905465251482
ELM_huber,GHI,1.0,1.0,27000,500.0,3.0,67.83835889732377,0.4729275876671504,0.0155285560547506,0.2201169920684476,0.9113526701919232,0.6124848100821788,0.7238960532354072,0.7949203672078178,0.7104337435084679
ELM_huber,GHI,1.0,1.0,27000,500.0,4.0,68.08707877355394,0.4746615106715149,0.0124430039077075,0.220555382823126,0.9107014524484048,0.6137046508386683,0.7265501170967799,0.7975548788292758,0.7126032155882412
ELM_huber,GHI,1.0,1.0,54000,1000.0,0.0,66.48878523237026,0.4635191846910171,0.0122960347180163,0.2135312044634746,0.914844679306894,0.5941595784289171,0.7094948933976678,0.7806735789421689,0.6947760169229179
ELM_huber,GHI,1.0,1.0,54000,1000.0,1.0,66.92336605480196,0.466548816647623,0.0113731865694668,0.2129812192047755,0.9137278650821404,0.5926292212604095,0.7141322600333533,0.7899604647385122,0.6989073153440918
ELM_huber,GHI,1.0,1.0,54000,1000.0,2.0,66.88190204110232,0.466259754879433,0.0113184582949874,0.213002020585216,0.9138347360011432,0.592687101978426,0.7136898018672603,0.787924188141974,0.6981003639958868
ELM_huber,GHI,1.0,1.0,54000,1000.0,3.0,66.68148341843124,0.4648625587018711,0.0131887538114187,0.213608968335186,0.9143503687399874,0.5943759596803092,0.7115511556454956,0.7833897875771912,0.696438967634332
ELM_huber,GHI,1.0,1.0,54000,1000.0,4.0,66.62672939308537,0.4644808470929408,0.0138853168304752,0.2137358142201879,0.9144909695915104,0.5947289137028725,0.7109668811510814,0.7833202357653065,0.6963386768730868
ELM_l3,GHI,1.0,1.0,270,5.0,0.0,117.272836713473,0.8175545615678858,0.0791905990683881,0.457261393701745,0.7350829849509157,1.272349105116957,1.251406210711747,1.1941797724101435,1.2393116960796158
ELM_l3,GHI,1.0,1.0,270,5.0,1.0,127.6407956142828,0.8898336359985257,0.1931637969944308,0.516260527474266,0.6861703320527656,1.436516682113642,1.3620416189143945,1.2688955545691611,1.3558179518657325
ELM_l3,GHI,1.0,1.0,270,5.0,2.0,127.94324665914176,0.8919421398797747,0.1051570593739432,0.514472937885805,0.6846813007904529,1.4315426387228756,1.3652690424728229,1.2764700131728854,1.357760564789528
ELM_l3,GHI,1.0,1.0,270,5.0,3.0,125.90956936144276,0.8777645843768483,0.0724887224672194,0.496704702035963,0.6946257107106517,1.3821017734006669,1.3435678841121532,1.285216546977129,1.3369620681633163
ELM_l3,GHI,1.0,1.0,270,5.0,4.0,105.40473453688644,0.7348174048354318,0.0285730608660792,0.4097164959273115,0.7859894270205587,1.140053422670528,1.124762930056494,1.0785150758569078,1.1144438095279765
ELM_l3,GHI,1.0,1.0,540,10.0,0.0,103.06104568135444,0.7184786381744231,0.0030782893382519,0.395260964556509,0.7954007292970381,1.0998302972176337,1.0997536706919022,1.0758777157405082,1.0918205612166814
ELM_l3,GHI,1.0,1.0,540,10.0,1.0,103.92225956332508,0.7244824951409853,0.0583575886554033,0.4003190346789462,0.7919670373374057,1.113904590570506,1.1089435942142811,1.069819313144274,1.0975558326430204
ELM_l3,GHI,1.0,1.0,540,10.0,2.0,102.51258911685514,0.714655134124429,0.0748434691061044,0.3940886441094194,0.7975725533862764,1.096568266151137,1.0939011478882037,1.0587674248200478,1.0830789462864627
ELM_l3,GHI,1.0,1.0,540,10.0,3.0,96.75385194348505,0.6745087372528134,0.109081929316324,0.3811974396144246,0.8196768354783219,1.0606979461787822,1.032450264064021,0.9867254661470852,1.0266245587966294
ELM_l3,GHI,1.0,1.0,540,10.0,4.0,97.28159544016094,0.6781878424500325,0.0157375710895608,0.3770429294191207,0.8177043266362122,1.0491378464152714,1.0380817598810492,0.9991320183124752,1.0287838748695988
ELM_l3,GHI,1.0,1.0,1350,25.0,0.0,91.54606704235005,0.6382032429805993,0.0425089678109381,0.3484818785925593,0.8385662354843777,0.9696655184188292,0.9768785344805198,0.9585556744439044,0.9683665757810846
ELM_l3,GHI,1.0,1.0,1350,25.0,1.0,90.82478868830488,0.6331749310113873,0.0521869836794717,0.3477029503065322,0.8411000412908036,0.9674981176250432,0.9691818483833856,0.9464712597672372,0.9610504085918888
ELM_l3,GHI,1.0,1.0,1350,25.0,2.0,87.27937605509416,0.6084584804491505,0.0215797809758085,0.32912261704736,0.8532634655458776,0.9157975570251196,0.9313491199095628,0.9204444552029007,0.9225303773791944
ELM_l3,GHI,1.0,1.0,1350,25.0,3.0,86.1832263557705,0.6008167945143856,0.0504767641629927,0.3366406997684662,0.8569260759007143,0.9367169391425482,0.919652220780612,0.8947324733107247,0.9170338777446282
ELM_l3,GHI,1.0,1.0,1350,25.0,4.0,82.6773436339992,0.5763759223411549,0.0201523691694257,0.3088010585403041,0.8683296404993036,0.8592519637667055,0.8822413118693622,0.8836461392638039,0.8750464716332905
ELM_l3,GHI,1.0,1.0,2700,50.0,0.0,79.63279872569798,0.5551512155170043,0.0246124391617277,0.290470930241346,0.8778484587639475,0.8082476090166724,0.8497532906548019,0.8664442927632309,0.8414817308115684
ELM_l3,GHI,1.0,1.0,2700,50.0,1.0,82.3510824353695,0.5741014286162864,0.0312724314288299,0.3060171360821513,0.8693667847809605,0.8515055821628038,0.8787598126431005,0.8800140706521082,0.8700931551526709
ELM_l3,GHI,1.0,1.0,2700,50.0,2.0,77.08066074536109,0.5373592689243508,0.0143286179251057,0.2818288838650044,0.885552621371001,0.7842007506446981,0.8225196924176408,0.8391068272967881,0.8152757567863756
ELM_l3,GHI,1.0,1.0,2700,50.0,3.0,80.10798392790966,0.5584639163993654,0.0329520347698885,0.2981669539948142,0.8763863027736885,0.8296621195582535,0.8548239423926709,0.8571040887904463,0.8471967169137903
ELM_l3,GHI,1.0,1.0,2700,50.0,4.0,76.78424628380523,0.5352928484134207,0.0252377226868084,0.2831878274539398,0.8864311460363428,0.7879820684710048,0.8193566846101118,0.8331166757706733,0.8134851429505966
ELM_l3,GHI,1.0,1.0,5400,100.0,0.0,71.34958751269043,0.4974057281440824,0.0032585647862454,0.2539122412255201,0.9019386369695808,0.7065215155956398,0.7613640076197138,0.7962460846540991,0.7547105359564842
ELM_l3,GHI,1.0,1.0,5400,100.0,1.0,71.87294410681316,0.5010542505371842,0.0146490879941652,0.256386072779458,0.9004947804482502,0.7134050561858084,0.7669486912570875,0.7992541441570751,0.7598692971999904
ELM_l3,GHI,1.0,1.0,5400,100.0,2.0,72.66318586643713,0.5065633332321011,0.0088450697688825,0.2602983549359223,0.8982946350113516,0.7242911462194429,0.7753812786632691,0.8062387570050381,0.7686370606292501
ELM_l3,GHI,1.0,1.0,5400,100.0,3.0,73.52070103236116,0.512541405010374,0.0147952550531859,0.2612427812957099,0.8958799732370132,0.7269190523805049,0.7845317335724369,0.8204940030561825,0.777314929669708
ELM_l3,GHI,1.0,1.0,5400,100.0,4.0,71.39600321296848,0.4977293100455197,0.0056863491419587,0.2527302976026805,0.9018110099576604,0.7032327076369267,0.7618593047168959,0.7978058629928239,0.7542992917822154
ELM_l3,GHI,1.0,1.0,13500,250.0,0.0,69.01795818322195,0.4811510331301821,0.0060521656195191,0.2404269859903241,0.9082429999213004,0.6689982243947937,0.7364834342001121,0.779335397931416,0.7282723521754405
ELM_l3,GHI,1.0,1.0,13500,250.0,1.0,69.2236189335255,0.482584774218555,0.008402564291138,0.2409421883191511,0.907695347404586,0.6704317965945599,0.7386780186191648,0.7818672185903907,0.730325677934705
ELM_l3,GHI,1.0,1.0,13500,250.0,2.0,69.09711822347592,0.4817028885624989,0.0121392651070738,0.2415354937289491,0.9080323981175328,0.6720826939097835,0.7373281427344169,0.7792182063470966,0.7295430143304323
ELM_l3,GHI,1.0,1.0,13500,250.0,3.0,69.77627252375204,0.4864375373674545,0.0137477607878451,0.2432458139541414,0.906215617506206,0.6768417320397468,0.7445753274467101,0.7903611754574664,0.7372594116479746
ELM_l3,GHI,1.0,1.0,13500,250.0,4.0,68.79422868719735,0.4795913277869995,0.011133027109854,0.2392488189357348,0.9088369170639918,0.6657199248964485,0.7340960400797785,0.7785192208712678,0.7261117286158316
ELM_l3,GHI,1.0,1.0,27000,500.0,0.0,68.89365504911355,0.4802844676308261,0.0068869870502851,0.2362208075813727,0.9085732157671716,0.6572943556485896,0.7351570084190573,0.7848733911409366,0.7257749184028612
ELM_l3,GHI,1.0,1.0,27000,500.0,1.0,69.19872805305566,0.4824112502087344,0.0109819024453311,0.236236911551102,0.907761715821713,0.6573391656232694,0.7384124106294294,0.791791899942347,0.729181158731682
ELM_l3,GHI,1.0,1.0,27000,500.0,2.0,68.37513614562214,0.4766696706608823,0.0081937136051857,0.2338740750419071,0.909944259776022,0.650764473424407,0.7296239472739093,0.7782422784689405,0.7195435663890857
ELM_l3,GHI,1.0,1.0,27000,500.0,3.0,68.84820104125885,0.4799675900613516,0.0119959650079569,0.2355336489295249,0.9086938173771982,0.6553823077307148,0.7346719734414342,0.7842185573727848,0.7247576128483112
ELM_l3,GHI,1.0,1.0,27000,500.0,4.0,69.1304019757469,0.4819349225463082,0.0149233055018962,0.2371974599811282,0.907943776067938,0.6600119321244416,0.7376833101838876,0.784418496331884,0.7273712462134044
ELM_l3,GHI,1.0,1.0,54000,1000.0,0.0,69.91126372347031,0.4873786135296252,0.0052562967071055,0.2383871292208006,0.9058523905204418,0.6633222369376874,0.7460158044612775,0.7937040590480336,0.7343473668156663
ELM_l3,GHI,1.0,1.0,54000,1000.0,1.0,70.71317181492488,0.492969026761708,0.0100169771938961,0.2392065194102474,0.90368018766636,0.6656022246835245,0.7545728820777939,0.8074865643461864,0.7425538903691683
ELM_l3,GHI,1.0,1.0,54000,1000.0,2.0,70.28069395505787,0.4899540553751518,0.0108989876456802,0.2375917654921716,0.9048547581676024,0.6611091038319793,0.7499579559363277,0.8008398956119985,0.7373023184601019
ELM_l3,GHI,1.0,1.0,54000,1000.0,3.0,70.43371840839745,0.4910208483628995,0.0108418385445923,0.2392387641454738,0.904439981412004,0.6656919470186593,0.7515908639196811,0.8018192786984549,0.7397006965455984
ELM_l3,GHI,1.0,1.0,54000,1000.0,4.0,70.31169910346672,0.4901702043251059,0.0131279178941652,0.2405241946659232,0.9047707907822752,0.6692687116327536,0.750288808641611,0.799537371692887,0.7396982973224172
ELM_lp,GHI,1.0,1.0,270,5.0,0.0,118.33338573252868,0.8249480613125346,-0.0379502299479377,0.4530865259436995,0.7302698006125987,1.2607323595768871,1.2627232186941937,1.2207487574313354,1.2480681119008057
ELM_lp,GHI,1.0,1.0,270,5.0,1.0,125.58464600382024,0.8754994172620348,0.0559103024264907,0.4970932351252183,0.6961997802864875,1.3831828831012267,1.3401006608477617,1.2793094762382995,1.3341976733957626
ELM_lp,GHI,1.0,1.0,270,5.0,2.0,127.7606772764676,0.8906693776972363,-0.0284465333524339,0.4994539136159748,0.6855805505529707,1.3897515705228067,1.363320863629648,1.3007584150630167,1.3512769497384909
ELM_lp,GHI,1.0,1.0,270,5.0,3.0,126.67565469454952,0.8831052632261366,-0.0324842291824375,0.4892077909831214,0.6908983615176194,1.361241302342736,1.3517427008101348,1.305349281439162,1.3394444281973443
ELM_lp,GHI,1.0,1.0,270,5.0,4.0,105.60379204736124,0.7362051121704274,-0.0435064064592034,0.4049286852545551,0.7851803431092129,1.1267311376299405,1.1268870519919565,1.0892459403610937,1.1142880433276636
ELM_lp,GHI,1.0,1.0,540,10.0,0.0,104.29304705528574,0.7270673989765204,-0.0021673585366821,0.3944806065092845,0.7904798943747747,1.09765891805304,1.11290022887323,1.0970798481234108,1.102546331683227
ELM_lp,GHI,1.0,1.0,540,10.0,1.0,106.07576903265812,0.7394954473247418,0.0395276804821039,0.4094772903973946,0.7832558571787824,1.1393878231991514,1.1319234691816982,1.083904381154805,1.118405224511885
ELM_lp,GHI,1.0,1.0,540,10.0,2.0,107.5527211240562,0.749791854859335,0.0221792874406814,0.4206757463853634,0.7771781388157265,1.1705479990881251,1.1476838709243031,1.1005027265869518,1.1395781988664602
ELM_lp,GHI,1.0,1.0,540,10.0,3.0,98.5472667374562,0.6870113293848411,0.0697372377315447,0.3825458401651622,0.812929994547117,1.0644499275568322,1.0515876063033087,1.011523327834709,1.0425202872316168
ELM_lp,GHI,1.0,1.0,540,10.0,4.0,105.7805863208225,0.737437613820238,0.0171237806044625,0.4090140617364204,0.7844604697943005,1.138098869921282,1.12877360524698,1.090999431143611,1.1192906354372911
ELM_lp,GHI,1.0,1.0,1350,25.0,0.0,92.5510108679718,0.6452090972924885,0.0352117118284946,0.3485727466620335,0.8350025146704493,0.9699183626529406,0.9876021852426492,0.9722191273859578,0.976579891760516
ELM_lp,GHI,1.0,1.0,1350,25.0,1.0,91.52275323886045,0.6380407133878601,0.0498393315074891,0.3439075045520707,0.83864844886495,0.9569371298055492,0.976629755314774,0.9665628271028188,0.9667099040743806
ELM_lp,GHI,1.0,1.0,1350,25.0,2.0,88.32030207520053,0.6157151806351613,0.0274931228374345,0.3304993330209086,0.8497425259670442,0.9196283272608576,0.942456732916616,0.9363522738358516,0.9328124446711084
ELM_lp,GHI,1.0,1.0,1350,25.0,3.0,91.80083268612972,0.6399793133822368,0.038624370598271,0.3475435349616374,0.837666469803759,0.9670545377072706,0.9795971120969276,0.965000854586436,0.970550834796878
ELM_lp,GHI,1.0,1.0,1350,25.0,4.0,84.46444737208232,0.5888345176477099,0.0161298262798563,0.3103522022895724,0.8625759061458372,0.8635680866418778,0.9013113094894204,0.907294184417438,0.8907245268495787
ELM_lp,GHI,1.0,1.0,2700,50.0,0.0,80.81827529115893,0.5634156337820149,0.0280224369931293,0.289894138322367,0.8741844998597711,0.8066426611858255,0.862403387456806,0.8881950812352016,0.8524137099592778
ELM_lp,GHI,1.0,1.0,2700,50.0,1.0,80.10634008779441,0.5584524565505004,0.0228775196880333,0.2897680594024624,0.876391375902719,0.8062918412759791,0.8548064011462299,0.8740959272028811,0.8450647232083633
ELM_lp,GHI,1.0,1.0,2700,50.0,2.0,79.49563187210467,0.5541949720253838,0.0229003478815278,0.2828492216601991,0.878268906432291,0.7870398835750406,0.8482895974646231,0.8821494388759076,0.8391596399718572
ELM_lp,GHI,1.0,1.0,2700,50.0,3.0,81.11230228106926,0.5654654102994243,0.0431776359220755,0.2969237715173476,0.87326736953215,0.8262029119048442,0.8655409188033842,0.8763326803738801,0.8560255036940362
ELM_lp,GHI,1.0,1.0,2700,50.0,4.0,77.5068530190183,0.5403304210444684,0.0318958880722509,0.2813763857808916,0.8842835239054054,0.782941655649323,0.8270675457241576,0.8463739119890177,0.8187943711208329
ELM_lp,GHI,1.0,1.0,5400,100.0,0.0,72.2784658821219,0.5038813005728954,0.0166901748279617,0.2514828003886415,0.8993687553613767,0.6997614940471047,0.7712759718313615,0.8165850410839018,0.7625408356541228
ELM_lp,GHI,1.0,1.0,5400,100.0,1.0,72.3807329562527,0.5045942441265514,0.0249562956848577,0.2523635294883224,0.8990837868468119,0.7022121598965824,0.7723672531144371,0.8138903802809885,0.7628232644306694
ELM_lp,GHI,1.0,1.0,5400,100.0,2.0,73.27101326383328,0.5108007344523111,0.0146138488340183,0.2551930867401361,0.8965859880328293,0.7100855222377087,0.7818673414332925,0.8238920217269907,0.771948295132664
ELM_lp,GHI,1.0,1.0,5400,100.0,3.0,73.89948737804025,0.5151820719665781,0.0186677142752278,0.2575903166588845,0.8948043349078977,0.716755915548605,0.7885737231652508,0.8336983797014215,0.7796760061384257
ELM_lp,GHI,1.0,1.0,5400,100.0,4.0,71.94073013111243,0.5015268132800111,0.0132724993633504,0.2467033695999827,0.9003069978529148,0.6864625263872961,0.7676720288532848,0.8165071627096462,0.7568805726500757
ELM_lp,GHI,1.0,1.0,13500,250.0,0.0,68.75079052807693,0.4792885034831773,0.0103138447006318,0.2297952501598495,0.9089520053897736,0.6394149712357318,0.7336325160137751,0.7941724909933572,0.7224066594142879
ELM_lp,GHI,1.0,1.0,13500,250.0,1.0,69.64646655680832,0.4855326094799091,0.0141319609473602,0.2335241383934296,0.9065642302502708,0.6497907599474536,0.7431901815103353,0.80251142935785,0.7318307902718796
ELM_lp,GHI,1.0,1.0,13500,250.0,2.0,70.3114343796412,0.4901683588323458,0.0121295941202205,0.2365414667320186,0.904771507857625,0.6581866032535514,0.7502859838012756,0.8109117707890878,0.7397947859479718
ELM_lp,GHI,1.0,1.0,13500,250.0,3.0,70.02388183147984,0.4881637181667996,0.0192701549335531,0.2353795162871815,0.9055488266909296,0.6549534271554986,0.7472175405474102,0.8080246636934827,0.7367318771321306
ELM_lp,GHI,1.0,1.0,13500,250.0,4.0,69.14351233677236,0.4820263199726905,0.0150084102138905,0.2311313645312076,0.9079088564164576,0.6431327658016999,0.7378232094791695,0.7984090659445808,0.7264550137418168
ELM_lp,GHI,1.0,1.0,27000,500.0,0.0,67.48090014909332,0.4704356036887788,0.0126616472118878,0.2213239950386429,0.9122844226205552,0.6158433467313569,0.7200816482108082,0.7877207521739066,0.7078819157053572
ELM_lp,GHI,1.0,1.0,27000,500.0,1.0,67.73007908092495,0.4721727269483048,0.0142994766590301,0.2205740868615432,0.9116354322245818,0.6137566956140857,0.7227406106066314,0.7928248831918939,0.709774063137537
ELM_lp,GHI,1.0,1.0,27000,500.0,2.0,67.83683311429398,0.47291695084015,0.0134057641062204,0.2224627137883423,0.91135665776098,0.6190118796582912,0.7238797717638134,0.7925583253482423,0.7118166589234489
ELM_lp,GHI,1.0,1.0,27000,500.0,3.0,67.50811770742222,0.4706253478749871,0.0153182580525216,0.2211666938450463,0.9122136504375284,0.6154056495286995,0.720372083937339,0.788104315962011,0.7079606831426831
ELM_lp,GHI,1.0,1.0,27000,500.0,4.0,67.73505739050483,0.4722074326808512,0.0126973920709747,0.2218537898165848,0.9116224417675416,0.617317523035971,0.7227937336289928,0.7910622574390969,0.7103911713680202
ELM_lp,GHI,1.0,1.0,54000,1000.0,0.0,66.30671762646456,0.4622499205895131,0.0125887306426583,0.2150950238533998,0.9153104059048188,0.5985109718085946,0.7075520689620615,0.77674251327633,0.694268518015662
ELM_lp,GHI,1.0,1.0,54000,1000.0,1.0,66.60223026487282,0.4643100541404897,0.0115280925787641,0.2143900699687496,0.9145538426025104,0.5965494079052391,0.7107054535088293,0.7830348087991251,0.6967632234043979
ELM_lp,GHI,1.0,1.0,54000,1000.0,2.0,66.45468861250772,0.4632814838910375,0.0110841415608382,0.2135682131159708,0.9149319952084746,0.5942625565646917,0.709131051922898,0.7810651583409264,0.6948195889428388
ELM_lp,GHI,1.0,1.0,54000,1000.0,3.0,66.4419168710382,0.463192447113296,0.013247371955973,0.2150120315419564,0.914964690032112,0.598280042203229,0.7089947660015844,0.7781004904687513,0.6951250995578548
ELM_lp,GHI,1.0,1.0,54000,1000.0,4.0,66.42559026320338,0.4630786279793485,0.0146932910926368,0.2151524211157749,0.9150064759301378,0.5986706821108965,0.7088205464720077,0.778897558574128,0.6954629290523441
ELM_m_estimator,GHI,1.0,1.0,270,5.0,0.0,119.5736327314468,0.8335943055738018,-0.0701663580812444,0.454964232013942,0.7245861099759067,1.2659571558773246,1.2759577650798564,1.2399245380433566,1.2606131530001792
ELM_m_estimator,GHI,1.0,1.0,270,5.0,1.0,126.75708186625651,0.8836729237136823,-0.0013365587093955,0.4922577166882164,0.6905008524356657,1.3697278491953706,1.352611601667746,1.310278022823311,1.3442058245621424
ELM_m_estimator,GHI,1.0,1.0,270,5.0,2.0,128.92652126978976,0.8987969296651811,-0.0647749921257249,0.50011153675179,0.679816077122767,1.3915814346221678,1.375761463301752,1.3211368047775292,1.3628265675671496
ELM_m_estimator,GHI,1.0,1.0,270,5.0,3.0,109.88544333520753,0.766054168776556,-0.0032711690960203,0.4225681593840645,0.7674077062889036,1.1758137180370107,1.1725761063703708,1.1310423531616685,1.15981072585635
ELM_m_estimator,GHI,1.0,1.0,270,5.0,4.0,106.17842657786196,0.7402111130041338,-0.0610345291470461,0.4052893806320654,0.7828361347756293,1.1277347877239925,1.1330189171408738,1.098399995177124,1.1197179000139967
ELM_m_estimator,GHI,1.0,1.0,540,10.0,0.0,104.85241624310846,0.730966979168499,0.0005974940262243,0.394409814093656,0.7882263714486412,1.0974619351721002,1.1188691991423847,1.106636653025266,1.1076559291132504
ELM_m_estimator,GHI,1.0,1.0,540,10.0,1.0,106.68690613532436,0.7437559217878001,0.0254892002274437,0.4109136959407822,0.7807511954181835,1.1433846821793483,1.1384448494715045,1.090827377127236,1.124218969592696
ELM_m_estimator,GHI,1.0,1.0,540,10.0,2.0,108.04362551862216,0.7532141403460562,0.0098037451063259,0.4211806364276429,0.7751394388794532,1.1719528769158296,1.1529222605245009,1.1077653324442525,1.1442134899615275
ELM_m_estimator,GHI,1.0,1.0,540,10.0,3.0,99.15270364362254,0.6912320655608338,0.0554879706999296,0.3830517337510635,0.8106243599118871,1.0658575977869715,1.0580481603907124,1.0206490615448935,1.0481849399075258
ELM_m_estimator,GHI,1.0,1.0,540,10.0,4.0,106.4075541349372,0.7418084503306405,0.0038310489574974,0.4094826366576483,0.7818978667042462,1.139402699393694,1.1354639134077391,1.100410294114773,1.125092302305402
ELM_m_estimator,GHI,1.0,1.0,1350,25.0,0.0,93.34340109939905,0.6507331578200595,0.0301737002753079,0.3497753176694935,0.8321651154830532,0.9732645671789658,0.9960576987673888,0.9817249926272956,0.9836824195245502
ELM_m_estimator,GHI,1.0,1.0,1350,25.0,1.0,92.48976419975716,0.6447821229446089,0.0517553065530397,0.3453517484571369,0.8352208202819444,0.9609557993575653,0.9869486284332708,0.981355138383865,0.976419855391567
ELM_m_estimator,GHI,1.0,1.0,1350,25.0,2.0,89.2197346523062,0.621985474991834,0.0312292797324176,0.3322702004338606,0.8466665714387962,0.9245558404932998,0.9520544841491244,0.9489775930735428,0.9418626392386558
ELM_m_estimator,GHI,1.0,1.0,1350,25.0,3.0,92.6619993195315,0.6459828409606466,0.0409957424638955,0.3489161994635323,0.8346065428549756,0.9708740345523312,0.9887865314347551,0.9769775946138322,0.9788793868669728
ELM_m_estimator,GHI,1.0,1.0,1350,25.0,4.0,85.96813815343444,0.5993173309907999,0.0176847647340731,0.3142051302298351,0.8576393263457864,0.874289021066687,0.9173570370040668,0.924644099475764,0.905430052515506
ELM_m_estimator,GHI,1.0,1.0,2700,50.0,0.0,81.8312333650335,0.57047735853586,0.0312877324285172,0.2920002513035834,0.871010848482574,0.8125030093451844,0.873212557426271,0.9017230821728512,0.8624795496481021
ELM_m_estimator,GHI,1.0,1.0,2700,50.0,1.0,80.92511381607105,0.5641604466972724,0.0264575656025702,0.2908823135302299,0.8738516338773548,0.8093923003610128,0.863543450214433,0.8859772804355027,0.8529710103369829
ELM_m_estimator,GHI,1.0,1.0,2700,50.0,2.0,80.64411540997203,0.5622014975054758,0.0291131380122163,0.2847119135586083,0.8747261694947208,0.7922229023093873,0.8605449455270129,0.8983095579678332,0.8503591352680777
ELM_m_estimator,GHI,1.0,1.0,2700,50.0,3.0,82.21885720848414,0.5731796351266432,0.0505474835026823,0.2984826854682098,0.8697859447724705,0.8305406556935261,0.8773488510361821,0.891763087703293,0.8665508648110004
ELM_m_estimator,GHI,1.0,1.0,2700,50.0,4.0,78.34204551093268,0.5461528727791369,0.0373046579702617,0.2824479383318762,0.8817762296197541,0.7859232957967531,0.8359797977069001,0.8571045031729095,0.8263358655588543
ELM_m_estimator,GHI,1.0,1.0,5400,100.0,0.0,73.48352625657844,0.5122822451881326,0.0253487144113247,0.2533427932348727,0.8959852404617893,0.7049370025549798,0.7841350454168501,0.832853369932489,0.7739751393014397
ELM_m_estimator,GHI,1.0,1.0,5400,100.0,1.0,73.13502747220845,0.5098527246030828,0.0317502954250101,0.2534112787470802,0.8969694899347254,0.7051275663798968,0.7804162512322117,0.8234614779299384,0.7696684318473489
ELM_m_estimator,GHI,1.0,1.0,5400,100.0,2.0,74.22712726098145,0.5174661770360631,0.0178124604697076,0.255495895134769,0.8938694786240533,0.7109280993615158,0.7920699341880236,0.8374006044609977,0.7801328793368457
ELM_m_estimator,GHI,1.0,1.0,5400,100.0,3.0,74.63047072769399,0.5202780412352308,0.0220766371822924,0.2582258062069881,0.8927129376445816,0.718524192007055,0.7963739702584336,0.8440116652913693,0.786303275852286
ELM_m_estimator,GHI,1.0,1.0,5400,100.0,4.0,72.66541182146409,0.506578851230447,0.0173189510695387,0.2469765035849009,0.8982884036568248,0.6872225332150635,0.7754050315972268,0.8269847189551779,0.7632040945891561
ELM_m_estimator,GHI,1.0,1.0,13500,250.0,0.0,69.41611267887549,0.4839267229936893,0.0109909406976066,0.2291145893156991,0.9071812808803325,0.6375210037417083,0.740732099301486,0.8052024713909989,0.7278185248113976
ELM_m_estimator,GHI,1.0,1.0,13500,250.0,1.0,69.96493627221211,0.4877527857444753,0.0140780264116076,0.2300271983092624,0.905707776288099,0.6400603767399005,0.7465885386316321,0.811447586006156,0.7326988337925627
ELM_m_estimator,GHI,1.0,1.0,13500,250.0,2.0,71.08257771985501,0.4955442990166431,0.0145937308290516,0.2360240768984153,0.9026712088736076,0.6567469442295247,0.7585147739656197,0.8228814972370849,0.7460477384774098
ELM_m_estimator,GHI,1.0,1.0,13500,250.0,3.0,70.82336526528977,0.4937372281672971,0.0215513536945069,0.2350222950225542,0.9033797604044354,0.6539594439270048,0.7557487448950574,0.8198966907769357,0.7432016265329993
ELM_m_estimator,GHI,1.0,1.0,13500,250.0,4.0,69.7780675874491,0.4864500514547313,0.0168612853176206,0.2291870321861264,0.9062107920519432,0.6377225790827054,0.7445944823842223,0.8100675132639054,0.7307948582436109
ELM_m_estimator,GHI,1.0,1.0,27000,500.0,0.0,68.0998148045253,0.474750298497483,0.0182639089759595,0.2210343547741206,0.910668041837831,0.6150374104847224,0.7266860219550917,0.7946468307342575,0.712123421058024
ELM_m_estimator,GHI,1.0,1.0,27000,500.0,1.0,68.22198357225811,0.4756019844986081,0.0122169773196401,0.2187378464217831,0.9103472373078368,0.608647279178566,0.7279896721351362,0.8023918425544598,0.713009597956054
ELM_m_estimator,GHI,1.0,1.0,27000,500.0,2.0,68.59349970309952,0.4781919679592073,0.0147431383584488,0.2215018206233098,0.909368135356532,0.6163381539174307,0.7319540820235954,0.8044590307788168,0.717583755573281
ELM_m_estimator,GHI,1.0,1.0,27000,500.0,3.0,68.10861980942637,0.474811681611623,0.0150076619175845,0.2201401281770054,0.9106449398901502,0.6125491872796088,0.7267799792441567,0.7991828754239845,0.7128373473159167
ELM_m_estimator,GHI,1.0,1.0,27000,500.0,4.0,68.4281994554472,0.4770395956342618,0.0124047505456572,0.2207571778365019,0.9098044279546958,0.614266153970624,0.7301901803193181,0.801915197571755,0.7154571772872323
ELM_m_estimator,GHI,1.0,1.0,54000,1000.0,0.0,66.68919912205254,0.4649163478730729,0.0125810673041136,0.2125688275171981,0.914330546583387,0.5914817240041923,0.7116334891142024,0.7851097152526861,0.6960749761236936
ELM_m_estimator,GHI,1.0,1.0,54000,1000.0,1.0,66.98911199172399,0.4670071571477891,0.0113522603989123,0.2122198873220415,0.9135582732400062,0.5905107832006125,0.7148338280698996,0.7915844363208967,0.6989763491971362
ELM_m_estimator,GHI,1.0,1.0,54000,1000.0,2.0,67.01654427429442,0.4671983982602086,0.0120640853468242,0.2122931568270011,0.9134874623475931,0.5907146586870448,0.715126555096419,0.7908951314015645,0.6989121150616762
ELM_m_estimator,GHI,1.0,1.0,54000,1000.0,3.0,66.84483449652897,0.4660013426076628,0.0130693727248892,0.2132452467814777,0.9139302192212404,0.5933638891234093,0.7132942579647259,0.7867215663382964,0.6977932378088104
ELM_m_estimator,GHI,1.0,1.0,54000,1000.0,4.0,66.75491022478201,0.465374445530533,0.0147904456993893,0.2130781894623045,0.914161637441772,0.5928990450900381,0.7123346854387127,0.785526400434129,0.6969200436542932
ELM_mae,GHI,1.0,1.0,270,5.0,0.0,118.97487025439231,0.8294200994393702,-0.0531296137945429,0.4542732216150526,0.7273374626579991,1.2640343903109257,1.2695684331294592,1.2294536163002805,1.2543521465802216
ELM_mae,GHI,1.0,1.0,270,5.0,1.0,126.12653357593642,0.8792771263109168,0.0320028186835993,0.4958303403720797,0.6935723773084552,1.379668825209733,1.345883086618791,1.292522925314228,1.339358279047584
ELM_mae,GHI,1.0,1.0,270,5.0,2.0,128.5281348743112,0.8960196231377894,-0.0476735114800903,0.5000380232961232,0.6817917736749901,1.3913768803326083,1.3715103236215294,1.3133783749932946,1.3587551929824777
ELM_mae,GHI,1.0,1.0,270,5.0,3.0,109.2599969813911,0.761693938957711,-0.0065351130182429,0.4195204360470808,0.7700479103579007,1.1673332993664929,1.1659020335537884,1.125229949475271,1.1528217607985176
ELM_mae,GHI,1.0,1.0,270,5.0,4.0,106.13239291551764,0.7398901944377377,-0.0590320366256115,0.4054057702180908,0.783024396766323,1.1280586466538387,1.1325276967306417,1.0974221451029835,1.1193361628291545
ELM_mae,GHI,1.0,1.0,540,10.0,0.0,104.59295284543416,0.7291581588971278,-0.0021908146273223,0.3944811741814337,0.7892731669688705,1.097660497624727,1.1161004922840752,1.1019279737857457,1.1052296545648492
ELM_mae,GHI,1.0,1.0,540,10.0,1.0,106.51021303758776,0.7425241254733214,0.0313029597448944,0.4107257970488374,0.7814768265530674,1.142861845591105,1.136559375852087,1.0884667156148709,1.1226293123526876
ELM_mae,GHI,1.0,1.0,540,10.0,2.0,108.12682955706308,0.7537941880627702,0.0068705869592105,0.4210823785617798,0.7747929767782588,1.1716794702617286,1.153810122141728,1.10809524568492,1.1445282793627922
ELM_mae,GHI,1.0,1.0,540,10.0,3.0,98.98475488012102,0.6900612294016828,0.0598705644620764,0.3830280040254649,0.8112653604453555,1.0657915688251,1.0562559966500102,1.0179175528088793,1.0466550394279963
ELM_mae,GHI,1.0,1.0,540,10.0,4.0,106.33138257800532,0.7412774287780236,0.0057191964217484,0.4099350746095593,0.7822100105731451,1.1406616270686825,1.134651094667309,1.098781138966682,1.124697953567558
ELM_mae,GHI,1.0,1.0,1350,25.0,0.0,92.88707100684302,0.6475519032413765,0.0329053964477628,0.3490211567326929,0.8338021010318439,0.97116608257854,0.9911882479383404,0.9763271335861224,0.9795604880343344
ELM_mae,GHI,1.0,1.0,1350,25.0,1.0,91.9150182000112,0.6407753450154345,0.0506899672917992,0.3443910053175451,0.8372623848948492,0.958282491068818,0.980815573807662,0.972842768998988,0.970646944625156
ELM_mae,GHI,1.0,1.0,1350,25.0,2.0,88.66789492490021,0.6181383855972333,0.0291090768000414,0.331051674597099,0.8485574938217031,0.9211652409821222,0.9461658599668632,0.9415316113329943,0.9362875707606598
ELM_mae,GHI,1.0,1.0,1350,25.0,3.0,92.23074847246647,0.642976423557617,0.0394678921654947,0.348231985086757,0.8361424495377987,0.96897017920397,0.9841846986189392,0.9709123715599338,0.9746890831276144
ELM_mae,GHI,1.0,1.0,1350,25.0,4.0,85.10889234632022,0.5933271942396044,0.0167682088897518,0.3119388204924517,0.8604708755773094,0.8679829186797482,0.9081881146032392,0.9147852331284974,0.8969854221371616
ELM_mae,GHI,1.0,1.0,2700,50.0,0.0,81.15015369847366,0.5657292872536109,0.0294551208864494,0.2902847797849082,0.8731490612402475,0.8077296375239372,0.8659448273311522,0.8935831544767489,0.8557525397772795
ELM_mae,GHI,1.0,1.0,2700,50.0,1.0,80.4132588839347,0.5605921068637991,0.0200527098963573,0.2905673344099802,0.8754423751776523,0.8085158576800862,0.8580814996126593,0.8771273278910146,0.8479082283945867
ELM_mae,GHI,1.0,1.0,2700,50.0,2.0,79.85144389760008,0.5566754760590265,0.0252526066765871,0.2830696099816487,0.8771767629153104,0.7876531233705646,0.8520864304826457,0.8880790044815411,0.8426061861115838
ELM_mae,GHI,1.0,1.0,2700,50.0,3.0,81.45627556594864,0.5678633818671942,0.0460207852855968,0.2970542135195985,0.8721902192178317,0.8265658722752571,0.8692114218549023,0.8819388475886666,0.8592387139062754
ELM_mae,GHI,1.0,1.0,2700,50.0,4.0,77.75211886689775,0.5420402646736506,0.0340125045998809,0.2813949058228168,0.8835500092809061,0.7829931884467444,0.829684752009205,0.8502926031265885,0.8209901811941792
ELM_mae,GHI,1.0,1.0,5400,100.0,0.0,72.54970454959313,0.5057722108303703,0.0194609141167329,0.2514510016252294,0.8986120624968541,0.6996730126473438,0.7741703313656838,0.8214512006141368,0.7650981815423882
ELM_mae,GHI,1.0,1.0,5400,100.0,1.0,72.56241933611577,0.5058608505530227,0.0275957335210673,0.2519946550881096,0.8985765216506716,0.701185751327051,0.7743060095266989,0.8177051897663878,0.7643989835400459
ELM_mae,GHI,1.0,1.0,5400,100.0,2.0,73.51592823224645,0.5125081319642486,0.0161853055179651,0.2547652658906701,0.8958934912785566,0.708895092688077,0.7844808035201468,0.8284505468837075,0.7739421476973104
ELM_mae,GHI,1.0,1.0,5400,100.0,3.0,74.09485340632396,0.5165440445433052,0.0202979397190783,0.2573649897615513,0.8942473939618072,0.7161289339574853,0.7906584536792202,0.8376357463923974,0.781474378009701
ELM_mae,GHI,1.0,1.0,5400,100.0,4.0,72.16636102251861,0.5030997739900045,0.013523086072997,0.2470701063718448,0.8996806740699138,0.6874829869158238,0.7700797125654474,0.8188153383341544,0.7587926792718086
ELM_mae,GHI,1.0,1.0,13500,250.0,0.0,69.00552952531343,0.4810643881213972,0.0102718653421586,0.2293899859474229,0.9082760438916644,0.6382873064796005,0.7363508092876994,0.7985742321422722,0.7244041159698572
ELM_mae,GHI,1.0,1.0,13500,250.0,1.0,69.9727320466104,0.4878071331202095,0.0149491383504541,0.2335794659790356,0.9056867622803524,0.6499447112868925,0.7466717265272499,0.8070848675354195,0.7345671017831873
ELM_mae,GHI,1.0,1.0,13500,250.0,2.0,70.70737250633529,0.4929285975257124,0.0129451826510255,0.2364550583180119,0.9036959857247776,0.6579461681987877,0.7545109982606183,0.816873894584905,0.7431103536814371
ELM_mae,GHI,1.0,1.0,13500,250.0,3.0,70.36793877073298,0.4905622729217488,0.0201364254968217,0.2350164721024742,0.9046183893753048,0.6539432414064006,0.7508889362660267,0.813580843040585,0.7394710069043374
ELM_mae,GHI,1.0,1.0,13500,250.0,4.0,69.42929132842222,0.4840185964859163,0.015932388526319,0.2299221352361279,0.9071460342657318,0.639768034309674,0.7408727272964569,0.8039929718078447,0.7282112444713252
ELM_mae,GHI,1.0,1.0,27000,500.0,0.0,67.6726626948984,0.4717724549874634,0.0121755905885,0.2204053813077288,0.9117851861805504,0.6132872652983394,0.7221279263390393,0.7916055796122793,0.7090069237498859
ELM_mae,GHI,1.0,1.0,27000,500.0,1.0,67.91325366867511,0.4734497082508408,0.0129499145887545,0.2197386263574742,0.9111568256427632,0.6114319915403233,0.7246952475300578,0.7964566612778525,0.7108613001160778
ELM_mae,GHI,1.0,1.0,27000,500.0,2.0,68.073853832295,0.4745693144617555,0.0136817775425528,0.2218117660065436,0.9107361390107916,0.6172005900128994,0.7264089951277755,0.7966030554182232,0.7134042135196327
ELM_mae,GHI,1.0,1.0,27000,500.0,3.0,67.69516986323184,0.4719293612127637,0.0149573163824162,0.2204583093268056,0.9117264979080084,0.6134345397427502,0.7223680979851538,0.7919943045236629,0.709265647417189
ELM_mae,GHI,1.0,1.0,27000,500.0,4.0,67.96285273415937,0.4737954826293973,0.0124750555639848,0.2213279007157607,0.9110270086395256,0.6158542144425919,0.7252245139853765,0.7947241625067402,0.7119342969782362
ELM_mae,GHI,1.0,1.0,54000,1000.0,0.0,66.78872760276408,0.4656101996267441,0.0141579151021881,0.2157292421141198,0.9140746456799884,0.600275710856305,0.7126955471524968,0.7839972726383898,0.6989895102157306
ELM_mae,GHI,1.0,1.0,54000,1000.0,1.0,66.76226362666358,0.4654257089553788,0.0114883363114077,0.2133770794501719,0.914142725312617,0.5937307190818285,0.7124131528233377,0.7868430552816724,0.6976623090622796
ELM_mae,GHI,1.0,1.0,54000,1000.0,2.0,66.6630063824936,0.4647337480971445,0.0109243870348152,0.2129182034666193,0.9143978281537862,0.5924538773123839,0.7113539891218923,0.7848857132903035,0.6962311932415265
ELM_mae,GHI,1.0,1.0,54000,1000.0,3.0,66.56218589843553,0.4640308892855806,0.0131264326480827,0.2139918073579753,0.9146565601421468,0.5954412254008776,0.7102781442506243,0.7811786566446383,0.6956326754320467
ELM_mae,GHI,1.0,1.0,54000,1000.0,4.0,66.50592760173406,0.4636386908158983,0.0141509121366027,0.2140390675971934,0.9148007635657291,0.5955727290088905,0.7096778178334481,0.7812147068830523,0.6954884179084636
ELM_ols,GHI,1.0,1.0,270,5.0,0.0,117.82154418720653,0.8213798148037502,-0.0230138235596886,0.4523488215224142,0.732598146740884,1.2586796659246535,1.257261410941718,1.2133065460936183,1.2430825409866637
ELM_ols,GHI,1.0,1.0,270,5.0,1.0,125.34095533657649,0.8738005548297786,0.0765039277697397,0.498820566579277,0.697377654360816,1.387989255692667,1.3375002631510091,1.2704462906428289,1.3319786031621683
ELM_ols,GHI,1.0,1.0,270,5.0,2.0,127.25773926153236,0.8871632011620783,-0.0103358900567905,0.4995982981068859,0.6880511423791713,1.3901533264557018,1.357954064521422,1.2913450727006155,1.3464841545592463
ELM_ols,GHI,1.0,1.0,270,5.0,3.0,126.18641976922508,0.8796946162588891,-0.0125382504319679,0.489475687446635,0.6932813181650246,1.3619867355463924,1.3465221259421118,1.2978408940318882,1.3354499185067974
ELM_ols,GHI,1.0,1.0,270,5.0,4.0,105.29375145647374,0.7340436986116287,-0.0319322362417587,0.4047854359665554,0.7864398631125459,1.126332540447004,1.1235786411793374,1.0842717175530303,1.1113942997264574
ELM_ols,GHI,1.0,1.0,540,10.0,0.0,103.92864515838404,0.7245270116080127,-0.0003390103394798,0.3936679843095402,0.7919414710135622,1.0953977625238742,1.1090117342332302,1.0927963285191715,1.0990686084254253
ELM_ols,GHI,1.0,1.0,540,10.0,1.0,105.62216761988826,0.7363332154342512,0.0454707660542202,0.4077909369303825,0.7851055772784554,1.1346954735842103,1.127083135810086,1.0799361302627175,1.1139049132190049
ELM_ols,GHI,1.0,1.0,540,10.0,2.0,102.5880157273004,0.7151809623653181,0.0333218617215284,0.3899687959761493,0.7972745600689533,1.0851046150365118,1.094706017382362,1.06520764836582,1.0816727602615643
ELM_ols,GHI,1.0,1.0,540,10.0,3.0,98.14466000602508,0.6842046012538959,0.078021063569525,0.3820057787614311,0.8144553903902971,1.062947183933141,1.047291431858256,1.0058767624200051,1.0387051260704674
ELM_ols,GHI,1.0,1.0,540,10.0,4.0,99.12526000908768,0.6910407453094546,-0.0121673308072659,0.3835603332323402,0.8107291767535287,1.0672727972850675,1.0577553122285643,1.0172515116833245,1.0474265403989855
ELM_ols,GHI,1.0,1.0,1350,25.0,0.0,92.20338845092988,0.6427856862049726,0.03785012304296,0.3479683284409947,0.8362396509858354,0.9682365434719477,0.9838927426823764,0.9686035172745928,0.9735776011429724
ELM_ols,GHI,1.0,1.0,1350,25.0,1.0,91.16881892725854,0.6355732996281631,0.0513432564292236,0.3432566196763778,0.8398939845420219,0.9551260151990484,0.972852959185891,0.9618954874332626,0.963291487272734
ELM_ols,GHI,1.0,1.0,1350,25.0,2.0,87.90057185546455,0.612789078006541,0.0261912511273036,0.3292260743590962,0.8511672888135012,0.91608543135656,0.9379778355135938,0.9316907283242396,0.928584665064798
ELM_ols,GHI,1.0,1.0,1350,25.0,3.0,91.46081254722122,0.6376089007327264,0.0392343567250231,0.3468502833801367,0.8388667736941025,0.965125535955772,0.9759687926538088,0.9606500505039982,0.9672481263711932
ELM_ols,GHI,1.0,1.0,1350,25.0,4.0,83.92003679623657,0.5850392197584302,0.0171762927660525,0.3093758521565968,0.864341714699687,0.8608513512360837,0.8955019610087055,0.9009485424927955,0.8857672849125283
ELM_ols,GHI,1.0,1.0,2700,50.0,0.0,80.43788071736856,0.5607637552420779,0.0276229146735085,0.289132963787929,0.8753660865990485,0.8045246609542955,0.8583442366295315,0.8834620729481293,0.8487769901773188
ELM_ols,GHI,1.0,1.0,2700,50.0,1.0,79.55691370050786,0.5546221914886144,0.024540657612358,0.2887418420804455,0.8780811532396173,0.8034363483143856,0.8489435294647067,0.8674197455224182,0.8399332077671703
ELM_ols,GHI,1.0,1.0,2700,50.0,2.0,77.61410503306877,0.5410781165533487,0.0220712337366954,0.2808283657257589,0.8839630512883798,0.7814167667425874,0.8282120207812592,0.8512956883016002,0.8203081586084823
ELM_ols,GHI,1.0,1.0,2700,50.0,3.0,80.68378169192417,0.5624780265863715,0.0409069152793832,0.2961707368140961,0.8746029027407939,0.8241075610967481,0.8609682202851057,0.8709727760705701,0.8520161858174746
ELM_ols,GHI,1.0,1.0,2700,50.0,4.0,77.20063502136806,0.5381956562700407,0.0305860772985657,0.280861317038769,0.8851960746820999,0.7815084551601935,0.8237999254053324,0.8431428809366355,0.8161504205007205
ELM_ols,GHI,1.0,1.0,5400,100.0,0.0,71.86156758450089,0.5009749403749008,0.0134041490441187,0.2509286818668088,0.9005262786364052,0.6982196358996781,0.7668272935738997,0.810890234363728,0.7586457212791019
ELM_ols,GHI,1.0,1.0,5400,100.0,1.0,72.11379712930186,0.5027333306440648,0.0230451944543485,0.2520968490384559,0.8998267602476601,0.7014701103021633,0.7695188087425838,0.8105361117102372,0.7605083435849949
ELM_ols,GHI,1.0,1.0,5400,100.0,2.0,72.98301598456601,0.5087929933932338,0.0136782296772557,0.2554541941403145,0.8973973435929544,0.7108120645864231,0.7787941525001749,0.8193862853091609,0.7696641674652529
ELM_ols,GHI,1.0,1.0,5400,100.0,3.0,73.69335625960146,0.5137450517589705,0.0180320502294108,0.2575870573560756,0.8953903703096968,0.7167468464011342,0.7863741194968795,0.8307175611737214,0.7779461756905782
ELM_ols,GHI,1.0,1.0,5400,100.0,4.0,71.57209389575551,0.4989569066910573,0.0116325282086782,0.2469582130405871,0.9013260671680936,0.6871716390044208,0.7637383500292094,0.8110757208751705,0.7539952366362669
ELM_ols,GHI,1.0,1.0,13500,250.0,0.0,68.40475309320973,0.4768761419229284,0.0090264212789918,0.2305683495453404,0.9098662269138662,0.641566152868042,0.7299399866329981,0.7878213089599634,0.7197758161536679
ELM_ols,GHI,1.0,1.0,13500,250.0,1.0,69.0607256015061,0.4814491814387297,0.0123903269858253,0.2329718693806603,0.9081292490675492,0.6482540481369673,0.7369398008606003,0.7947676342817224,0.7266538277597633
ELM_ols,GHI,1.0,1.0,13500,250.0,2.0,69.85222614357701,0.4869670395957259,0.0107899664083598,0.2368251339550125,0.9060113320085336,0.6589759192603225,0.7453858206030003,0.8037351064567606,0.7360322821066946
ELM_ols,GHI,1.0,1.0,13500,250.0,3.0,69.56007887581086,0.4849303673525587,0.0174842694746608,0.2354049355942794,0.9067958771350524,0.655024157449121,0.7422683475753948,0.800983324992597,0.7327586100057042
ELM_ols,GHI,1.0,1.0,13500,250.0,4.0,68.61153618117045,0.4783177072636767,0.0139937632855871,0.2306968505961444,0.9093204662752464,0.6419237124592277,0.7321465474001468,0.7912640208500571,0.7217780935698106
ELM_ols,GHI,1.0,1.0,27000,500.0,0.0,67.54676271978596,0.4708947572883282,0.0105539230310238,0.2240998410015669,0.9121131151034432,0.6235672551467971,0.7207844608341576,0.784217607280615,0.7095231077538565
ELM_ols,GHI,1.0,1.0,27000,500.0,1.0,67.78477322722175,0.4725540211170922,0.0130091646085814,0.22372436686553,0.9114926603255424,0.6225224825341049,0.7233242461379575,0.7896310598092616,0.7118259294937747
ELM_ols,GHI,1.0,1.0,27000,500.0,2.0,67.16865467672848,0.468258819043546,0.012162078562573,0.2223682613940817,0.9130942940229632,0.6187490618893543,0.7167497093378818,0.7798432659576078,0.7051140123949479
ELM_ols,GHI,1.0,1.0,27000,500.0,3.0,67.55219800745017,0.470932648792856,0.0150857882644873,0.2237691794522295,0.9120989705404396,0.622647175445797,0.7208424602220007,0.784302427151082,0.7092640209396266
ELM_ols,GHI,1.0,1.0,27000,500.0,4.0,67.63372672156844,0.4715010171720485,0.012852412715797,0.2241477476124879,0.9118866670859184,0.6237005573113229,0.721712444628093,0.7867323674629775,0.7107151231341312
ELM_ols,GHI,1.0,1.0,54000,1000.0,0.0,67.07510910899694,0.4676066765034944,0.009485967703385,0.2220078271947343,0.9133361920505382,0.6177461385345516,0.7157514943400659,0.7766844997092212,0.7033940441946128
ELM_ols,GHI,1.0,1.0,54000,1000.0,1.0,68.11273391450923,0.4748403626384619,0.011164139643321,0.2222606098330296,0.9106341445690604,0.6184495168823723,0.7268238804304543,0.7948279512258979,0.7133671161795748
ELM_ols,GHI,1.0,1.0,54000,1000.0,2.0,67.59620553832542,0.4712394424086555,0.0111828073525849,0.2212155036758136,0.9119844052885282,0.6155414649405253,0.7213120599946226,0.786038996299436,0.7076308404115279
ELM_ols,GHI,1.0,1.0,54000,1000.0,3.0,67.67360918848067,0.4717790533623928,0.0132060317126645,0.2230275788995276,0.9117827185566764,0.6205836406436441,0.72213802627335,0.7846279938897778,0.7091165536022572
ELM_ols,GHI,1.0,1.0,54000,1000.0,4.0,67.53639058239654,0.4708224490840281,0.0137952340818763,0.2234832036332908,0.9121401039573802,0.621851435673484,0.7206737808377387,0.7842368609072176,0.7089206924728134
ELM_ridge,GHI,1.0,1.0,270,5.0,0.0,117.82866400349008,0.8214294498125322,-0.0231248977375237,0.4523782880861146,0.7325658282102453,1.258761657880396,1.2573373857587862,1.2133838598030324,1.2431609678140714
ELM_ridge,GHI,1.0,1.0,270,5.0,1.0,125.34266490147554,0.8738124728716772,0.0764060927412016,0.498825117589175,0.69736939918091,1.388001919069569,1.3375185057397645,1.270481099302006,1.3320005080371131
ELM_ridge,GHI,1.0,1.0,270,5.0,2.0,127.2604736604779,0.8871822637207553,-0.0104211524786353,0.499606245644732,0.6880377364865873,1.3901754408148097,1.3579832430074117,1.2913884344693782,1.3465157060971995
ELM_ridge,GHI,1.0,1.0,270,5.0,3.0,126.19281169571646,0.8797391768647949,-0.012748473284828,0.4895206928706046,0.6932502439349102,1.3621119650359184,1.3465903335231162,1.2978983073097266,1.335533535289587
ELM_ridge,GHI,1.0,1.0,270,5.0,4.0,105.29932547173642,0.7340825572402077,-0.0321175791042939,0.4047925035741073,0.7864172517238497,1.1263522063629718,1.1236381209149164,1.0843542354606353,1.111448187579508
ELM_ridge,GHI,1.0,1.0,540,10.0,0.0,103.92855668343478,0.7245263948147264,-0.0005169456749949,0.3937134729477938,0.7919418252558393,1.0955243365775165,1.1090107901262731,1.0927121979083694,1.0990824415373863
ELM_ridge,GHI,1.0,1.0,540,10.0,1.0,105.62986988953855,0.7363869109520157,0.0453660231739244,0.4078505640017865,0.7850742347075258,1.1348613884241394,1.1271653259262897,1.0799615833156613,1.11399609922203
ELM_ridge,GHI,1.0,1.0,540,10.0,2.0,102.59774729843556,0.7152488049330921,0.0325462331653796,0.3900115172602957,0.7972360968898391,1.0852234888106853,1.0948098619630835,1.065272700559978,1.0817686837779157
ELM_ridge,GHI,1.0,1.0,540,10.0,3.0,98.1453723453172,0.6842095672481875,0.0779011977526257,0.3819975803834827,0.8144526969947418,1.0629243716008738,1.0472990331565557,1.0058953178536154,1.0387062408703482
ELM_ridge,GHI,1.0,1.0,540,10.0,4.0,104.7616974745864,0.7303345433453063,0.0387145836704526,0.4068812594868359,0.7885926678563072,1.1321642577475275,1.117901148624139,1.0774989527858134,1.1091881197191598
ELM_ridge,GHI,1.0,1.0,1350,25.0,0.0,92.2124901511782,0.6428491376977868,0.0378878026977659,0.3480333040890933,0.8362073187429473,0.9684173409520136,0.9839898659765506,0.9686267376683584,0.9736779815323074
ELM_ridge,GHI,1.0,1.0,1350,25.0,1.0,91.17513588154227,0.6356173375736467,0.0513054117782125,0.3433020828449945,0.8398717967495133,0.9552525183823524,0.972920366746286,0.9618925791666492,0.9633551547650958
ELM_ridge,GHI,1.0,1.0,1350,25.0,2.0,87.91111419183359,0.6128625727341321,0.0262257323614678,0.3293103062978404,0.8511315862335878,0.9163198102771504,0.9380903316855748,0.9316909979377626,0.9287003799668292
ELM_ridge,GHI,1.0,1.0,1350,25.0,3.0,91.48225744208663,0.6377584014364776,0.0391963172071954,0.3470017617382515,0.8387912027450484,0.9655470308732232,0.976197628890526,0.9607698991936204,0.9675048529857898
ELM_ridge,GHI,1.0,1.0,1350,25.0,4.0,83.93477652469652,0.5851419761389903,0.0171821380999186,0.3094348328899952,0.8642940564295747,0.8610154676132636,0.8956592471139614,0.9010563808989992,0.8859103652087414
ELM_ridge,GHI,1.0,1.0,2700,50.0,0.0,80.43713810832925,0.5607585782256045,0.0276604798485997,0.2891724411891938,0.8753683878492216,0.804634508487596,0.8583363123259165,0.883323951454494,0.8487649240893355
ELM_ridge,GHI,1.0,1.0,2700,50.0,1.0,79.56444255954217,0.5546746780935213,0.0246027438149928,0.2888148021621786,0.8780580765967128,0.8036393628176457,0.8490238691343109,0.8673859021155278,0.8400163780224948
ELM_ridge,GHI,1.0,1.0,2700,50.0,2.0,77.61783224366532,0.5411041003882292,0.0221593031834214,0.2808876662467165,0.8839519062902037,0.7815817729421326,0.8282517934568409,0.8511862985255126,0.8203399549748287
ELM_ridge,GHI,1.0,1.0,2700,50.0,3.0,80.6885428308635,0.5625112183379074,0.0409155073024056,0.2962262692152357,0.874588102972971,0.8242620823440437,0.8610190259022095,0.8709312722567688,0.8520707935010073
ELM_ridge,GHI,1.0,1.0,2700,50.0,4.0,77.20628083126392,0.5382350154069344,0.0306810599180635,0.280928678250449,0.8851792824669061,0.7816958905714946,0.823860171253955,0.8430920757093897,0.8162160458449464
ELM_ridge,GHI,1.0,1.0,5400,100.0,0.0,71.87201750223271,0.5010477908162227,0.0134555814383654,0.2510070142107111,0.9004973461257527,0.698437598948907,0.7669388035562409,0.8108987453128818,0.7587583826060099
ELM_ridge,GHI,1.0,1.0,5400,100.0,1.0,72.12225076485511,0.5027922642258053,0.023139509013859,0.2522008122525083,0.8998032729891869,0.7017593923281262,0.7696090166059809,0.8104595397276733,0.7606093162205934
ELM_ridge,GHI,1.0,1.0,5400,100.0,2.0,72.98304252561233,0.5087931784211918,0.013690053192462,0.2555019397046638,0.8973972689678567,0.7109449186320739,0.7787944357169124,0.8192868228433586,0.7696753923974483
ELM_ridge,GHI,1.0,1.0,5400,100.0,3.0,73.69931997994165,0.5137866271732324,0.018076830080842,0.2576950219723398,0.8953734383133424,0.7170472624974416,0.7864377577347,0.8305908163395826,0.7780252788572414
ELM_ridge,GHI,1.0,1.0,5400,100.0,4.0,71.57157825970145,0.4989533119915521,0.0116360403633917,0.2469967364506202,0.9013274889416178,0.687278832016901,0.7637328477306499,0.8109718744944855,0.7539945180806789
ELM_ridge,GHI,1.0,1.0,13500,250.0,0.0,68.40347049821597,0.4768672004543225,0.0090575537429764,0.2305836606997668,0.9098696069141468,0.6416087568007182,0.7299263001955756,0.7877967922268476,0.7197772830743805
ELM_ridge,GHI,1.0,1.0,13500,250.0,1.0,68.69393434866166,0.4788921369405324,0.0142978056928179,0.2319603242463333,0.9091025345855364,0.6454393811561684,0.7330258096525105,0.7892736594304703,0.722579616746383
ELM_ridge,GHI,1.0,1.0,13500,250.0,2.0,69.847151945457,0.4869316653868675,0.0108004691282392,0.2368404019054011,0.9060249865425882,0.6590184029759424,0.745331674364027,0.8036458222417365,0.735998633193902
ELM_ridge,GHI,1.0,1.0,13500,250.0,3.0,68.53693481624424,0.4777976321303052,0.0148701975943496,0.2295491525408523,0.909517550895946,0.6387301942359338,0.7313504840148607,0.7911120554121491,0.7203975778876478
ELM_ridge,GHI,1.0,1.0,13500,250.0,4.0,68.6113100132844,0.4783161305593681,0.0139980676197005,0.2307448973818771,0.9093210640978808,0.6420574046660766,0.7321441339862208,0.7911999629132146,0.7218005005218373
ELM_ridge,GHI,1.0,1.0,27000,500.0,0.0,67.23222457288972,0.4687019895171314,0.0105650308617037,0.2230940316790327,0.9129297172266368,0.620768548304121,0.7174280570703992,0.7809204281348181,0.7063723445031128
ELM_ridge,GHI,1.0,1.0,27000,500.0,1.0,67.44607882984177,0.4701928507274646,0.0128917947764702,0.2225367836620015,0.9123749247941162,0.6192179822043722,0.7197100735444341,0.7861710899334204,0.7083663818940756
ELM_ridge,GHI,1.0,1.0,27000,500.0,2.0,67.46184335838596,0.4703027513880393,0.0120614166095855,0.2236299413139543,0.9123339578628888,0.6222597394560702,0.7198782951845173,0.7852874746425751,0.709141836427721
ELM_ridge,GHI,1.0,1.0,27000,500.0,3.0,67.39706826640307,0.4698511790255835,0.0141868499207948,0.2248283880391696,0.9125022263077114,0.6255944679928789,0.7191870869330714,0.7810180096601831,0.7085998548620444
ELM_ridge,GHI,1.0,1.0,27000,500.0,4.0,67.39548090308428,0.4698401128984349,0.0127274708790321,0.2234855944981992,0.9125063478258842,0.6218580883558853,0.7191701483446356,0.7840529448916488,0.7083603938640565
ELM_ridge,GHI,1.0,1.0,54000,1000.0,0.0,66.11137780122326,0.4608881306843871,0.0114199022870434,0.2181801708445195,0.9158086625781784,0.6070955233744455,0.7054676180580249,0.7693378083644979,0.6939669832656561
ELM_ridge,GHI,1.0,1.0,54000,1000.0,1.0,66.21206753149119,0.4615900779604192,0.0098808274222528,0.2179815357318228,0.9155520151186052,0.6065428127993442,0.7065420676692341,0.7715364969616635,0.6948737924767473
ELM_ridge,GHI,1.0,1.0,54000,1000.0,2.0,66.40970632770447,0.4629678948864457,0.0123708492415324,0.2183278491047943,0.9150471190087012,0.607506444359453,0.7086510506527631,0.7755720754273421,0.6972431901465194
ELM_ridge,GHI,1.0,1.0,54000,1000.0,3.0,66.33143392402386,0.462422227513955,0.0125354811298669,0.2178931002452262,0.915247256848048,0.6062967373296423,0.7078158139957649,0.7727781944650899,0.6956302485968324
ELM_ridge,GHI,1.0,1.0,54000,1000.0,4.0,66.5047814104256,0.463630700270441,0.0124027768376934,0.2174293492722264,0.9148037002598344,0.6050063306965419,0.7096655869455266,0.777341484024184,0.6973378005554175
ELM_robust_risk,GHI,1.0,1.0,270,5.0,0.0,117.82154418720653,0.8213798148037502,-0.0230138235596891,0.452348821522414,0.732598146740884,1.258679665924653,1.257261410941718,1.2133065460936183,1.243082540986663
ELM_robust_risk,GHI,1.0,1.0,270,5.0,1.0,125.34095533657651,0.8738005548297788,0.0765039277697397,0.498820566579277,0.6973776543608159,1.387989255692667,1.3375002631510098,1.2704462906428289,1.3319786031621683
ELM_robust_risk,GHI,1.0,1.0,270,5.0,2.0,127.25773926153232,0.887163201162078,-0.0103358900567917,0.4995982981068859,0.6880511423791713,1.3901533264557018,1.3579540645214216,1.2913450727006155,1.3464841545592463
ELM_robust_risk,GHI,1.0,1.0,270,5.0,3.0,126.18641976922504,0.879694616258889,-0.0125382504319668,0.489475687446635,0.6932813181650247,1.3619867355463924,1.3465221259421118,1.2978408940318875,1.3354499185067974
ELM_robust_risk,GHI,1.0,1.0,270,5.0,4.0,105.29375145647374,0.7340436986116287,-0.0319322362417586,0.4047854359665555,0.7864398631125459,1.126332540447004,1.1235786411793374,1.0842717175530303,1.1113942997264574
ELM_robust_risk,GHI,1.0,1.0,540,10.0,0.0,103.928645158384,0.7245270116080126,-0.0003390103394802,0.3936679843095401,0.7919414710135624,1.095397762523874,1.10901173423323,1.0927963285191709,1.0990686084254249
ELM_robust_risk,GHI,1.0,1.0,540,10.0,1.0,105.6221676198883,0.7363332154342516,0.0454707660542211,0.4077909369303828,0.7851055772784552,1.1346954735842114,1.1270831358100866,1.079936130262718,1.1139049132190053
ELM_robust_risk,GHI,1.0,1.0,540,10.0,2.0,102.59774729843556,0.7152488049330921,0.0325462331653796,0.3900115172602957,0.7972360968898391,1.0852234888106853,1.0948098619630835,1.065272700559978,1.0817686837779157
ELM_robust_risk,GHI,1.0,1.0,540,10.0,3.0,98.14466000602502,0.6842046012538955,0.078021063569524,0.3820057787614308,0.8144553903902974,1.0629471839331404,1.0472914318582554,1.005876762420005,1.038705126070467
ELM_robust_risk,GHI,1.0,1.0,540,10.0,4.0,104.7616974745864,0.7303345433453063,0.0387145836704526,0.4068812594868359,0.7885926678563072,1.1321642577475275,1.117901148624139,1.0774989527858134,1.1091881197191598
ELM_robust_risk,GHI,1.0,1.0,1350,25.0,0.0,92.20347883619492,0.6427863163158132,0.0378505011656934,0.3479689783937653,0.8362393299232357,0.9682383519929324,0.9838937071741136,0.9686037390265256,0.9735785993978572
ELM_robust_risk,GHI,1.0,1.0,1350,25.0,1.0,91.16881892725849,0.6355732996281626,0.0513432564292211,0.3432566196763769,0.8398939845420221,0.9551260151990458,0.9728529591858902,0.9618954874332633,0.9632914872727332
ELM_robust_risk,GHI,1.0,1.0,1350,25.0,2.0,87.90057185546452,0.6127890780065408,0.0261912511273037,0.3292260743590961,0.8511672888135013,0.9160854313565596,0.9379778355135936,0.931690728324239,0.9285846650647974
ELM_robust_risk,GHI,1.0,1.0,1350,25.0,3.0,91.46102673165684,0.6376103938957405,0.0392339729769844,0.3468518007033052,0.838866019004338,0.9651297579714554,0.9759710781935848,0.9606512410979526,0.9672506924209976
ELM_robust_risk,GHI,1.0,1.0,1350,25.0,4.0,83.92003679623652,0.5850392197584298,0.0171762927660557,0.3093758521565966,0.8643417146996871,0.860851351236083,0.8955019610087048,0.9009485424927955,0.8857672849125278
ELM_robust_risk,GHI,1.0,1.0,2700,50.0,0.0,80.4378807173688,0.5607637552420796,0.0276229146735138,0.2891329637879302,0.8753660865990478,0.804524660954299,0.8583442366295341,0.8834620729481313,0.8487769901773214
ELM_robust_risk,GHI,1.0,1.0,2700,50.0,1.0,79.55698657278862,0.5546226995096294,0.0245412792710942,0.2887425610622439,0.8780809298898646,0.8034383489115504,0.8489443070772151,0.8674193802961172,0.839934012094961
ELM_robust_risk,GHI,1.0,1.0,2700,50.0,2.0,77.6141050330687,0.5410781165533481,0.0220712337366868,0.2808283657257581,0.88396305128838,0.7814167667425852,0.8282120207812584,0.8512956883015996,0.8203081586084812
ELM_robust_risk,GHI,1.0,1.0,2700,50.0,3.0,80.68382844869696,0.5624783525460221,0.0409070007777932,0.2961712898941592,0.8746027574038957,0.8241091000653403,0.860968719221752,0.870972349463457,0.8520167229168498
ELM_robust_risk,GHI,1.0,1.0,2700,50.0,4.0,77.20069045630059,0.5381960427285185,0.0305870302902439,0.2808619905786659,0.8851959098091002,0.7815103293133516,0.8238005169457164,0.8431423594230368,0.8161510685607016
ELM_robust_risk,GHI,1.0,1.0,5400,100.0,0.0,71.8616702860427,0.5009756563472976,0.0134046653607954,0.2509294639085032,0.9005259943088516,0.6982218119636621,0.766828389491342,0.8108903008838758,0.7586468341129599
ELM_robust_risk,GHI,1.0,1.0,5400,100.0,1.0,72.11379712930177,0.5027333306440641,0.0230451944543475,0.2520968490384545,0.8998267602476603,0.7014701103021594,0.7695188087425829,0.8105361117102372,0.7605083435849931
ELM_robust_risk,GHI,1.0,1.0,5400,100.0,2.0,72.98301469582823,0.5087929844089415,0.0136783473548727,0.2554546657202542,0.8973973472164802,0.7108133767774862,0.7787941387481885,0.8193852735881458,0.7696642630379401
ELM_robust_risk,GHI,1.0,1.0,5400,100.0,3.0,73.69335625960164,0.5137450517589718,0.0180320502294102,0.2575870573560762,0.8953903703096963,0.7167468464011356,0.7863741194968815,0.8307175611737241,0.7779461756905803
ELM_robust_risk,GHI,1.0,1.0,5400,100.0,4.0,71.57208703248799,0.4989568588445497,0.0116325614530661,0.2469585958034821,0.9013260860923846,0.6871727040583125,0.7637382767919974,0.8110746630834877,0.7539952146445992
ELM_robust_risk,GHI,1.0,1.0,13500,250.0,0.0,68.43177119047427,0.4770644955884704,0.0093404502892639,0.2309147223131826,0.9097950118632524,0.6425299496968824,0.7302282939313117,0.7878435140436981,0.7202005858906307
ELM_robust_risk,GHI,1.0,1.0,13500,250.0,1.0,68.69393434866166,0.4788921369405324,0.0142978056928179,0.2319603242463333,0.9091025345855364,0.6454393811561684,0.7330258096525105,0.7892736594304703,0.722579616746383
ELM_robust_risk,GHI,1.0,1.0,13500,250.0,2.0,69.85031571810896,0.48695372127667,0.010955921987832,0.2371274819015373,0.9060164730297874,0.659817215167857,0.7453654346520604,0.8032826783697664,0.7361551093965613
ELM_robust_risk,GHI,1.0,1.0,13500,250.0,3.0,68.53693481624424,0.4777976321303052,0.0148701975943496,0.2295491525408523,0.909517550895946,0.6387301942359338,0.7313504840148607,0.7911120554121491,0.7203975778876478
ELM_robust_risk,GHI,1.0,1.0,13500,250.0,4.0,68.65186485694203,0.4785988541495459,0.0140639396458266,0.2313283206515997,0.9092138352194572,0.6436808045099309,0.7325768904936087,0.7910082057842714,0.7224219669292703
ELM_robust_risk,GHI,1.0,1.0,27000,500.0,0.0,67.23222457288972,0.4687019895171314,0.0105650308617037,0.2230940316790327,0.9129297172266368,0.620768548304121,0.7174280570703992,0.7809204281348181,0.7063723445031128
ELM_robust_risk,GHI,1.0,1.0,27000,500.0,1.0,67.44607882984177,0.4701928507274646,0.0128917947764702,0.2225367836620015,0.9123749247941162,0.6192179822043722,0.7197100735444341,0.7861710899334204,0.7083663818940756
ELM_robust_risk,GHI,1.0,1.0,27000,500.0,2.0,67.46184335838596,0.4703027513880393,0.0120614166095855,0.2236299413139543,0.9123339578628888,0.6222597394560702,0.7198782951845173,0.7852874746425751,0.709141836427721
ELM_robust_risk,GHI,1.0,1.0,27000,500.0,3.0,67.39706826640307,0.4698511790255835,0.0141868499207948,0.2248283880391696,0.9125022263077114,0.6255944679928789,0.7191870869330714,0.7810180096601831,0.7085998548620444
ELM_robust_risk,GHI,1.0,1.0,27000,500.0,4.0,67.39548090308428,0.4698401128984349,0.0127274708790321,0.2234855944981992,0.9125063478258842,0.6218580883558853,0.7191701483446356,0.7840529448916488,0.7083603938640565
ELM_robust_risk,GHI,1.0,1.0,54000,1000.0,0.0,66.11137780122326,0.4608881306843871,0.0114199022870434,0.2181801708445195,0.9158086625781784,0.6070955233744455,0.7054676180580249,0.7693378083644979,0.6939669832656561
ELM_robust_risk,GHI,1.0,1.0,54000,1000.0,1.0,66.21206753149119,0.4615900779604192,0.0098808274222528,0.2179815357318228,0.9155520151186052,0.6065428127993442,0.7065420676692341,0.7715364969616635,0.6948737924767473
ELM_robust_risk,GHI,1.0,1.0,54000,1000.0,2.0,66.40970632770447,0.4629678948864457,0.0123708492415324,0.2183278491047943,0.9150471190087012,0.607506444359453,0.7086510506527631,0.7755720754273421,0.6972431901465194
ELM_robust_risk,GHI,1.0,1.0,54000,1000.0,3.0,66.33143392402386,0.462422227513955,0.0125354811298669,0.2178931002452262,0.915247256848048,0.6062967373296423,0.7078158139957649,0.7727781944650899,0.6956302485968324
ELM_robust_risk,GHI,1.0,1.0,54000,1000.0,4.0,66.5047814104256,0.463630700270441,0.0124027768376934,0.2174293492722264,0.9148037002598344,0.6050063306965419,0.7096655869455266,0.777341484024184,0.6973378005554175
ELM_tikhonov,GHI,1.0,1.0,270,5.0,0.0,117.85290736727062,0.8215984597316404,-0.0235024168310374,0.452480594556412,0.7324557671998358,1.2590463299470158,1.2575960841654568,1.2136512695011223,1.2434312278711983
ELM_tikhonov,GHI,1.0,1.0,270,5.0,1.0,125.34775298970908,0.87384794391392,0.076119561555775,0.4988354454999042,0.697344829056229,1.388030656916575,1.3375728001986906,1.2705876054026393,1.3320636875059684
ELM_tikhonov,GHI,1.0,1.0,270,5.0,2.0,127.26688030580846,0.8872269269374142,-0.0106950572420005,0.4996197884175571,0.6880063256041713,1.3902131241511289,1.3580516076516138,1.291498779718196,1.3465878371736462
ELM_tikhonov,GHI,1.0,1.0,270,5.0,3.0,126.20859510189833,0.8798492091287247,-0.013404534486047,0.4896286134068354,0.6931735064614069,1.3624122584776748,1.3467587566045025,1.298053228534305,1.335741414538827
ELM_tikhonov,GHI,1.0,1.0,270,5.0,4.0,105.31610741401076,0.7341995506876492,-0.0326140268359773,0.4048216639947717,0.7863491673565373,1.1264333464628105,1.1238171992708124,1.0845898863191623,1.1116134773509283
ELM_tikhonov,GHI,1.0,1.0,540,10.0,0.0,103.93190716415886,0.7245497523191254,-0.0011571741471756,0.3938612718975939,0.7919284101529496,1.0959355933862165,1.1090465427566734,1.0924701275813902,1.09915075457476
ELM_tikhonov,GHI,1.0,1.0,540,10.0,1.0,105.65178223199284,0.7365396704147367,0.0449585682013091,0.4080412775295104,0.7849850550946162,1.135392056855097,1.127399150247479,1.0800090642635216,1.1142667571220326
ELM_tikhonov,GHI,1.0,1.0,540,10.0,2.0,102.59779109796898,0.7152491102766768,0.0324905455313043,0.3900303352667849,0.7972359237677875,1.0852758507070674,1.094810329343337,1.0652132593313617,1.0817664797939222
ELM_tikhonov,GHI,1.0,1.0,540,10.0,3.0,98.151623824204,0.6842531487392102,0.0775196670315682,0.3819840862732717,0.8144290589573793,1.0628868236703295,1.0473657420358178,1.0060050240486242,1.0387525299182574
ELM_tikhonov,GHI,1.0,1.0,540,10.0,4.0,104.69860913658056,0.7298947300009387,0.0393093552979388,0.4065499587362746,0.7888472135848065,1.1312423994421743,1.117227939548478,1.0769393281323083,1.108469889040987
ELM_tikhonov,GHI,1.0,1.0,1350,25.0,0.0,92.24809296663322,0.6430973387731221,0.0380289202240821,0.3482807149226207,0.8360808151348581,0.969105772026604,0.9843697799074134,0.968767143243037,0.9740808983923516
ELM_tikhonov,GHI,1.0,1.0,1350,25.0,1.0,91.19451385963204,0.6357524289965646,0.0511692579573176,0.3434376042736556,0.8398037235730003,0.9556296124708896,0.9731271471296395,0.9618922363827386,0.963549665327756
ELM_tikhonov,GHI,1.0,1.0,1350,25.0,2.0,87.94897352677737,0.6131265048845655,0.0263455531066269,0.3296097600183811,0.8510033368583217,0.9171530528788696,0.9384943247005798,0.9317130290637904,0.9291201355477464
ELM_tikhonov,GHI,1.0,1.0,1350,25.0,3.0,91.55788180957845,0.6382856083186618,0.0390205953612849,0.3475142929474291,0.8385245641053953,0.9669731705699566,0.9770046086295052,0.9612156634320996,0.9683978142105204
ELM_tikhonov,GHI,1.0,1.0,1350,25.0,4.0,84.00271242736092,0.5856155837422004,0.0171932296346886,0.3097012225021283,0.8640742896735629,0.8617567079394283,0.896384184046563,0.901610223860602,0.8865837052821979
ELM_tikhonov,GHI,1.0,1.0,2700,50.0,0.0,80.43113694631043,0.5607167417908367,0.0277633618761622,0.2893039813338044,0.8753869839011014,0.80500052448542,0.8582722745518478,0.8828122026308762,0.8486950005560482
ELM_tikhonov,GHI,1.0,1.0,2700,50.0,1.0,79.59156724422478,0.5548637748214152,0.0248169785080053,0.2890658109168874,0.8779749188461821,0.8043378052596039,0.8493133138158474,0.8672879596277833,0.8403130262344115
ELM_tikhonov,GHI,1.0,1.0,2700,50.0,2.0,79.06060047484905,0.5511621989364157,0.0213218099529294,0.2822171133789622,0.8795975818857678,0.7852810156341943,0.84364742279198,0.8758313129185483,0.8349199171149074
ELM_tikhonov,GHI,1.0,1.0,2700,50.0,3.0,80.71141866798776,0.5626706946967536,0.0409322997587419,0.2964301196091608,0.8745169823725155,0.8248293046590279,0.861263131574544,0.8708589844226823,0.8523171402187514
ELM_tikhonov,GHI,1.0,1.0,2700,50.0,4.0,77.22795378395585,0.5383861059905042,0.0310131574388258,0.2811772638007507,0.8851148096485703,0.7823875903450329,0.8240914410719556,0.8429112345499179,0.8164634219889688
ELM_tikhonov,GHI,1.0,1.0,5400,100.0,0.0,71.90589817911422,0.501283986193684,0.0136191444109344,0.2512568389068854,0.9004035123366722,0.6991327466980756,0.7673003407259799,0.810916787895111,0.7591166251063889
ELM_tikhonov,GHI,1.0,1.0,5400,100.0,1.0,72.63370242670287,0.5063577927052325,0.0256695058105295,0.2537924643248202,0.8983771531561436,0.7061882313199098,0.7750666639525603,0.8137787113505756,0.7650112022076819
ELM_tikhonov,GHI,1.0,1.0,5400,100.0,2.0,72.98552127132284,0.5088104587217233,0.0136948079683397,0.2556708478897309,0.897390299392747,0.7114149127778231,0.778820886153892,0.8189836535712929,0.7697398175010027
ELM_tikhonov,GHI,1.0,1.0,5400,100.0,3.0,73.72502647016186,0.5139658371158792,0.018248532154192,0.2580733339510471,0.8953004376193983,0.7180999315270015,0.7867120690110255,0.830230498299816,0.7783474996126144
ELM_tikhonov,GHI,1.0,1.0,5400,100.0,4.0,71.57178525919103,0.4989547550655127,0.0116823390966212,0.2471306093476964,0.901326918179048,0.6876513389968043,0.7637350566006161,0.8106511619873271,0.7540125191949159
ELM_tikhonov,GHI,1.0,1.0,13500,250.0,0.0,68.4072628202904,0.4768936382066424,0.0091791909630042,0.2306836138330968,0.9098596128904032,0.6418868806080148,0.7299667676689476,0.7877346432446335,0.719862763840532
ELM_tikhonov,GHI,1.0,1.0,13500,250.0,1.0,69.0605628466758,0.4814480468114991,0.0124291808627261,0.2332295772685921,0.9081296820890888,0.6489711311995393,0.736938064120779,0.7943389442822596,0.7267493798675261
ELM_tikhonov,GHI,1.0,1.0,13500,250.0,2.0,69.83442093981728,0.486842912594441,0.0108114959281252,0.236899541606205,0.9060592409784444,0.6591829616866299,0.7451958231305049,0.8033712568423054,0.7359166805531467
ELM_tikhonov,GHI,1.0,1.0,13500,250.0,3.0,68.54169818293501,0.477830839412363,0.0147680427828237,0.2295599091010426,0.9095049732671748,0.6387601248181362,0.7314013134040678,0.7912114608696109,0.720457633030605
ELM_tikhonov,GHI,1.0,1.0,13500,250.0,4.0,68.62146213331962,0.4783869049371097,0.0140219634545745,0.2309694710889734,0.9092942273693836,0.6426822904736091,0.7322524662003976,0.7910632849770444,0.7219993472170171
ELM_tikhonov,GHI,1.0,1.0,27000,500.0,0.0,67.21549372819847,0.4685853522908175,0.0105945561219496,0.2230596961487869,0.9129730469878972,0.620673008243701,0.7172495239714837,0.7806421063872501,0.7061882128674782
ELM_tikhonov,GHI,1.0,1.0,27000,500.0,1.0,67.4263953113687,0.4700556292636854,0.0128340631964956,0.2225056379602262,0.912426062477354,0.6191313179761476,0.7195000327715136,0.7859427215935678,0.7081913574470763
ELM_tikhonov,GHI,1.0,1.0,27000,500.0,2.0,67.4512437078468,0.4702288571010742,0.0120264665794732,0.2236320051125808,0.9123615039945676,0.6222654820627537,0.7197651874190039,0.7850984621462637,0.709043043876007
ELM_tikhonov,GHI,1.0,1.0,27000,500.0,3.0,67.3908679032043,0.4698079538819049,0.0142119898573054,0.2248637473154833,0.912518324723704,0.6256928566698916,0.7191209235039854,0.7809205648626167,0.7085781150121645
ELM_tikhonov,GHI,1.0,1.0,27000,500.0,4.0,67.39095044969409,0.4698085293455942,0.0127358513172483,0.2235277263572724,0.9125181104124818,0.6219753220299434,0.7191218043489696,0.7839940420800405,0.7083637228196512
ELM_tikhonov,GHI,1.0,1.0,54000,1000.0,0.0,66.86189812662421,0.4661202998104748,0.0131125975916035,0.2196909457884159,0.9138862711625138,0.6112993183468098,0.7134763421819827,0.7789604771151468,0.7012453792146465
ELM_tikhonov,GHI,1.0,1.0,54000,1000.0,1.0,66.40383027123612,0.4629269306111338,0.0097619548344326,0.2185484354628486,0.9150621519268968,0.6081202352001782,0.7085883478669769,0.7735209667389972,0.6967431832687175
ELM_tikhonov,GHI,1.0,1.0,54000,1000.0,2.0,66.60716718250691,0.4643444713136814,0.0128010016749596,0.2188365511906617,0.9145411746700972,0.6089219293591484,0.7107581348420539,0.7774508100207588,0.6990436247406536
ELM_tikhonov,GHI,1.0,1.0,54000,1000.0,3.0,66.58628382223839,0.464198885286031,0.0127393083929532,0.2186305853778463,0.914594754119258,0.6083488208019205,0.7105352906824602,0.7750923710664208,0.6979921608502672
ELM_tikhonov,GHI,1.0,1.0,54000,1000.0,4.0,66.35766374787804,0.4626050858189306,0.0119739713639232,0.2182410433056227,0.915180215057175,0.6072649035637151,0.7080957097107223,0.7737059466326743,0.6963555199690372
Persistence_P,GHI,1.0,1.0,0,,,93.56031834043505,0.6522453722838828,-0.005562939650215,0.3540441528987026,0.831384158687682,0.9851427811690115,0.9983724000251588,0.9997668329906176,0.994427338061596
AR_OLS,GHI,1.0,6.0,53,,,105.54521398960723,0.7355866101637589,0.0428920305935487,0.3904556545405837,0.7854555860913364,0.275491239112256,0.3442196289978352,0.389027828898416,0.3362462323361692
ELM_corr,GHI,1.0,6.0,270,5.0,0.0,132.51132484223606,0.9235241709643708,0.0092562353759102,0.5150449561710385,0.6618214062243262,0.3633968967385744,0.4321654895663722,0.4639563996929316,0.4198395953326261
ELM_corr,GHI,1.0,6.0,270,5.0,1.0,147.10736545338787,1.0252497881584095,-0.0252083902241748,0.5825391220250655,0.5832179971515974,0.4110183133264635,0.4797682513979294,0.5037678878210096,0.4648514841818008
ELM_corr,GHI,1.0,6.0,270,5.0,2.0,133.32701128284566,0.9292090144653146,0.0453193046790273,0.5336597484870207,0.6576452092460541,0.3765308138462192,0.4348257265714613,0.4589948940430871,0.4234504781535892
ELM_corr,GHI,1.0,6.0,270,5.0,3.0,133.81986610391596,0.932643915901676,-0.0731151121813308,0.5332069569915189,0.6551094429033997,0.3762113407160322,0.4364330974530563,0.460999589420161,0.4245480091964165
ELM_corr,GHI,1.0,6.0,270,5.0,4.0,127.23663531512194,0.8867627599798972,0.0436500908619716,0.4849030698167876,0.6882083547105369,0.3421298833803384,0.4149628936032737,0.4482631702423583,0.4017853157419901
ELM_corr,GHI,1.0,6.0,540,10.0,0.0,125.65658953497936,0.8757507919769418,0.0380582973888897,0.483899179428543,0.6959040344622862,0.3414215750135002,0.4098098151103557,0.447820754110282,0.399684048078046
ELM_corr,GHI,1.0,6.0,540,10.0,1.0,121.65671700900825,0.8478740881336394,0.0058075273754853,0.4579985753512193,0.714955735440963,0.3231470554155872,0.3967648404982052,0.4349315119327698,0.3849478026155208
ELM_corr,GHI,1.0,6.0,540,10.0,2.0,120.13984161847677,0.8373023797218138,0.0365250963301201,0.4546016344343435,0.7220195638779192,0.3207502980591535,0.3918177826030352,0.4260808082675785,0.3795496296432558
ELM_corr,GHI,1.0,6.0,540,10.0,3.0,121.32607538989562,0.8455697150731418,0.0203714230511597,0.4702685670415147,0.7165030305740733,0.3318043130973432,0.3956865032514458,0.4291853032452485,0.3855587065313459
ELM_corr,GHI,1.0,6.0,540,10.0,4.0,131.01806845110585,0.9131170727612726,0.0489009443313933,0.5151583105202866,0.6694002606664191,0.3634768754244251,0.4272954614379144,0.455663814470482,0.4154787171109405
ELM_corr,GHI,1.0,6.0,1350,25.0,0.0,111.93036223358835,0.7800872499809811,0.0307351502735161,0.4175019991707345,0.7587118796329803,0.2945741513686667,0.3650438168180029,0.4066261531292732,0.3554147071053142
ELM_corr,GHI,1.0,6.0,1350,25.0,1.0,113.30973119385328,0.7897006213437631,0.0504528288774331,0.4202629522294534,0.7527282284346755,0.2965221789370526,0.3695424184485825,0.4118739517894398,0.359312849725025
ELM_corr,GHI,1.0,6.0,1350,25.0,2.0,113.13547287364268,0.788486145744053,0.0585420428246458,0.4182663255907111,0.7534881990006373,0.2951134321552987,0.3689741014963937,0.410448624131125,0.3581787192609391
ELM_corr,GHI,1.0,6.0,1350,25.0,3.0,113.76914462725318,0.7929024564375988,0.0442866315643657,0.4290767727407406,0.7507190405658529,0.3027408885542165,0.3710407253411821,0.4083775479789692,0.3607197206247893
ELM_corr,GHI,1.0,6.0,1350,25.0,4.0,116.28175258106396,0.8104138214493383,0.0422325102102632,0.4293853288337521,0.7395866410593956,0.3029585944560541,0.3792352132292158,0.4223712339490934,0.3681883472114544
ELM_corr,GHI,1.0,6.0,2700,50.0,0.0,110.74417659866565,0.7718202501120561,0.0398969911879591,0.4087455316797803,0.7637988984444919,0.288395907946459,0.3611752531594379,0.4042474869279939,0.3512728826779636
ELM_corr,GHI,1.0,6.0,2700,50.0,1.0,108.61666891477854,0.7569928021764067,0.0459122819223057,0.3990636579868494,0.7727870496636733,0.2815647317307316,0.3542367111075948,0.3983369882806886,0.344712810373005
ELM_corr,GHI,1.0,6.0,2700,50.0,2.0,109.02173411429484,0.7598158627941705,0.046700043408422,0.4078567788018116,0.7710891947125516,0.28776883639872,0.3555577695187433,0.394989029657012,0.3461052118581584
ELM_corr,GHI,1.0,6.0,2700,50.0,3.0,110.15390694193307,0.7677064259085143,0.0474775646856791,0.4073459792688236,0.7663101055318498,0.2874084349174138,0.3592501786385868,0.4025029256067869,0.3497205130542625
ELM_corr,GHI,1.0,6.0,2700,50.0,4.0,107.91940041446436,0.7521332604394353,0.0418580273175977,0.3995684642868675,0.7756948890640236,0.2819209046059005,0.3519626761663832,0.3948761894322169,0.3429199234015002
ELM_corr,GHI,1.0,6.0,5400,100.0,0.0,104.56611512776432,0.7287628804504519,0.0411189291356745,0.3872052361725577,0.7894176012930552,0.2731978627110502,0.3410264472870193,0.383425717236236,0.3325500090781019
ELM_corr,GHI,1.0,6.0,5400,100.0,1.0,104.364850600864,0.7273601878460919,0.039924362549615,0.3833362366448972,0.7902274617053036,0.2704680380520782,0.3403700537078005,0.3841151786416197,0.3316510901338328
ELM_corr,GHI,1.0,6.0,5400,100.0,2.0,103.63518923070652,0.7222748873047103,0.0409294395714263,0.3806869483777463,0.7931504353149308,0.2685987970793954,0.3379903743586792,0.3808185435278181,0.3291359049886309
ELM_corr,GHI,1.0,6.0,5400,100.0,3.0,105.98970521924372,0.7386844464795583,0.0400962629008902,0.3882151450293327,0.7836447239595982,0.273910417489315,0.3456692693971937,0.3903836715217547,0.3366544528027544
ELM_corr,GHI,1.0,6.0,5400,100.0,4.0,104.2964953243646,0.7268837927143151,0.0414952655066545,0.3813497410924057,0.7905021588660182,0.2690664393945028,0.3401471233917089,0.3841741657445167,0.3311292428435761
ELM_corr,GHI,1.0,6.0,13500,250.0,0.0,101.45604431535372,0.7070875589479949,0.0440910871319171,0.3694583588909059,0.8017578619803019,0.2606763147302737,0.3308834253465798,0.3753020444234584,0.322287261500104
ELM_corr,GHI,1.0,6.0,13500,250.0,1.0,101.63447718993726,0.7083311286788745,0.038531758411342,0.3698854387871989,0.8010599435796194,0.2609776466957901,0.3314653569716008,0.3754400695062186,0.3226276910578698
ELM_corr,GHI,1.0,6.0,13500,250.0,2.0,101.6001100953323,0.7080916107162303,0.0411522502596597,0.3700431455103764,0.8011944616287037,0.2610889187956541,0.3313532739305278,0.375302314856767,0.3225815025276497
ELM_corr,GHI,1.0,6.0,13500,250.0,3.0,101.48484484973967,0.7072882813366194,0.0428042344209066,0.3699639974574359,0.8016452952045692,0.261033074822275,0.3309773538999128,0.3750349759359663,0.3223484682193847
ELM_corr,GHI,1.0,6.0,13500,250.0,4.0,100.36716549762563,0.699498729022551,0.040066447781341,0.3668207654690662,0.8059903016880023,0.2588153252130085,0.327332213041502,0.3702718246054792,0.3188064542866632
ELM_corr,GHI,1.0,6.0,27000,500.0,0.0,99.3627853434952,0.6924988039196911,0.0399382900060243,0.3604005477395373,0.8098538063414407,0.2542854542350624,0.3240565802490798,0.3677644976567316,0.3153688440469579
ELM_corr,GHI,1.0,6.0,27000,500.0,1.0,98.93069690863636,0.6894874076178172,0.0415104485255844,0.3592705825179192,0.8115039479058218,0.2534881920736945,0.3226473896745455,0.3650344239514497,0.3137233352332298
ELM_corr,GHI,1.0,6.0,27000,500.0,2.0,98.8215955070816,0.6887270365209177,0.0417680178536637,0.3600332611199443,0.8119194679497663,0.2540263102202059,0.322291572081812,0.3642117612150738,0.3135098811723639
ELM_corr,GHI,1.0,6.0,27000,500.0,3.0,98.83227824247516,0.6888014887563,0.042142615421594,0.3591346499848502,0.8118788022805765,0.253392283046548,0.3223264121951137,0.3653571404910982,0.3136919452442533
ELM_corr,GHI,1.0,6.0,27000,500.0,4.0,99.69298381226,0.6948000884890121,0.0446142979311898,0.3617356260993662,0.8085879338980885,0.2552274367300885,0.3251334722285217,0.3693160182635939,0.3165589757407347
ELM_corr,GHI,1.0,6.0,54000,1000.0,0.0,98.6574643472847,0.6875831411334004,0.0386789724729378,0.3560592022444839,0.8125437088369579,0.2512223595252318,0.3217562833198049,0.3654449605956906,0.3128078678135758
ELM_corr,GHI,1.0,6.0,54000,1000.0,1.0,98.72837831670132,0.6880773688146439,0.0366982119122976,0.3568329571901387,0.8122741286826503,0.25176829273498,0.3219875584228688,0.3653960871555264,0.3130506461044584
ELM_corr,GHI,1.0,6.0,54000,1000.0,2.0,98.18595162469278,0.6842969812768802,0.039107137754094,0.3556051082183968,0.8143312433281699,0.2509019673770699,0.3202185164395906,0.3630914018995839,0.3114039619054148
ELM_corr,GHI,1.0,6.0,54000,1000.0,3.0,99.13821226246418,0.6909336647232714,0.0419365115669354,0.3574095784394638,0.8107123462995478,0.2521751356136212,0.323324169373083,0.3667517611568563,0.3140836887145202
ELM_corr,GHI,1.0,6.0,54000,1000.0,4.0,98.67085396199772,0.6876764586882742,0.0421791188157458,0.3556175250754049,0.8124928229185946,0.2509107282575522,0.3217999515074443,0.3660831941612632,0.3129312913087532
ELM_elastic_net,GHI,1.0,6.0,270,5.0,0.0,131.8274563239179,0.9187580190359952,-0.0695985286246128,0.5010220692923518,0.665302964079922,0.3535028602783113,0.4299351566241134,0.4680820704889237,0.4171733624637828
ELM_elastic_net,GHI,1.0,6.0,270,5.0,1.0,147.4508314199043,1.02764353920089,-0.0694483036121579,0.5801201053085348,0.5812695216737276,0.4093115435437222,0.4808884132991531,0.5066512434422891,0.4656170667617214
ELM_elastic_net,GHI,1.0,6.0,270,5.0,2.0,134.33294742200377,0.9362197838472156,0.0236986777732462,0.539051436445991,0.6524596698357654,0.3803349918097092,0.4381064339718993,0.4608669262571934,0.4264361173462673
ELM_elastic_net,GHI,1.0,6.0,270,5.0,3.0,134.30609882379545,0.9360326652788108,-0.0810414762805045,0.5342145898250245,0.6525985789923439,0.3769222896154643,0.4380188713609098,0.4632428675669576,0.4260613428477772
ELM_elastic_net,GHI,1.0,6.0,270,5.0,4.0,124.30958628113224,0.8663629901058448,-0.0077644536733125,0.4704737078460248,0.7023887363055834,0.3319490529513312,0.4054167692983135,0.4402849442458044,0.392550255498483
ELM_elastic_net,GHI,1.0,6.0,540,10.0,0.0,123.17744325720456,0.8584726347054237,0.0566153465695585,0.4794868904199266,0.7077850086471543,0.3383084251534083,0.4017244573787295,0.4319025632642377,0.3906451485987918
ELM_elastic_net,GHI,1.0,6.0,540,10.0,1.0,121.00834260435656,0.8433553088123749,-0.0112359291133623,0.4577790814406161,0.7179859489674729,0.3229921885345304,0.3946502661979165,0.4308896412578894,0.3828440319967788
ELM_elastic_net,GHI,1.0,6.0,540,10.0,2.0,119.88962130585496,0.8355584947591691,0.031298475989391,0.4549751311546749,0.7231762811953439,0.3210138236941185,0.3910017271901685,0.4245008843447773,0.3788388117430214
ELM_elastic_net,GHI,1.0,6.0,540,10.0,3.0,119.65958278571418,0.8339552647419927,-0.0121243586732783,0.4676326114951789,0.724237574487037,0.329944479205171,0.3902514916175174,0.4211690713016271,0.3804550140414385
ELM_elastic_net,GHI,1.0,6.0,540,10.0,4.0,126.48531871202913,0.8815265354999959,0.0154939624037249,0.4911039082255931,0.6918796655412399,0.346504968327659,0.4125125890124659,0.4425897507014197,0.4005357693471816
ELM_elastic_net,GHI,1.0,6.0,1350,25.0,0.0,111.91675453498728,0.7799924125126798,0.0263268708116499,0.4220800352364093,0.7587705442592299,0.2978042462943435,0.3649994373830013,0.4038193229520653,0.3555410022098033
ELM_elastic_net,GHI,1.0,6.0,1350,25.0,1.0,113.4253051971766,0.7905061025789049,0.0456089109141309,0.4224713650780124,0.7522235451584711,0.2980803543278965,0.3699193454454775,0.4109185305982841,0.359639410123886
ELM_elastic_net,GHI,1.0,6.0,1350,25.0,2.0,112.85257216660932,0.7865144981038286,0.0569477039594175,0.4196600389685306,0.7547194869239674,0.2960967853759726,0.3680514639580603,0.4075293326953814,0.3572258606764714
ELM_elastic_net,GHI,1.0,6.0,1350,25.0,3.0,113.43738908189428,0.7905903199816756,0.039871391267787,0.429698838167273,0.752170748093464,0.3031797951833596,0.369958755193747,0.4061042697561257,0.3597476067110774
ELM_elastic_net,GHI,1.0,6.0,1350,25.0,4.0,113.57704356575093,0.7915636276712539,0.0352180034784462,0.426152710014431,0.7515601597984779,0.3006777767658603,0.3704142170077307,0.4078091762645568,0.3596337233460493
ELM_elastic_net,GHI,1.0,6.0,2700,50.0,0.0,110.89557212014284,0.7728753857665097,0.0391333002949963,0.4108433766102419,0.76315264808285,0.289876070655431,0.3616690065781381,0.4032211997404227,0.3515887589913306
ELM_elastic_net,GHI,1.0,6.0,2700,50.0,1.0,108.63581859919756,0.7571262639499446,0.0451985228375252,0.4000600524207564,0.7727069249480975,0.2822677512261582,0.3542991648846726,0.3970672457358976,0.3445447206155762
ELM_elastic_net,GHI,1.0,6.0,2700,50.0,2.0,109.13541373745548,0.7606081413398719,0.0452110905084093,0.4092904037178294,0.7706115640558965,0.2887803497420231,0.3559285182834653,0.3947625544473462,0.3464904741576116
ELM_elastic_net,GHI,1.0,6.0,2700,50.0,3.0,110.1726049833922,0.7678367400024815,0.046681813533196,0.4091692068890043,0.7662307635582409,0.2886948376892171,0.3593111594509871,0.4012514533274505,0.3497524834892182
ELM_elastic_net,GHI,1.0,6.0,2700,50.0,4.0,108.01997157313772,0.7528341808781022,0.0400256267288428,0.4008759958892127,0.7752766299536216,0.2828434511156503,0.3522906736720763,0.3942833629418009,0.3431391625765092
ELM_elastic_net,GHI,1.0,6.0,5400,100.0,0.0,104.4428603591841,0.7279038689047899,0.0350356002473389,0.3847877942757392,0.7899137464870732,0.2714922040635401,0.3406244706448849,0.3823779205902987,0.3314981984329079
ELM_elastic_net,GHI,1.0,6.0,5400,100.0,1.0,105.31776065326548,0.7340013973215495,0.0373705639033725,0.3887166800118883,0.7863792899591919,0.2742642822424455,0.34347782460813,0.3865542195181414,0.3347654421229056
ELM_elastic_net,GHI,1.0,6.0,5400,100.0,2.0,103.64770232302936,0.722362096026134,0.0394571546883392,0.3811505691816982,0.7931004815496385,0.2689259109738253,0.3380311839021361,0.3806671478951052,0.3292080809236889
ELM_elastic_net,GHI,1.0,6.0,5400,100.0,3.0,105.72336488537316,0.7368282146720125,0.0413853598082091,0.3883668371058418,0.7847307112225155,0.2740174458743186,0.3448006409919198,0.3888202840944408,0.3358794569868931
ELM_elastic_net,GHI,1.0,6.0,5400,100.0,4.0,103.98846568013973,0.7247370115078489,0.0412416519491402,0.3814305072547392,0.7917377948559102,0.2691234250467294,0.3391425316546939,0.3820825691075645,0.3301161752696626
ELM_elastic_net,GHI,1.0,6.0,13500,250.0,0.0,101.00935495454335,0.7039744029810454,0.0437497415860693,0.3684965688098227,0.8034996549956672,0.259997710801448,0.3294266160774208,0.3734248566116154,0.3209497278301614
ELM_elastic_net,GHI,1.0,6.0,13500,250.0,1.0,101.07022800517726,0.7043986515023524,0.0367603771368262,0.3684349426078169,0.8032627426866222,0.2599542296056837,0.3296251442542383,0.3735568674551015,0.3210454137716745
ELM_elastic_net,GHI,1.0,6.0,13500,250.0,2.0,100.73012859049751,0.7020283632997287,0.0379206420857443,0.3682537203981924,0.8045845493462249,0.2598263658380483,0.3285159618487247,0.3719287881975724,0.3200903719614484
ELM_elastic_net,GHI,1.0,6.0,13500,250.0,3.0,101.09590704494222,0.7045776189524049,0.0405651198194014,0.3695394343726458,0.8031627594226969,0.2607335186269683,0.3297088925286204,0.3731021746024914,0.3211815285860267
ELM_elastic_net,GHI,1.0,6.0,13500,250.0,4.0,100.6302943739835,0.7013325789043214,0.0402812099716167,0.3667558899309625,0.8049717121716546,0.2587695514044533,0.328190367767565,0.3717968273969519,0.3195855821896567
ELM_elastic_net,GHI,1.0,6.0,27000,500.0,0.0,98.95276654643688,0.6896412197088027,0.0403019083175025,0.3591919304562453,0.8114198384485731,0.2534326980536251,0.3227193664345392,0.3664801127759805,0.3142107257547149
ELM_elastic_net,GHI,1.0,6.0,27000,500.0,1.0,98.3907970261629,0.6857246304215385,0.0415626090888362,0.3576689323620956,0.8135557135316456,0.252358126262325,0.3208865884954481,0.3634608482530174,0.3122351876702635
ELM_elastic_net,GHI,1.0,6.0,27000,500.0,2.0,98.259343696748,0.6848084798418583,0.0410054874643031,0.3585029103791248,0.8140535720858778,0.2529465506701469,0.320457873496716,0.3623402109645724,0.3119148783771451
ELM_elastic_net,GHI,1.0,6.0,27000,500.0,3.0,98.05616220795945,0.6833924271670234,0.0413760764011578,0.3552028009279423,0.8148217801531762,0.2506181140568213,0.319795228038468,0.3630402182595131,0.3111511867849342
ELM_elastic_net,GHI,1.0,6.0,27000,500.0,4.0,98.91843431471524,0.6894019447194698,0.0447954702304083,0.3596840215416812,0.8115506736918736,0.2537798995381121,0.3226073970934466,0.3663089978148166,0.3142320981487917
ELM_elastic_net,GHI,1.0,6.0,54000,1000.0,0.0,97.78508988296764,0.6815032162297131,0.0382471262879256,0.3539685428676056,0.815844200490557,0.249747266680244,0.3189111669653677,0.3622160350374423,0.310291489561018
ELM_elastic_net,GHI,1.0,6.0,54000,1000.0,1.0,97.92207026300332,0.6824578870252956,0.0423351988361187,0.356855401773352,0.8153278968306555,0.2517841288125702,0.3193579075973068,0.3620417515226485,0.3110612626441751
ELM_elastic_net,GHI,1.0,6.0,54000,1000.0,2.0,97.848355365242,0.681944138559466,0.0400011396110628,0.3563336287216316,0.8156058313404313,0.2514159848175165,0.3191174976933436,0.3616602849611526,0.3107312558240042
ELM_elastic_net,GHI,1.0,6.0,54000,1000.0,3.0,97.83671932317148,0.6818630423503738,0.0390824692545948,0.3553537105347594,0.8156496847239355,0.2507245903598086,0.319079548515611,0.3620223405887621,0.3106088264880606
ELM_elastic_net,GHI,1.0,6.0,54000,1000.0,4.0,97.99379195879249,0.682957744073157,0.0430285568148309,0.355347556417139,0.8150572765929932,0.250720248239342,0.319591816976827,0.362852824142656,0.3110549631196084
ELM_huber,GHI,1.0,6.0,270,5.0,0.0,135.1029717998771,0.9415863902564752,-0.1375143337396983,0.5040557527396141,0.6484639034550206,0.355643316440853,0.4406177511188516,0.4852069502206819,0.4271560059267956
ELM_huber,GHI,1.0,6.0,270,5.0,1.0,148.7538326101879,1.0367246731753257,-0.1158682642587989,0.581841858491017,0.5738363044102873,0.4105263496610663,0.4851379530873555,0.5130780849043753,0.4695807958842657
ELM_huber,GHI,1.0,6.0,270,5.0,2.0,134.6876077856574,0.9386915530994444,-0.0194966414209698,0.5368541772964536,0.6506221237437864,0.3787846860612394,0.439263104693218,0.4642222285939962,0.4274233397828179
ELM_huber,GHI,1.0,6.0,270,5.0,3.0,136.82235456130005,0.953569453147168,-0.1249050574974598,0.5378354732838838,0.6394593465203059,0.3794770526446639,0.4462252559394923,0.4757272201292595,0.4338098429044719
ELM_huber,GHI,1.0,6.0,270,5.0,4.0,124.35656699373986,0.8666904173933913,-0.0329892391875635,0.4695854278333166,0.7021637394763709,0.3313223150400373,0.4055699897320268,0.4410116212822845,0.3926346420181162
ELM_huber,GHI,1.0,6.0,540,10.0,0.0,124.0879152809044,0.8648180766657598,0.0370937090731502,0.4801104791959601,0.7034492010285349,0.3387484066022826,0.4046938231165424,0.4361794878058558,0.3932072391748937
ELM_huber,GHI,1.0,6.0,540,10.0,1.0,122.0071806541524,0.8503166087840085,-0.0332151703146288,0.459225449129392,0.7133110824376752,0.324012692712557,0.3979078242617384,0.4358714512100734,0.3859306560614563
ELM_huber,GHI,1.0,6.0,540,10.0,2.0,120.12701805971702,0.8372130072362054,0.007490646862617,0.4529259625891242,0.722078903197219,0.3195680052491592,0.3917759605206133,0.4263574199448846,0.379233795238219
ELM_huber,GHI,1.0,6.0,540,10.0,3.0,120.16808350014708,0.8374992086372828,-0.0394908126274015,0.4649275726451553,0.7218888559757168,0.3280359026588366,0.391909889195682,0.4254267927055391,0.3817908615200192
ELM_huber,GHI,1.0,6.0,540,10.0,4.0,127.5618848798759,0.8890295536671804,-0.016077570945943,0.4906022103964847,0.6866122780488444,0.3461509886759527,0.4160236454865598,0.4486612497249797,0.4036119612958308
ELM_huber,GHI,1.0,6.0,1350,25.0,0.0,112.98791170398243,0.7874577332137335,0.0207760976334325,0.4198483088373596,0.7541308241060778,0.2962296217143585,0.3684928532317407,0.4110260735478391,0.3585828494979795
ELM_huber,GHI,1.0,6.0,1350,25.0,1.0,115.16365298816343,0.8026213403099456,0.0355458684847692,0.4202753568791286,0.7445705393995549,0.2965309312044869,0.3755887018195298,0.4205573983127142,0.3642256771122437
ELM_huber,GHI,1.0,6.0,1350,25.0,2.0,114.21504193809746,0.7960100922930472,0.0533279337868896,0.4181075940005314,0.7487611892852217,0.2950014369467357,0.3724949514600951,0.4154953660386721,0.3609972514818343
ELM_huber,GHI,1.0,6.0,1350,25.0,3.0,114.68705322568596,0.7992997268474898,0.0302964405352542,0.4291413330803532,0.7466803321020243,0.3027864399702366,0.3740343443340582,0.4131552372739889,0.3633253405260945
ELM_huber,GHI,1.0,6.0,1350,25.0,4.0,115.10363133515878,0.8022030255176286,0.0315951184277009,0.4244918067502211,0.744836722397864,0.2995059041268505,0.3753929503463163,0.417122424519359,0.3640070929975086
ELM_huber,GHI,1.0,6.0,2700,50.0,0.0,111.99913971815302,0.7805665876488311,0.0128259004490092,0.3986946334730889,0.7584152614814968,0.2813043615212688,0.3652681241013495,0.4158499124835974,0.3541407993687386
ELM_huber,GHI,1.0,6.0,2700,50.0,1.0,110.74820747348902,0.7718483428832509,0.0407879710542209,0.3958594299249883,0.763781703600844,0.2793039455213501,0.3611883992433179,0.4104839874866497,0.3503254440837726
ELM_huber,GHI,1.0,6.0,2700,50.0,2.0,111.13349176808724,0.7745335425005518,0.0386672690220414,0.4054534628032248,0.7621352749645991,0.2860731444687158,0.3624449452479368,0.4078149111198689,0.3521110002788405
ELM_huber,GHI,1.0,6.0,2700,50.0,3.0,112.65743100887856,0.7851544816967109,0.0403013804186334,0.4070915699826087,0.7555670163975587,0.2872289330234446,0.3674150408141088,0.4156348854437074,0.3567596197604203
ELM_huber,GHI,1.0,6.0,2700,50.0,4.0,110.01179591044952,0.7667159975606581,0.0406822917775634,0.39731948033881,0.7669126895090377,0.2803341037300803,0.3587867051689268,0.4065771200168941,0.3485659763053004
ELM_huber,GHI,1.0,6.0,5400,100.0,0.0,106.87133358550469,0.7448288655095483,0.0286318149301228,0.3791646754974223,0.7800304434634002,0.267524736972465,0.3485445659424089,0.398456605484424,0.338175302799766
ELM_huber,GHI,1.0,6.0,5400,100.0,1.0,107.92376389343444,0.7521636712613267,0.0311673036430372,0.383591711683467,0.7756767501489168,0.2706482919019569,0.3519769069879946,0.4037226153525143,0.342115938080822
ELM_huber,GHI,1.0,6.0,5400,100.0,2.0,106.1040543689536,0.7394813912222965,0.0373485958529642,0.3762649463888405,0.7831776335483551,0.2654787940954102,0.3460422017207117,0.396622084636418,0.33604769348418
ELM_huber,GHI,1.0,6.0,5400,100.0,3.0,107.70167648459136,0.7506158557038443,0.0304605018966579,0.382314680884598,0.7765990328403748,0.2697472656443686,0.3512526027529908,0.4015902946553722,0.3408633876842439
ELM_huber,GHI,1.0,6.0,5400,100.0,4.0,106.24623513054382,0.7404723055470233,0.046111721420631,0.3783825180139638,0.782596154842235,0.2669728752391462,0.3465059026044869,0.3963214852077868,0.3366000876838066
ELM_huber,GHI,1.0,6.0,13500,250.0,0.0,102.03998970447014,0.7111573068130492,0.0372858441094692,0.360116097861933,0.7994692703520808,0.2540847567977599,0.3327878742324994,0.3830250328305651,0.3232992212869414
ELM_huber,GHI,1.0,6.0,13500,250.0,1.0,103.30942614136784,0.72000451466018,0.0351051333494436,0.3628746811120523,0.7944487983050338,0.2560311123158119,0.3369279476932276,0.3882532133360236,0.3270707577816877
ELM_huber,GHI,1.0,6.0,13500,250.0,2.0,103.44548912100962,0.7209527917272323,0.0419913354382413,0.3641293436754692,0.7939070021207096,0.2569163563640002,0.3373716963636055,0.3881985859183674,0.3274955462153243
ELM_huber,GHI,1.0,6.0,13500,250.0,3.0,103.14842175615092,0.7188824110093703,0.0413407161826217,0.3626412228671356,0.7950889888012947,0.2558663927108449,0.336402856429953,0.387254491054136,0.3265079133983113
ELM_huber,GHI,1.0,6.0,13500,250.0,4.0,102.91873103457186,0.7172816049388171,0.0421716293923338,0.3604286379018501,0.7960005636718149,0.2543052736269252,0.3356537551493021,0.3874945631397193,0.3258178639719822
ELM_huber,GHI,1.0,6.0,27000,500.0,0.0,100.64455749534277,0.7014319842747254,0.0457087543039738,0.3521678712738866,0.8049164224740137,0.2484767786163137,0.3282368847639976,0.3791000725950185,0.3186045786584432
ELM_huber,GHI,1.0,6.0,27000,500.0,1.0,99.93905729986332,0.6965150725773963,0.0461801848051139,0.351232966730553,0.8076418379259679,0.2478171441402867,0.3259360034036193,0.3750772761605611,0.316276807901489
ELM_huber,GHI,1.0,6.0,27000,500.0,2.0,100.14272163245003,0.6979344903828639,0.0497872249133049,0.3496534465521041,0.806857031337659,0.2467026924321262,0.3266002235833234,0.3775193809190871,0.3169407656448456
ELM_huber,GHI,1.0,6.0,27000,500.0,3.0,99.94850855528904,0.6965809421386737,0.0438648006968078,0.3500153180825648,0.8076054535105521,0.2469580157580065,0.3259668272326991,0.3757050222524564,0.316209955081054
ELM_huber,GHI,1.0,6.0,27000,500.0,4.0,100.696500509609,0.70179399581785,0.0460593740544716,0.3528827257532672,0.8047150038538604,0.2489811538098071,0.3284062889882528,0.3784116485689608,0.3185996971223402
ELM_huber,GHI,1.0,6.0,54000,1000.0,0.0,98.8853191298816,0.6891711518143637,0.0457379980096488,0.3456442276730041,0.8116768279266356,0.243873934123644,0.3224993969652859,0.3718218454254036,0.3127317255047778
ELM_huber,GHI,1.0,6.0,54000,1000.0,1.0,99.16679534702976,0.6911328716175384,0.0474189002627477,0.346638782070171,0.8106031814307413,0.2445756553563982,0.323417388746969,0.3731027310097481,0.3136985917043718
ELM_huber,GHI,1.0,6.0,54000,1000.0,2.0,99.82641066396371,0.6957299933311135,0.0507164510733668,0.3469695692430277,0.8080752278051656,0.2448090466956527,0.3255686235694088,0.3762345542480591,0.3155374081710402
ELM_huber,GHI,1.0,6.0,54000,1000.0,3.0,98.94463245711808,0.6895845300024426,0.0482253707768683,0.3453632833798634,0.8114508404081056,0.2436757100986138,0.3226928383419643,0.3725336357226851,0.3129673947210877
ELM_huber,GHI,1.0,6.0,54000,1000.0,4.0,99.28903781164546,0.6919848280139088,0.0530297308683717,0.345732224297937,0.8101359564145376,0.2439360213260153,0.3238160639140111,0.3744614748244386,0.314071186688155
ELM_l3,GHI,1.0,6.0,270,5.0,0.0,131.88593186348152,0.9191655583482876,0.0866924821905027,0.5142347941455724,0.6650059708577409,0.3628252760239507,0.4301258656839862,0.4596664517984977,0.4175391978354781
ELM_l3,GHI,1.0,6.0,270,5.0,1.0,146.8845701063112,1.0236970386975717,0.004625028767451,0.5826143218904214,0.5844794808885917,0.4110713716029848,0.4790416383302756,0.5023585353594952,0.4641571817642518
ELM_l3,GHI,1.0,6.0,270,5.0,2.0,135.56451827063665,0.944803091336758,0.1184989366058124,0.5501740295598676,0.6460579254546055,0.3881826869921204,0.4421230145876977,0.4620177186425261,0.430774473407448
ELM_l3,GHI,1.0,6.0,270,5.0,3.0,131.97773973276023,0.9198054039348031,0.0146009202074009,0.530006593366344,0.6645394193135099,0.3739532811119356,0.4304252830569551,0.4528364099437139,0.4190716580375349
ELM_l3,GHI,1.0,6.0,270,5.0,4.0,124.57565833646828,0.868217352173491,0.0297985803696104,0.4740938573819177,0.7011133594366523,0.3345032981513098,0.4062845227540361,0.4395498141634917,0.3934458783562792
ELM_l3,GHI,1.0,6.0,540,10.0,0.0,122.40317631602082,0.8530764601836373,0.0920864314519908,0.4831825666667823,0.7114470642078048,0.3409159592402226,0.3991993037581608,0.4259694588839517,0.3886949072941117
ELM_l3,GHI,1.0,6.0,540,10.0,1.0,120.3611875804421,0.8388450278408611,0.0299954195935732,0.4602094658565896,0.7209943165063932,0.3247069789505213,0.3925396687220532,0.4253244535395187,0.3808570337373644
ELM_l3,GHI,1.0,6.0,540,10.0,2.0,120.12033921912304,0.8371664597374924,0.0604720206796269,0.4628936312799094,0.7221098061386693,0.3266008279698746,0.3917541784999561,0.4220188239554895,0.3801246101417734
ELM_l3,GHI,1.0,6.0,540,10.0,3.0,119.96777810637084,0.8361032006134618,0.045460326748573,0.4790577190527757,0.7228152372927389,0.3380056175224956,0.3912566236829633,0.4162300187872554,0.3818307533309048
ELM_l3,GHI,1.0,6.0,540,10.0,4.0,123.22854034439008,0.8588287506459886,0.0938481618556989,0.4965925630940899,0.7075425221749412,0.3503775625984753,0.4018911027407409,0.4269322200217347,0.3930669617869837
ELM_l3,GHI,1.0,6.0,1350,25.0,0.0,111.53067676154988,0.7773016828254922,0.0408258678473003,0.4331977061988034,0.760432005782578,0.3056484685865678,0.3637403035680846,0.3951032175048105,0.354830663219821
ELM_l3,GHI,1.0,6.0,1350,25.0,1.0,113.2473779525262,0.789266056784303,0.0674486942044104,0.4395914220195334,0.753000296050435,0.3101596407862816,0.369339062855419,0.4006263548117101,0.3600416861511369
ELM_l3,GHI,1.0,6.0,1350,25.0,2.0,112.39762227121994,0.783343771183167,0.0665094419219751,0.4319509468512781,0.7566931311383767,0.3047688007586587,0.3665677142143821,0.3986229815824157,0.3566531655184855
ELM_l3,GHI,1.0,6.0,1350,25.0,3.0,113.07147285420037,0.788040104132383,0.0525492511762648,0.4402530097473205,0.7537670204392108,0.3106264329066928,0.3687653751873974,0.3977033091139459,0.359031705736012
ELM_l3,GHI,1.0,6.0,1350,25.0,4.0,112.9539466251576,0.7872210170590894,0.0389298186460603,0.4382681439812581,0.7542786224082149,0.3092259841668546,0.3683820813038623,0.3971973768991708,0.3582684807899626
ELM_l3,GHI,1.0,6.0,2700,50.0,0.0,109.8222577356346,0.7653950305718332,0.0509034695401757,0.4253320546239261,0.7677151650130044,0.3000987523163864,0.3581685552997898,0.3882089820962267,0.3488254299041343
ELM_l3,GHI,1.0,6.0,2700,50.0,1.0,108.5889881217448,0.7567998837109959,0.0548099992371678,0.4189981047935254,0.7729028446570062,0.2956297488150666,0.3541464344200192,0.3848231456602939,0.3448664429651266
ELM_l3,GHI,1.0,6.0,2700,50.0,2.0,109.12976437234556,0.7605687686656054,0.05364413901083,0.4232825095333055,0.7706353119016476,0.2986526682090993,0.3559100937401942,0.3863531111008119,0.3469719576833684
ELM_l3,GHI,1.0,6.0,2700,50.0,3.0,109.53421925655066,0.7633875757530202,0.052559215667058,0.4264078368890155,0.7689320263519964,0.300857784963956,0.357229161700975,0.3864164792451053,0.3481678086366788
ELM_l3,GHI,1.0,6.0,2700,50.0,4.0,109.7435652200934,0.7648465911062794,0.0543553391566843,0.4312986798447658,0.7680479305102571,0.3043085849985168,0.3579119116540896,0.3856807520163095,0.349300416222972
ELM_l3,GHI,1.0,6.0,5400,100.0,0.0,104.06192284169347,0.7252489637074522,0.0440578584537592,0.4034755320675389,0.7914434592542698,0.2846775888328435,0.3393821009912984,0.3688042294934705,0.3309546397725375
ELM_l3,GHI,1.0,6.0,5400,100.0,1.0,104.94958995909214,0.7314354691979372,0.0441414592696306,0.4076312344557609,0.7878702334412546,0.2876097005515484,0.342277092002967,0.3717673968877354,0.3338847298140837
ELM_l3,GHI,1.0,6.0,5400,100.0,2.0,103.41817580403637,0.7207624343487663,0.0365701287261887,0.3981293635431843,0.7940158196300082,0.2809055277187323,0.3372826181431931,0.3681099871390735,0.3287660443336663
ELM_l3,GHI,1.0,6.0,5400,100.0,3.0,105.26941879284414,0.7336644836530638,0.0457365635118105,0.4069968241311127,0.7865753528535917,0.2871620838134874,0.3433201649982784,0.3743284071506522,0.334936885320806
ELM_l3,GHI,1.0,6.0,5400,100.0,4.0,103.78860937240816,0.7233441333434389,0.0288176495808696,0.3953054184012103,0.7925375473622445,0.278913055238694,0.3384907307676636,0.3712599611141222,0.3295545823734933
ELM_l3,GHI,1.0,6.0,13500,250.0,0.0,102.84844824379304,0.7167917761927507,0.0296367184344739,0.3943865089914244,0.7962790893395235,0.2782647063442934,0.3354245385391657,0.3676012268004424,0.3270968238946338
ELM_l3,GHI,1.0,6.0,13500,250.0,1.0,101.17037464769898,0.7050966133189733,0.0278658309479648,0.3856605211605637,0.802872670606363,0.2721079682562491,0.3299517572652044,0.362557732647661,0.3215391527230382
ELM_l3,GHI,1.0,6.0,13500,250.0,2.0,101.7608383595302,0.7092117899697441,0.028116780740462,0.3857921704287508,0.8005649555400086,0.2722008551682436,0.3318774646671832,0.3647106076372179,0.3229296424908816
ELM_l3,GHI,1.0,6.0,13500,250.0,3.0,101.01649005023734,0.7040241303031696,0.0267021289868689,0.383333496907228,0.8034718932445883,0.2704661049933133,0.3294498861045477,0.3623480868654032,0.3207546926544214
ELM_l3,GHI,1.0,6.0,13500,250.0,4.0,100.8313105622498,0.7027335407378861,0.0323597357036365,0.3832524177462411,0.804191768129885,0.2704088985006765,0.328845951428179,0.3606763707647647,0.3199770735645401
ELM_l3,GHI,1.0,6.0,27000,500.0,0.0,101.28392978467964,0.7058880242709329,0.0210160247055454,0.3831008775091586,0.8024299049548907,0.2703019772480228,0.3303221000372237,0.3644231673775653,0.321682414887604
ELM_l3,GHI,1.0,6.0,27000,500.0,1.0,101.29466196494964,0.7059628211073412,0.0203765483367302,0.3820684686056365,0.8023880331551202,0.2695735472591257,0.3303571014074539,0.363988101895895,0.3213062501874915
ELM_l3,GHI,1.0,6.0,27000,500.0,2.0,100.57750179352524,0.7009646463962219,0.0162890950284733,0.380415753547944,0.8051762896478352,0.2684074519193644,0.3280181928126593,0.3613248864853803,0.319250177072468
ELM_l3,GHI,1.0,6.0,27000,500.0,3.0,100.96652785080354,0.7036759238471056,0.0205513698376169,0.3803169103420588,0.8036662486068336,0.268337711765904,0.3292869420059672,0.3640536882832593,0.3205594473517102
ELM_l3,GHI,1.0,6.0,27000,500.0,4.0,101.15944682073184,0.7050204529428523,0.0260986064516852,0.3824422447792627,0.8029152533686206,0.2698372700661217,0.3299161178230905,0.363949052175057,0.3212341466880897
ELM_l3,GHI,1.0,6.0,54000,1000.0,0.0,102.35933476154968,0.7133829496359708,0.0116740757534867,0.3801993594794978,0.7982121415508476,0.2682547721736378,0.3338293694639273,0.3721402229288293,0.3247414548554648
ELM_l3,GHI,1.0,6.0,54000,1000.0,1.0,103.39745819637233,0.7206180450939983,0.0148558791149342,0.3834432582826277,0.7940983403658431,0.2705435486081359,0.337215050823423,0.3761175252520928,0.3279587082278839
ELM_l3,GHI,1.0,6.0,54000,1000.0,2.0,102.03768782457416,0.711141264095756,0.0185837413698143,0.3776230787385639,0.7994783176373647,0.2664370426431076,0.3327803670020542,0.3719963832109137,0.3237379309520252
ELM_l3,GHI,1.0,6.0,54000,1000.0,3.0,103.13775769643009,0.7188080889321854,0.0138360025610049,0.3818627090857247,0.7951313562998072,0.2694283708621636,0.3363680772245114,0.3752958284190392,0.3270307588352381
ELM_l3,GHI,1.0,6.0,54000,1000.0,4.0,103.00338886493888,0.7178716190579758,0.0211325193786082,0.3820360304462546,0.7956648181286483,0.2695506600794454,0.3359298537601171,0.3745398465442534,0.3266734534612719
ELM_lp,GHI,1.0,6.0,270,5.0,0.0,132.87596299547258,0.9260654794040128,-0.0926131066191392,0.5024352099672945,0.6599576790127482,0.3544999206897887,0.4333547013276738,0.4734971959539396,0.4204506059904673
ELM_lp,GHI,1.0,6.0,270,5.0,1.0,147.89317474812842,1.030726405936742,-0.0862374838790471,0.580639932833575,0.5787534224450086,0.4096783148462571,0.4823310486454226,0.5088259655372864,0.466945109676322
ELM_lp,GHI,1.0,6.0,270,5.0,2.0,134.46250245452356,0.937122704440188,0.0097025512639483,0.5386130651387652,0.651788988343077,0.3800256930373275,0.4385289579646325,0.4618296518713465,0.4267947676244355
ELM_lp,GHI,1.0,6.0,270,5.0,3.0,135.43717220684647,0.943915565926176,-0.0994876657013731,0.5358807611921084,0.6467225825532038,0.3780978792353186,0.4417076948098015,0.4687387920461813,0.4295147886971004
ELM_lp,GHI,1.0,6.0,270,5.0,4.0,124.28998650209031,0.8662263914437129,-0.0163615915012896,0.4699814126490921,0.702482577099883,0.3316017074532321,0.4053528476062232,0.4404327764732988,0.3924624438442514
ELM_lp,GHI,1.0,6.0,540,10.0,0.0,123.66211375858416,0.8618504963599681,0.0490067185096315,0.4800697447793481,0.7054809078822815,0.3387196658867201,0.4033051363490474,0.4340568315796629,0.3920272112718101
ELM_lp,GHI,1.0,6.0,540,10.0,1.0,121.35901341139532,0.8457992732564512,-0.0194211515099444,0.4580782853262472,0.7163490802088762,0.3232032958606535,0.3957939255883947,0.4327837400723978,0.3839269871738153
ELM_lp,GHI,1.0,6.0,540,10.0,2.0,120.007614397289,0.836380835582309,0.0230950835187317,0.4541899855564831,0.7226311237529974,0.3204598536562562,0.3913865436742369,0.4253538214970406,0.3790667396091779
ELM_lp,GHI,1.0,6.0,540,10.0,3.0,119.84599406080444,0.8352544391219265,-0.0242750481005775,0.4663693359349022,0.7233777141249639,0.3290531581411942,0.3908594435797816,0.4228347749785155,0.3809157922331638
ELM_lp,GHI,1.0,6.0,540,10.0,4.0,126.86935564776849,0.8842030417768794,0.0059086655601481,0.490987773967612,0.6900057844066589,0.3464230282398089,0.41376506694628,0.4445273237134738,0.4015718062998543
ELM_lp,GHI,1.0,6.0,1350,25.0,0.0,112.2660874001874,0.7824270523074947,0.023127832037578,0.4206081855532429,0.7572622643779708,0.2967657629524142,0.3661387332800921,0.4065410282697139,0.3564818415007401
ELM_lp,GHI,1.0,6.0,1350,25.0,1.0,114.0242726189827,0.7946805449695211,0.0417666788017491,0.4212155798042797,0.7495997588690151,0.2971943181363433,0.3718727864014662,0.4144272410211921,0.3611647818530005
ELM_lp,GHI,1.0,6.0,1350,25.0,2.0,113.28284691384138,0.7895132540946654,0.0553654249826645,0.4185170317812556,0.7528455517191666,0.295290321280307,0.3694547394668289,0.410374082415499,0.3583730477208783
ELM_lp,GHI,1.0,6.0,1350,25.0,3.0,113.91107500291528,0.7938916257231224,0.036322713053209,0.4293520051110779,0.750096681850412,0.3029350824552813,0.3715036096294147,0.4087866366748222,0.361075109586506
ELM_lp,GHI,1.0,6.0,1350,25.0,4.0,114.06933917688862,0.7949946317509929,0.033024333740948,0.4250517926437215,0.7494017851084179,0.2999010097064261,0.3720197641113613,0.4110829182109171,0.3610012306762349
ELM_lp,GHI,1.0,6.0,2700,50.0,0.0,111.72761953895476,0.7786742554372807,0.0344357703245647,0.4093582461767475,0.7595851922564236,0.2888282169014673,0.3643826024200134,0.4085267074390869,0.3539125089201893
ELM_lp,GHI,1.0,6.0,2700,50.0,1.0,109.27549224979326,0.7615844042527262,0.0429461155830307,0.3978378949270425,0.7700223325463866,0.2806998781160451,0.3563853630017131,0.4016993836417359,0.346261541586498
ELM_lp,GHI,1.0,6.0,2700,50.0,2.0,109.73803246500816,0.7648080311336937,0.0422795463915553,0.4073061386810849,0.7680713177884011,0.2873803248548358,0.3578938674166412,0.3991744799183176,0.3481495573965982
ELM_lp,GHI,1.0,6.0,2700,50.0,3.0,110.95352297340224,0.773279268331089,0.0435578979768587,0.4076130615385098,0.7629050441045889,0.2875968784053365,0.3618580044535986,0.406305846040553,0.351920242966496
ELM_lp,GHI,1.0,6.0,2700,50.0,4.0,108.59146810776404,0.7568171677207599,0.0394459995606829,0.398902653270433,0.7728924715204435,0.2814511326873764,0.3541545225164396,0.39837483989743,0.3446601650337487
ELM_lp,GHI,1.0,6.0,5400,100.0,0.0,105.09849325993282,0.732473235574709,0.0325272431031498,0.3817519319911217,0.7872678636697269,0.2693502105929946,0.3427627174239073,0.3875944306154169,0.3332357862107729
ELM_lp,GHI,1.0,6.0,5400,100.0,1.0,105.9691854682612,0.7385414361667636,0.0349722773384463,0.3854694240579076,0.7837284892012666,0.2719731371250072,0.3456023473568345,0.3920432176144511,0.3365395673654309
ELM_lp,GHI,1.0,6.0,5400,100.0,2.0,105.01322609799706,0.731878974781294,0.0378329410410405,0.3783732594675694,0.7876129058635393,0.2669663427472001,0.3424846315710507,0.3895242658828539,0.3329917467337016
ELM_lp,GHI,1.0,6.0,5400,100.0,3.0,106.39923357349664,0.7415386125993078,0.0378015602235134,0.3852037261823433,0.7819695651220637,0.2717856704149788,0.3470048837072742,0.3941534503906018,0.337648001504285
ELM_lp,GHI,1.0,6.0,5400,100.0,4.0,105.08470874562504,0.7323771658073633,0.0439066163276214,0.3793691952443135,0.7873236630781003,0.2676690386308961,0.3427177613314272,0.3894606387638138,0.3332824795753791
ELM_lp,GHI,1.0,6.0,13500,250.0,0.0,101.33516291284108,0.7062450883352122,0.0367695678847418,0.3632762934125237,0.8022299779951996,0.2563144752765297,0.3304891890761437,0.3777610946134546,0.3215215863220426
ELM_lp,GHI,1.0,6.0,13500,250.0,1.0,102.35786075192068,0.7133726766761145,0.0369347935035737,0.3647725237033711,0.7982179531381437,0.2573701606841538,0.33382456220618,0.3823188719743519,0.3245045316215619
ELM_lp,GHI,1.0,6.0,13500,250.0,2.0,102.34665531213184,0.7132945815057311,0.0403487582619756,0.3657294119507056,0.7982621301617245,0.2580453060582433,0.3337880173721598,0.3814443089324236,0.3244258774542756
ELM_lp,GHI,1.0,6.0,13500,250.0,3.0,101.73269126219904,0.7090156216440652,0.0425371905205077,0.3642148646230322,0.8006752679420542,0.2569766968189025,0.3317856671992124,0.3793848691251901,0.3227157443811017
ELM_lp,GHI,1.0,6.0,13500,250.0,4.0,101.85603182777592,0.7098752311431497,0.0406147920189349,0.3627303368423488,0.8001916529273867,0.2559292682747359,0.3321879236551747,0.3806747745923792,0.3229306555074299
ELM_lp,GHI,1.0,6.0,27000,500.0,0.0,99.82084369380252,0.6956911949000434,0.0438314757832831,0.3540222696445703,0.8080966331563414,0.2497851743304147,0.325550467744705,0.3738708664620288,0.3164021695123828
ELM_lp,GHI,1.0,6.0,27000,500.0,1.0,99.1847337395439,0.6912578914156182,0.0449571558088255,0.3530447264910866,0.8105346548287267,0.2490954556094608,0.3234758920801154,0.3702759862072877,0.314282444632288
ELM_lp,GHI,1.0,6.0,27000,500.0,2.0,99.3075942225088,0.6921141550278757,0.0492113573748539,0.3521459979297618,0.8100649813198323,0.2484613455841463,0.3238765828198095,0.3720712346773592,0.3148030543604384
ELM_lp,GHI,1.0,6.0,27000,500.0,3.0,99.23033455751433,0.69157570166815,0.0437172088662625,0.3522191658834367,0.8103603989631921,0.2485129702180498,0.3236246121977829,0.3709555681700957,0.3143643835286428
ELM_lp,GHI,1.0,6.0,27000,500.0,4.0,99.94476851052698,0.6965548762779454,0.0447154830341499,0.3550164694542909,0.8076198519395694,0.2504866453792265,0.3259546296467379,0.3736499643905976,0.3166970798055207
ELM_lp,GHI,1.0,6.0,54000,1000.0,0.0,98.33793925771168,0.6853562435923669,0.0503960001985262,0.3471782238021177,0.8137559839237639,0.2449562657264483,0.3207142009398387,0.3685714178603839,0.3114139615088903
ELM_lp,GHI,1.0,6.0,54000,1000.0,1.0,98.40162759680447,0.6858001129796123,0.0449325633114674,0.3481752109683386,0.813514664791,0.2456597034321319,0.3209219107508793,0.3682654191216691,0.3116156777682267
ELM_lp,GHI,1.0,6.0,54000,1000.0,2.0,97.92544346469658,0.6824813962106501,0.0469863640325345,0.3460297586495859,0.8153151735093689,0.2441459506899802,0.3193689087805106,0.3666946428170528,0.3100698340958479
ELM_lp,GHI,1.0,6.0,54000,1000.0,3.0,98.13929156013153,0.6839717887132076,0.0470516681160573,0.346417545524493,0.8145076689274213,0.2444195589357241,0.3200663417506096,0.367837407442632,0.3107744360429886
ELM_lp,GHI,1.0,6.0,54000,1000.0,4.0,98.4855848944472,0.6863852448073577,0.0507144171221818,0.3470364441307208,0.8131963065595058,0.2448562311722042,0.321195724680984,0.3696908872407145,0.311914281031301
ELM_m_estimator,GHI,1.0,6.0,270,5.0,0.0,135.42653454274912,0.9438414278105984,-0.1411184701589601,0.5049583933754331,0.6467780754264574,0.3562801866829487,0.4416730016896629,0.4866140068750253,0.4281890650825457
ELM_m_estimator,GHI,1.0,6.0,270,5.0,1.0,149.14759623570387,1.0394689686251182,-0.1305234166844432,0.5822142662844755,0.5715771375792664,0.4107891069890288,0.4864221531374051,0.5153620665086548,0.4708577755450296
ELM_m_estimator,GHI,1.0,6.0,270,5.0,2.0,134.74787183888455,0.9391115572754032,-0.0245951851225445,0.5366376840028517,0.6503094054820098,0.3786319363058695,0.4394596467178123,0.4647343970492711,0.4276086600243176
ELM_m_estimator,GHI,1.0,6.0,270,5.0,3.0,136.9418211506512,0.9544020633638408,-0.1259029218867621,0.5380677786161254,0.6388294587105346,0.3796409587965851,0.4466148780124377,0.4762809605533261,0.4341789324541163
ELM_m_estimator,GHI,1.0,6.0,270,5.0,4.0,124.38383034623574,0.8668804265495251,-0.0387239040169781,0.4693478655126126,0.7020331327018339,0.3311546997491943,0.4056589050009114,0.4413317505856362,0.3927151184452473
ELM_m_estimator,GHI,1.0,6.0,540,10.0,0.0,124.28244820462022,0.8661738540479105,0.0368781197087806,0.4802704500610592,0.7025186653944646,0.3388612761979345,0.4053282625979567,0.4371870828777903,0.3937922072245605
ELM_m_estimator,GHI,1.0,6.0,540,10.0,1.0,122.22634637919111,0.851844061964038,-0.0363288203495042,0.4596053894787235,0.712280178877158,0.3242807647366368,0.3986225998703159,0.4369368612504322,0.3866134086191283
ELM_m_estimator,GHI,1.0,6.0,540,10.0,2.0,120.21394540889769,0.8378188385353926,0.0047282462034808,0.4526839589284244,0.721676534343507,0.3193972563111413,0.3920594608211355,0.4269362345782766,0.3794643172368511
ELM_m_estimator,GHI,1.0,6.0,540,10.0,3.0,120.21991151123407,0.8378604186774723,-0.0405404950567881,0.46449417729904,0.7216489078068726,0.3277301147427485,0.392078918354596,0.4260364969632051,0.3819485100201832
ELM_m_estimator,GHI,1.0,6.0,540,10.0,4.0,127.83222490675432,0.8909136609274362,-0.0275287935863331,0.489772872271548,0.6852825545268054,0.3455658380064082,0.4169053182809749,0.4508309085445303,0.4044340216106378
ELM_m_estimator,GHI,1.0,6.0,1350,25.0,0.0,113.4183944345564,0.790457938723271,0.0233735559490183,0.4196556293844742,0.7522537372235517,0.296093674134628,0.3698968070464796,0.413757162128525,0.3599158811032109
ELM_m_estimator,GHI,1.0,6.0,1350,25.0,1.0,115.78602069537942,0.8069588686044212,0.0359323143930506,0.4201302858552829,0.7418022943937013,0.2964285743922503,0.3776184592398826,0.4240013212192424,0.3660161182837917
ELM_m_estimator,GHI,1.0,6.0,1350,25.0,2.0,114.85711049277842,0.8004849236357267,0.0551561289869304,0.4185937700348333,0.7459285333986823,0.2953444649873313,0.3745889601917959,0.4188816162075079,0.3629383471288783
ELM_m_estimator,GHI,1.0,6.0,1350,25.0,3.0,115.0661736777579,0.8019419681926143,0.0311612915434718,0.4286616804840386,0.7450027686527714,0.3024480146290603,0.3752707879057255,0.4159167136898962,0.364545172074894
ELM_m_estimator,GHI,1.0,6.0,1350,25.0,4.0,115.76537151307342,0.8068149562332111,0.0357312582294624,0.4245480833967119,0.7418943797084574,0.2995456108717639,0.3775511150789888,0.4209995279435615,0.366032084631438
ELM_m_estimator,GHI,1.0,6.0,2700,50.0,0.0,112.89892508370936,0.786837550034579,0.0165117228544381,0.4080040200456847,0.7545179531527725,0.2878727244388888,0.3682026369324096,0.4177846252673328,0.3579533288795438
ELM_m_estimator,GHI,1.0,6.0,2700,50.0,1.0,111.7838731103206,0.7790663089687151,0.0436913211896551,0.395446114255244,0.7593430391301317,0.2790123250910189,0.3645660648692654,0.4164106099397534,0.3533296666333459
ELM_m_estimator,GHI,1.0,6.0,2700,50.0,2.0,112.0334109498615,0.7808054375047901,0.0400121831981864,0.4049521107690085,0.7582673911799503,0.285719408797247,0.3653798945001964,0.4132730745065827,0.354790792601342
ELM_m_estimator,GHI,1.0,6.0,2700,50.0,3.0,113.76834618671334,0.7928968917876453,0.0428119546778237,0.407580338782424,0.7507225394991717,0.2875737904246237,0.3710381213490539,0.421460940061354,0.3600242839450105
ELM_m_estimator,GHI,1.0,6.0,2700,50.0,4.0,110.91851858358812,0.7730353088044472,0.0440980236965565,0.3969474884806792,0.7630546212404228,0.280071639870883,0.3617438429713328,0.4116421742344501,0.3511525523588887
ELM_m_estimator,GHI,1.0,6.0,5400,100.0,0.0,108.21591615548132,0.754199796671162,0.0278571026389326,0.3790489146503127,0.7744606092913484,0.2674430603496782,0.3529297170629503,0.4058414397453412,0.3420714057193232
ELM_m_estimator,GHI,1.0,6.0,5400,100.0,1.0,108.8126540250583,0.7583587004247864,0.0412825647537396,0.3782964697828023,0.77196635556055,0.2669121627522083,0.3548758866741557,0.4106268270090555,0.3441382921451399
ELM_m_estimator,GHI,1.0,6.0,5400,100.0,2.0,107.5773031237682,0.7497490482435686,0.0399881458520394,0.3765492393729897,0.7771146995772107,0.265679380834425,0.3508469779927437,0.4045594587499654,0.340361939192378
ELM_m_estimator,GHI,1.0,6.0,5400,100.0,3.0,109.17181215225612,0.7608618163815575,0.0327536568107553,0.3822046516512037,0.770458529078863,0.269669633038735,0.3560472261657575,0.4096026420045999,0.3451065004030307
ELM_m_estimator,GHI,1.0,6.0,5400,100.0,4.0,107.54440586905086,0.7495197741801932,0.0516283397051402,0.3785692039296039,0.7772509958622645,0.2671045939980537,0.3507396886104419,0.4034087002476039,0.3404176609520332
ELM_m_estimator,GHI,1.0,6.0,13500,250.0,0.0,103.20719486838188,0.7192920242240349,0.0380078725959154,0.3592789671331219,0.7948554090968749,0.2534941079517329,0.3365945359777265,0.3897731359472762,0.3266205932922452
ELM_m_estimator,GHI,1.0,6.0,13500,250.0,1.0,104.68740419462104,0.7296081922383255,0.0344127586660638,0.3630750734190689,0.7889287975223179,0.2561725018035209,0.3414220130925803,0.3956515486670252,0.3310820211877088
ELM_m_estimator,GHI,1.0,6.0,13500,250.0,2.0,104.9277528981545,0.7312832780276901,0.0442204859852277,0.3640617318970416,0.7879585007458925,0.2568686519642789,0.3422058737569639,0.3963408737351122,0.3318051331521183
ELM_m_estimator,GHI,1.0,6.0,13500,250.0,3.0,104.27297553408516,0.726719873933449,0.0407853164806014,0.3619084229230288,0.7905966354769913,0.2553493558533279,0.3400704171804267,0.3949173313177847,0.3301123681171798
ELM_m_estimator,GHI,1.0,6.0,13500,250.0,4.0,103.88754816520546,0.7240336771745275,0.0441481622255198,0.3610733801747808,0.7921418224708228,0.2547601802100728,0.3388134045608451,0.3923104106016131,0.3286279984575104
ELM_m_estimator,GHI,1.0,6.0,27000,500.0,0.0,102.0258151148711,0.7110585184557235,0.0512182928331462,0.3510171850887603,0.7995249787734219,0.2476648965004233,0.3327416459689093,0.3872848723429161,0.3225638049374162
ELM_m_estimator,GHI,1.0,6.0,27000,500.0,1.0,101.0475613032518,0.70424067823381,0.0455976585022484,0.3504848195127132,0.8033509760825702,0.2472892788073501,0.3295512202606013,0.381332633322932,0.3193910441302945
ELM_m_estimator,GHI,1.0,6.0,27000,500.0,2.0,101.37555659476686,0.7065266079838695,0.0503775230759917,0.3490484749114931,0.8020722785090187,0.2462758465535698,0.3306209269132352,0.3841127292912551,0.3203365009193533
ELM_m_estimator,GHI,1.0,6.0,27000,500.0,3.0,100.48320003179911,0.7003074198805088,0.0467847655829423,0.3468775487624523,0.8055414529470105,0.2447441204078077,0.3277106419895741,0.3800346716255466,0.3174964780076428
ELM_m_estimator,GHI,1.0,6.0,27000,500.0,4.0,101.84962969813434,0.7098306121532127,0.0466993829214526,0.3522126602768498,0.8002167699227506,0.2485083800998149,0.3321670440851145,0.3849077089723292,0.3218610443857528
ELM_m_estimator,GHI,1.0,6.0,54000,1000.0,0.0,100.10403355074124,0.6976648577410588,0.054702136586398,0.3443034909914281,0.8070062361413747,0.2429279593235986,0.3264740483013846,0.3789077606132364,0.3161032560794065
ELM_m_estimator,GHI,1.0,6.0,54000,1000.0,1.0,99.681624836116,0.6947209232626521,0.0504340798235209,0.3444381230585581,0.8086315502318184,0.2430229507895092,0.32509642665908,0.3768485939728521,0.3149893238071471
ELM_m_estimator,GHI,1.0,6.0,54000,1000.0,2.0,100.98048443118364,0.7037731928114027,0.0533224160346213,0.3460244609362768,0.8036119665150159,0.244142212817095,0.3293324592657171,0.3825068669272504,0.3186605130033542
ELM_m_estimator,GHI,1.0,6.0,54000,1000.0,3.0,99.7209696125564,0.6949951326714492,0.0493780877465722,0.3436132785785381,0.8084804524779478,0.2424409706715801,0.3252247436507974,0.3771979041629504,0.3149545394951093
ELM_m_estimator,GHI,1.0,6.0,54000,1000.0,4.0,100.15682315837353,0.6980327695303506,0.0537326857552027,0.3439898770100402,0.8068026329291322,0.2427066847605829,0.3266462135608715,0.3795213384788011,0.3162914122667519
ELM_mae,GHI,1.0,6.0,270,5.0,0.0,134.60630836260486,0.9381249450577251,-0.124402524205327,0.5048876505638971,0.6510437757076333,0.356230273140702,0.4389979590159953,0.4821849722818627,0.4258044014795201
ELM_mae,GHI,1.0,6.0,270,5.0,1.0,148.66905477056864,1.0361338226639163,-0.1130711268959644,0.5816008079114517,0.5743219247322415,0.4103562731822629,0.4848614630846553,0.5127890853374181,0.4693356072014454
ELM_mae,GHI,1.0,6.0,270,5.0,2.0,134.88821138666378,0.940089639448158,-0.0115015844851493,0.5389509760466806,0.6495806225307623,0.3802641106236747,0.4399173427633672,0.4640907464674035,0.4280907332848152
ELM_mae,GHI,1.0,6.0,270,5.0,3.0,137.6627669286947,0.9594266214744068,-0.131575331173893,0.5392183653613386,0.63501660174292,0.3804527707513073,0.4489661327862461,0.4796120957618817,0.436343666433145
ELM_mae,GHI,1.0,6.0,270,5.0,4.0,124.32205937589627,0.8664499200683597,-0.0282822168227199,0.4696217020800048,0.7023290092991348,0.3313479088227161,0.4054574483958286,0.4408123055122916,0.3925392209102789
ELM_mae,GHI,1.0,6.0,540,10.0,0.0,124.22328960534855,0.8657615542206103,0.0387564140036093,0.4810435267498407,0.7028018009594004,0.3394067308544226,0.405135325842953,0.4364189768530472,0.3936536778501409
ELM_mae,GHI,1.0,6.0,540,10.0,1.0,121.88451394396596,0.8494616956513782,-0.0317420389579454,0.4590991013547677,0.7138872699625682,0.3239235463406566,0.3975077654824277,0.4352366673595533,0.3855559930608792
ELM_mae,GHI,1.0,6.0,540,10.0,2.0,120.1212504315866,0.8371728103398728,0.0127027654243575,0.4534124815998835,0.7221055900671827,0.3199112752814077,0.3917571502805256,0.4261701441028498,0.3792795232215944
ELM_mae,GHI,1.0,6.0,540,10.0,3.0,120.22041998563748,0.8378639624379955,-0.0405249104213941,0.4655501270692586,0.7216465532101495,0.3284751543067935,0.3920805766663647,0.4251790515256637,0.381911594166274
ELM_mae,GHI,1.0,6.0,540,10.0,4.0,127.38588394372958,0.8878029330833397,-0.0101762083701403,0.4907493718004662,0.6874764622357722,0.346254820384012,0.4154496452580936,0.4475142030692988,0.4030728895704681
ELM_mae,GHI,1.0,6.0,1350,25.0,0.0,112.77571136377811,0.7859788245732918,0.0221448753466395,0.4198812033538903,0.7550534808568548,0.2962528308829635,0.3678007941641876,0.4098649669174871,0.3579728639882127
ELM_mae,GHI,1.0,6.0,1350,25.0,1.0,114.7949983473472,0.8000520393695367,0.0384597143800292,0.4202368810964015,0.7462032513822916,0.2965037840984429,0.3743863908961506,0.4188408326555358,0.3632436692167098
ELM_mae,GHI,1.0,6.0,1350,25.0,2.0,113.92803505391323,0.7940098270697324,0.055481423267638,0.4178908678466577,0.7500222608418698,0.2948485228936688,0.3715589222508177,0.4141906921897957,0.3601993791114274
ELM_mae,GHI,1.0,6.0,1350,25.0,3.0,114.45772373357764,0.797701438328911,0.0331680912344839,0.428966234955978,0.7476924008016114,0.3026628971333244,0.3732864211482702,0.4121119782355901,0.3626870988390616
ELM_mae,GHI,1.0,6.0,1350,25.0,4.0,114.78299947672076,0.7999684144638091,0.0338853284068115,0.4243763556531237,0.746256304481177,0.2994244460523513,0.3743472584083826,0.4155112165794872,0.363094307013407
ELM_mae,GHI,1.0,6.0,2700,50.0,0.0,111.3707252128506,0.7761869168114717,0.0155899174682225,0.3981927145856143,0.7611186651850563,0.2809502258988588,0.3632186459706467,0.4130080340022956,0.352392301957267
ELM_mae,GHI,1.0,6.0,2700,50.0,1.0,110.193024345585,0.7679790506658393,0.0429817852336457,0.3958268244173949,0.7661441020680955,0.2792809402668882,0.3593777540886091,0.4078487448974312,0.3488358130843096
ELM_mae,GHI,1.0,6.0,2700,50.0,2.0,110.61187600952064,0.7708981946420522,0.0407820269370335,0.4055386201344157,0.7643629168824636,0.2861332283691958,0.3607437749522292,0.4051263010093822,0.350667768110269
ELM_mae,GHI,1.0,6.0,2700,50.0,3.0,112.039380852938,0.7808470441357405,0.043005516841944,0.4066908709048363,0.7582416281743882,0.286946214399286,0.3653993644291914,0.4127772476287406,0.3550409421524059
ELM_mae,GHI,1.0,6.0,2700,50.0,4.0,109.42707435505064,0.7626408402838165,0.0406058546123366,0.3973282979899275,0.7693838604289178,0.2803403251424333,0.3568797249349746,0.4037900880074275,0.3470033793616118
ELM_mae,GHI,1.0,6.0,5400,100.0,0.0,106.0948726223496,0.73941739997528,0.0322544705057006,0.3794115594094211,0.7832151575035158,0.2676989292374316,0.3460122568535774,0.3944677237546173,0.3360596366152087
ELM_mae,GHI,1.0,6.0,5400,100.0,1.0,107.11955543513233,0.7465588223880683,0.0336484806324798,0.3836431385990609,0.779007443985069,0.2706845768540019,0.3493541036728113,0.399611171036007,0.3398832838542734
ELM_mae,GHI,1.0,6.0,5400,100.0,2.0,105.36032315234232,0.7342980323202631,0.0394878697249733,0.3761572359029931,0.7862065922402529,0.265402797513298,0.3436166357118044,0.3929348568561639,0.3339847633604221
ELM_mae,GHI,1.0,6.0,5400,100.0,3.0,107.58246717111548,0.749785038545159,0.0371458103455775,0.3834436916029264,0.7770933006791804,0.2705438543431012,0.3508638197461006,0.4016778057233608,0.3410284932708542
ELM_mae,GHI,1.0,6.0,5400,100.0,4.0,105.64657230595236,0.7362930166175802,0.0469085648671356,0.3782323724219955,0.7850433210276327,0.2668669379971122,0.3445501936983019,0.3934107567125849,0.334942629469333
ELM_mae,GHI,1.0,6.0,13500,250.0,0.0,101.8907134044623,0.7101169408566036,0.035182754834334,0.3611602175988138,0.8000555618555161,0.2548214495226567,0.3323010323316252,0.381495199921229,0.322872560591837
ELM_mae,GHI,1.0,6.0,13500,250.0,1.0,102.9582779833159,0.7175572233668759,0.0326039408248784,0.3644166773332715,0.7958437582940778,0.2571190884912112,0.3357827314951742,0.3855671893918848,0.3261563364594234
ELM_mae,GHI,1.0,6.0,13500,250.0,2.0,103.0442518923748,0.7181564097623233,0.0385493254582991,0.3652571177153924,0.7955026601555396,0.2577120725076494,0.3360631222960556,0.3851880787427507,0.3263210911821519
ELM_mae,GHI,1.0,6.0,13500,250.0,3.0,102.50435465041888,0.7143936509688624,0.0383417782608706,0.3635090818215031,0.7976399615428134,0.2564787222697411,0.3343023297286038,0.3835144891991596,0.3247651803991682
ELM_mae,GHI,1.0,6.0,13500,250.0,4.0,102.4845738136467,0.7142557904433355,0.0389557237872329,0.3621043853927846,0.797718055096543,0.2554876198097715,0.3342378175443217,0.3841345031322092,0.3246199801621008
ELM_mae,GHI,1.0,6.0,27000,500.0,0.0,100.26331160085782,0.6987749298753603,0.0423613980948654,0.3530331078837824,0.8063915930619123,0.2490872579447945,0.3269935093858448,0.3764296213904077,0.3175034629070157
ELM_mae,GHI,1.0,6.0,27000,500.0,1.0,99.58822770870326,0.6940700015035723,0.0432519079511587,0.3521313193504302,0.808989989217932,0.2484509889150561,0.3247918261629301,0.3725979168362522,0.3152802439714128
ELM_mae,GHI,1.0,6.0,27000,500.0,2.0,99.86752087931256,0.6960165067864231,0.0469574298348853,0.3512182464464702,0.8079171194790118,0.2478067580458483,0.3257026982710508,0.3752562119382204,0.3162552227517065
ELM_mae,GHI,1.0,6.0,27000,500.0,3.0,99.71243035223952,0.694935619167119,0.042216223769258,0.3513914901532767,0.8085132513016253,0.247928992473501,0.3251968941547655,0.3736857224722334,0.3156038697001666
ELM_mae,GHI,1.0,6.0,27000,500.0,4.0,100.35003431561442,0.6993793349957884,0.0426823276829724,0.3539453498909193,0.8060565251743665,0.2497309025635723,0.3272763423023818,0.376003658058149,0.317670300974701
ELM_mae,GHI,1.0,6.0,54000,1000.0,0.0,98.72693483214294,0.6880673085961556,0.0501307939037357,0.3461305335102937,0.8122796180347517,0.2442170537484836,0.321982850717987,0.370944498683224,0.3123814677165649
ELM_mae,GHI,1.0,6.0,54000,1000.0,1.0,98.72898670598236,0.6880816089217219,0.0453920237165225,0.3468790610679844,0.812271815046759,0.244745187435318,0.3219895425917827,0.3705075326961878,0.3124140875744295
ELM_mae,GHI,1.0,6.0,54000,1000.0,2.0,98.2881800549172,0.6850094519006884,0.0468667696189056,0.3447618129021146,0.8139444159609805,0.2432513345126092,0.3205519188838582,0.3691489323676182,0.3109840619213619
ELM_mae,GHI,1.0,6.0,54000,1000.0,3.0,98.47483162298975,0.6863103009780683,0.0471265962362842,0.3454426260411292,0.8132370971211498,0.2437316913805146,0.3211606545250605,0.3699407250816027,0.3116110236623926
ELM_mae,GHI,1.0,6.0,54000,1000.0,4.0,98.86583040928244,0.6890353271627279,0.0502516393476492,0.3458787633553115,0.8117510516040917,0.2440394139290547,0.3224358374733799,0.3719803726383698,0.3128185413469348
ELM_ols,GHI,1.0,6.0,270,5.0,0.0,131.72216766878984,0.9180242204866648,-0.0658082853741387,0.5011698907115444,0.6658373858007642,0.3536071576689807,0.4295917737227397,0.4673396078326204,0.4168461797414469
ELM_ols,GHI,1.0,6.0,270,5.0,1.0,147.4458038250232,1.0276084998908537,-0.0684479992701352,0.5801467685784935,0.5812980758880207,0.4093303561724914,0.4808720165647177,0.5065852287776497,0.4655958671716196
ELM_ols,GHI,1.0,6.0,270,5.0,2.0,134.28482722140015,0.9358844150142348,0.0251750984785874,0.5388524100354418,0.6527086141994016,0.3801945660486256,0.4379494972717596,0.4607246427534667,0.426289568691284
ELM_ols,GHI,1.0,6.0,270,5.0,3.0,134.22962774469644,0.9354997078880992,-0.0800437196709019,0.5340373176059252,0.6529940725502634,0.3767972128167756,0.4377694725915907,0.4629077605389802,0.4258248153157822
ELM_ols,GHI,1.0,6.0,270,5.0,4.0,124.31311390799996,0.8663875755417112,-0.0062986390942785,0.4704738520950078,0.7023718449874203,0.3319491547281414,0.4054282741156875,0.4403307416346823,0.3925693901595037
ELM_ols,GHI,1.0,6.0,540,10.0,0.0,123.1534976032395,0.8583057479110111,0.0574303479610479,0.4789807231792812,0.7078986105980791,0.3379512920482737,0.4016463622779438,0.4320205304683692,0.3905393949315289
ELM_ols,GHI,1.0,6.0,540,10.0,1.0,121.02609837394404,0.843479055838583,-0.009406879761689,0.4574741268949319,0.71790318204788,0.3227770237528542,0.3947081739342216,0.4311758811413538,0.3828870262761432
ELM_ols,GHI,1.0,6.0,540,10.0,2.0,119.90229640863684,0.8356468325959725,0.0318875435140162,0.4547527091797419,0.7231177447761099,0.3208568908778882,0.3910430651060451,0.4247011051643512,0.3788670203827615
ELM_ols,GHI,1.0,6.0,540,10.0,3.0,119.61697131767076,0.8336582884590582,-0.0109779105717858,0.4671957667583931,0.7244339406998072,0.3296362575250972,0.390112520809022,0.4212522537837321,0.3803336773726171
ELM_ols,GHI,1.0,6.0,540,10.0,4.0,122.62024183019574,0.8545892761581362,0.02360292013875,0.481837072356328,0.7104227373802718,0.3399666276311269,0.3999072298491049,0.4327258176746508,0.3908665583849608
ELM_ols,GHI,1.0,6.0,1350,25.0,0.0,111.84914680115868,0.7795212273033463,0.0264494546636769,0.4212047018862195,0.7590619045807909,0.2971866430749361,0.3647789450633954,0.4040054024437976,0.3553236635273764
ELM_ols,GHI,1.0,6.0,1350,25.0,1.0,113.37351981963288,0.7901451896688492,0.04709242459106,0.4221276881601612,0.7524497427981762,0.29783786845568,0.369750455329367,0.4108376997348832,0.3594753411733101
ELM_ols,GHI,1.0,6.0,1350,25.0,2.0,112.83614483740858,0.7864000095074816,0.0573697298995498,0.4193264967163418,0.7547908900013748,0.2958614501534365,0.3679978887276054,0.4076671742441098,0.3571755043750506
ELM_ols,GHI,1.0,6.0,1350,25.0,3.0,113.4740688634357,0.79084595598018,0.0405317771945166,0.4295080988379515,0.7520104518707971,0.3030452164839064,0.3700783807107803,0.4064590594244536,0.3598608855397134
ELM_ols,GHI,1.0,6.0,1350,25.0,4.0,113.54887035385184,0.7913672773427558,0.0356077695032965,0.4257206453414938,0.7516833973812701,0.300372927724132,0.3703223343710768,0.4079408669393505,0.3595453763448531
ELM_ols,GHI,1.0,6.0,2700,50.0,0.0,110.73601618590502,0.7717633769471514,0.0388882398341735,0.4098582466367785,0.763833707091349,0.2891809989515895,0.3611486392169695,0.4029769392033083,0.3511021924572891
ELM_ols,GHI,1.0,6.0,2700,50.0,1.0,108.57354663341238,0.756692265832089,0.0456749793968786,0.3995510787012663,0.7729674270572179,0.2819086379721246,0.3540960743593017,0.3970826347036212,0.3443624490116825
ELM_ols,GHI,1.0,6.0,2700,50.0,2.0,109.075864456083,0.7601931186934942,0.045522540052279,0.4088042710698714,0.7708618254387023,0.2884373523132461,0.3557343073783348,0.3946756034681209,0.346282421053234
ELM_ols,GHI,1.0,6.0,2700,50.0,3.0,110.08786301670877,0.7672461395038418,0.0465833413600132,0.4085167988242801,0.7665902439599259,0.2882345224035564,0.3590347864423996,0.4012918698476704,0.3495203928978754
ELM_ols,GHI,1.0,6.0,2700,50.0,4.0,107.920436919477,0.752140484255465,0.0402206690058681,0.4002889849542827,0.7756905803950088,0.2824292776545781,0.3519660565695054,0.3941893617999686,0.3428615653413507
ELM_ols,GHI,1.0,6.0,5400,100.0,0.0,104.35397278707669,0.7272843760317296,0.0355694084352715,0.3842732691223416,0.7902711880686936,0.2711291739206401,0.3403345773760499,0.3821416429620599,0.33120179808625
ELM_ols,GHI,1.0,6.0,5400,100.0,1.0,105.08267865569375,0.7323630173025244,0.0380285262327387,0.3875560943190785,0.7873318802188229,0.2734454153957498,0.3427111405025279,0.3860071348090604,0.3340545635691127
ELM_ols,GHI,1.0,6.0,5400,100.0,2.0,103.47451657394186,0.721155095601534,0.0389104767213724,0.3798449281123468,0.7937913239178305,0.2680046983550589,0.3374663649771919,0.3804572699372429,0.3286427777564979
ELM_ols,GHI,1.0,6.0,5400,100.0,3.0,105.49006605347856,0.7352022622444073,0.0406994995432967,0.3869905964067956,0.7856797287147592,0.2730464207371796,0.3440397724093965,0.388372935594136,0.3351530429135707
ELM_ols,GHI,1.0,6.0,5400,100.0,4.0,103.94742090013408,0.7244509540974937,0.0409207293287616,0.3806634848892169,0.7919021667283667,0.2685822420994542,0.3390086703604507,0.3823801241136959,0.3299903455245336
ELM_ols,GHI,1.0,6.0,13500,250.0,0.0,100.6549295323415,0.701504271129316,0.0423753668189509,0.3673392193158381,0.8048762112912752,0.2591811272983638,0.328270711581839,0.3719743201090206,0.3198087196630745
ELM_ols,GHI,1.0,6.0,13500,250.0,1.0,101.09332609883931,0.704559631311629,0.0376354358153055,0.3679806505664768,0.803172809677726,0.2596336977451965,0.3297004751662747,0.3739006245155971,0.3210782658090227
ELM_ols,GHI,1.0,6.0,13500,250.0,2.0,101.04192815684571,0.7042014185941469,0.0395533330055147,0.3683625952014889,0.8033729008445504,0.259903183919998,0.3295328486121608,0.3730098743276107,0.3208153022865899
ELM_ols,GHI,1.0,6.0,13500,250.0,3.0,101.09576825788058,0.704576651690126,0.0414469738757729,0.3690477933006174,0.8031632998687799,0.2603866346554941,0.3297084398957717,0.3734870078239432,0.321194027458403
ELM_ols,GHI,1.0,6.0,13500,250.0,4.0,100.51544055397346,0.7005321169133697,0.0411742641503975,0.3653318045632959,0.8054166469916427,0.2577647688178066,0.3278157895387812,0.371898180660168,0.3191595796722519
ELM_ols,GHI,1.0,6.0,27000,500.0,0.0,99.47104345239022,0.6932532977743595,0.0429463267193208,0.3617552037711536,0.8094392430596605,0.255241250019759,0.3244096475713321,0.3675052238283923,0.3157187071398278
ELM_ols,GHI,1.0,6.0,27000,500.0,1.0,99.15374420285944,0.69104191299861,0.0427997088163781,0.3591922135421088,0.8106530304254292,0.2534328977886639,0.3233748244294175,0.3668229950470553,0.3145435724217122
ELM_ols,GHI,1.0,6.0,27000,500.0,2.0,98.94419432538908,0.689581476488018,0.0412028061949645,0.359661539879052,0.8114525102144274,0.2537640372986414,0.322691409442107,0.3663965024934768,0.314283983078075
ELM_ols,GHI,1.0,6.0,27000,500.0,3.0,98.7650867172153,0.6883332042701602,0.0397318632665768,0.3579797193259834,0.8121345052493735,0.2525774061851171,0.3221072772763194,0.3656463569445923,0.3134436801353429
ELM_ols,GHI,1.0,6.0,27000,500.0,4.0,99.53320298491576,0.693686512300073,0.0438069542397853,0.361210020138259,0.8092010055146404,0.2548565883742603,0.324612371412763,0.3684758763103005,0.3159816120324412
ELM_ols,GHI,1.0,6.0,54000,1000.0,0.0,99.0736082704491,0.6904834137863213,0.0359162188774425,0.3577748772745291,0.8109589667161384,0.2524328771203663,0.3231134732995936,0.3670308125349723,0.3141923876516441
ELM_ols,GHI,1.0,6.0,54000,1000.0,1.0,99.5821007818372,0.6940273005113269,0.0406752323836355,0.3588947124653568,0.8090134913605764,0.25322299190225,0.3247718441247779,0.3694825228645492,0.3158257862971924
ELM_ols,GHI,1.0,6.0,54000,1000.0,2.0,99.10548534825288,0.6907055778306892,0.0424040395639481,0.3580341051145074,0.8108372986900994,0.252615778809758,0.3232174355303797,0.3673364882679918,0.3143899008693765
ELM_ols,GHI,1.0,6.0,54000,1000.0,3.0,99.25895806927116,0.6917751903156056,0.0378494309986504,0.3583837530835773,0.8102509781038663,0.2528624776374789,0.3237179634187916,0.3678432166926085,0.314807885916293
ELM_ols,GHI,1.0,6.0,54000,1000.0,4.0,99.490556203235,0.6933892899023427,0.0433375106454256,0.3589323249202054,0.8093644729728363,0.2532495298756967,0.3244732854342216,0.3685295284427645,0.3154174479175609
ELM_ridge,GHI,1.0,6.0,270,5.0,0.0,131.76509665697498,0.9183234096938604,-0.0675702791509094,0.5010835172254742,0.6656195393931119,0.3535462156940671,0.4297317800747832,0.467654833308772,0.4169776096925408
ELM_ridge,GHI,1.0,6.0,270,5.0,1.0,147.44634719199743,1.0276122868315922,-0.0685346346480257,0.5801448229701328,0.5812949898833883,0.409328983422342,0.4808737886732881,0.5065912653201916,0.4655980124719406
ELM_ridge,GHI,1.0,6.0,270,5.0,2.0,134.289290000408,0.9359155178976172,0.0250400474992257,0.5388709042810004,0.6526855302741003,0.3802076149123471,0.4379640519453095,0.460737618767866,0.4263030952085075
ELM_ridge,GHI,1.0,6.0,270,5.0,3.0,134.23639353894237,0.935546861401426,-0.0801283186551976,0.534053200422275,0.652959090260348,0.3768084191514922,0.437791538198331,0.4629371185414983,0.4258456919637738
ELM_ridge,GHI,1.0,6.0,270,5.0,4.0,124.31283179616008,0.8663856093920002,-0.0064322822232726,0.4704739566251539,0.7023731958397721,0.331949228480792,0.4054273540509192,0.4403267396281475,0.3925677740532862
ELM_ridge,GHI,1.0,6.0,540,10.0,0.0,123.15560616179378,0.8583204432949195,0.057356498218835,0.4790224740702535,0.707888608151247,0.3379807499509938,0.4016532390202976,0.4320113469875472,0.3905484453196128
ELM_ridge,GHI,1.0,6.0,540,10.0,1.0,121.02449055932304,0.8434678503384742,-0.0095724966994939,0.4574991270516835,0.7179106772308497,0.3227946629497295,0.3947029302918865,0.4311509530338246,0.3828828487584803
ELM_ridge,GHI,1.0,6.0,540,10.0,2.0,119.90146815756763,0.8356410601845734,0.0318439951468794,0.4547733438454058,0.7231215700111342,0.320871449943806,0.391040363891419,0.4246846084799313,0.3788654741050521
ELM_ridge,GHI,1.0,6.0,540,10.0,3.0,119.62040061583734,0.8336821886030651,-0.0110738232538928,0.4672332668432032,0.724418140070221,0.3296627162143518,0.3901237049423238,0.4212436118525157,0.3803433443363971
ELM_ridge,GHI,1.0,6.0,540,10.0,4.0,122.62048758540752,0.8545909889240336,0.0235086922234673,0.481878204007306,0.710421576638917,0.3399956486207397,0.3999080313422719,0.4326976219049668,0.3908671006226594
ELM_ridge,GHI,1.0,6.0,1350,25.0,0.0,111.85449115726162,0.7795584742484296,0.0264313921603697,0.4212747576570378,0.7590388791079847,0.2972360718663629,0.3647963748662775,0.4039901758353598,0.3553408741893334
ELM_ridge,GHI,1.0,6.0,1350,25.0,1.0,113.37719620243286,0.790170811844022,0.0469664132018511,0.4221507719267116,0.7524336878275804,0.2978541555176713,0.3697624452915418,0.4108438705898764,0.3594868237996965
ELM_ridge,GHI,1.0,6.0,1350,25.0,2.0,112.83725213063126,0.7864077266747251,0.0573370997376651,0.4193525487835732,0.7547860773641073,0.2958798315399001,0.3680014999956856,0.407655616885711,0.357178982807099
ELM_ridge,GHI,1.0,6.0,1350,25.0,3.0,113.4706449754902,0.7908220935421574,0.0404729101482678,0.4295217196303768,0.7520254169746848,0.3030548268172165,0.37006721422209,0.4064306309777441,0.3598508906723502
ELM_ridge,GHI,1.0,6.0,1350,25.0,4.0,113.55004152483004,0.7913754396995052,0.0355815307664592,0.4257514366447547,0.7516782749578187,0.300394652942324,0.3703261539667208,0.4079252716439632,0.3595486928510027
ELM_ridge,GHI,1.0,6.0,2700,50.0,0.0,110.74612076253986,0.7718337997639994,0.0389061010984178,0.4099264612802385,0.7637906051383578,0.2892291287108435,0.3611815937535984,0.4029867476534493,0.3511324900392971
ELM_ridge,GHI,1.0,6.0,2700,50.0,1.0,108.57659741230928,0.7567135279246302,0.045634065744825,0.3995805061865637,0.7729546682235079,0.2819294009302077,0.3541060240096965,0.3970776379866775,0.3443710209755273
ELM_ridge,GHI,1.0,6.0,2700,50.0,2.0,109.07898823718504,0.7602148895674626,0.045503071596909,0.4088344046906973,0.7708487008533056,0.2884586134947496,0.3557444951142952,0.394679224814508,0.3462941111411843
ELM_ridge,GHI,1.0,6.0,2700,50.0,3.0,110.09262993239388,0.7672793620367944,0.0465973120901485,0.408563702101932,0.7665700297658093,0.2882676156420035,0.3590503330113682,0.401278922934509,0.3495322905292935
ELM_ridge,GHI,1.0,6.0,2700,50.0,4.0,107.92637033260196,0.7521818365734176,0.0402062814250964,0.4003269153487606,0.7756659148714249,0.2824560399546068,0.351985407492085,0.3941915355941787,0.3428776610136235
ELM_ridge,GHI,1.0,6.0,5400,100.0,0.0,104.35790047564842,0.727311749656862,0.0355403081415762,0.3843005728856618,0.7902554001702938,0.2711484384581159,0.3403473869336971,0.38215189409437,0.3312159064953943
ELM_ridge,GHI,1.0,6.0,5400,100.0,1.0,105.09688880740072,0.7324620535063362,0.0379798476351243,0.3876308872550233,0.7872743588343841,0.2734981865577516,0.3427574847465127,0.386037435369723,0.3340977022246624
ELM_ridge,GHI,1.0,6.0,5400,100.0,2.0,103.59629542314576,0.7220038208775504,0.0392533263371374,0.3807404272665978,0.7933056655521808,0.2686365298287735,0.3378635281332293,0.3806075739820496,0.3290358773146841
ELM_ridge,GHI,1.0,6.0,5400,100.0,3.0,105.50561020762294,0.7353105956422253,0.0407597403065439,0.3870847366169315,0.7856165630935075,0.2731128426287287,0.3440904672990121,0.3883982135261216,0.3352005078179542
ELM_ridge,GHI,1.0,6.0,5400,100.0,4.0,103.96864017532286,0.7245988396729379,0.0410004878616323,0.3811919647717128,0.7918171980807676,0.2689551181891756,0.3390778737923922,0.3821468748028943,0.3300599555948207
ELM_ridge,GHI,1.0,6.0,13500,250.0,0.0,101.08656411787696,0.7045125043745936,0.0435627722175587,0.3688827091712781,0.803199139748223,0.2602701573274786,0.3296784219959776,0.3736269714375311,0.3211918502536624
ELM_ridge,GHI,1.0,6.0,13500,250.0,1.0,101.1110382808123,0.704683074558401,0.0364188761551817,0.3688497334866383,0.8031038329301565,0.2602468908896224,0.3297582407482183,0.3735907406000938,0.3211986240793115
ELM_ridge,GHI,1.0,6.0,13500,250.0,2.0,101.17683963522704,0.7051416703905425,0.0385309516347714,0.369323874620763,0.802847476147025,0.2605814275445154,0.3299728418366811,0.3733449385618173,0.3212997359810046
ELM_ridge,GHI,1.0,6.0,13500,250.0,3.0,101.14956559606463,0.7049515867547755,0.0399083455286554,0.3699200533572861,0.8029537538469946,0.2610020694713186,0.3298838917148624,0.373145859128912,0.321343940105031
ELM_ridge,GHI,1.0,6.0,13500,250.0,4.0,100.54573783953892,0.7007432707567686,0.0404175179796904,0.3661869424581027,0.8052993269885589,0.2583681228620178,0.3279145995179624,0.3716057965607506,0.3192961729802436
ELM_ridge,GHI,1.0,6.0,27000,500.0,0.0,98.81238811321982,0.6886628665279525,0.0401710471535386,0.3585430469272638,0.8119545139506549,0.2529748695515665,0.3222615435700554,0.3659962326168826,0.3137442152461682
ELM_ridge,GHI,1.0,6.0,27000,500.0,1.0,98.3107952528212,0.6851670662172032,0.0414790956054801,0.357075052822645,0.8138587867850953,0.2519391065649431,0.320625674904979,0.3632522141915819,0.3119389985538347
ELM_ridge,GHI,1.0,6.0,27000,500.0,2.0,98.17255196594051,0.6842035937210987,0.0410650136818166,0.3579022576867048,0.8143819171399456,0.2525227520835812,0.320174815494848,0.3620898259459381,0.3115957978414558
ELM_ridge,GHI,1.0,6.0,27000,500.0,3.0,98.1300001173746,0.6839070329500354,0.0407885593568947,0.3568611770104332,0.8145427906357996,0.2517882036087759,0.3200360391261917,0.3627830659893434,0.3115357695747703
ELM_ridge,GHI,1.0,6.0,27000,500.0,4.0,98.88888957073458,0.6891960356379361,0.0447169337971415,0.359355694984677,0.811663228154857,0.2535482443194702,0.3225110414139474,0.366236926344593,0.3140987373593369
ELM_ridge,GHI,1.0,6.0,54000,1000.0,0.0,97.19812648278057,0.6774124346441424,0.0374096175236338,0.3507079132477137,0.8180483871712232,0.2474466855929318,0.3169968752963243,0.3601892704955135,0.3082109437949232
ELM_ridge,GHI,1.0,6.0,54000,1000.0,1.0,97.54617534308149,0.6798381256976971,0.0417705691388195,0.3525511045106804,0.8167429826968091,0.2487471739814354,0.318131983607135,0.361631462805416,0.3095035401313288
ELM_ridge,GHI,1.0,6.0,54000,1000.0,2.0,97.00011906481303,0.6760324421284765,0.0398566329290629,0.3509080508231929,0.8187889584830701,0.2475878953513781,0.3163511042814651,0.359224411557757,0.3077211370635334
ELM_ridge,GHI,1.0,6.0,54000,1000.0,3.0,97.27713272577137,0.6779630606011763,0.0394285295284893,0.3511982755557407,0.8177524729134057,0.247792667315264,0.3172545421162854,0.3607120839507361,0.3085864311274285
ELM_ridge,GHI,1.0,6.0,54000,1000.0,4.0,97.51779959034278,0.6796403637814632,0.0432784777186613,0.351602051042932,0.8168495845078114,0.2480775565414692,0.3180394404144024,0.3617858959264599,0.3093009642941105
ELM_robust_risk,GHI,1.0,6.0,270,5.0,0.0,131.76509665697498,0.9183234096938604,-0.0675702791509094,0.5010835172254742,0.6656195393931119,0.3535462156940671,0.4297317800747832,0.467654833308772,0.4169776096925408
ELM_robust_risk,GHI,1.0,6.0,270,5.0,1.0,147.44580382502318,1.0276084998908532,-0.0684479992701359,0.5801467685784935,0.5812980758880208,0.4093303561724914,0.4808720165647177,0.5065852287776497,0.4655958671716195
ELM_robust_risk,GHI,1.0,6.0,270,5.0,2.0,134.28482722140015,0.9358844150142348,0.0251750984785864,0.5388524100354417,0.6527086141994016,0.3801945660486255,0.4379494972717596,0.4607246427534667,0.426289568691284
ELM_robust_risk,GHI,1.0,6.0,270,5.0,3.0,134.2296277446964,0.9354997078880988,-0.0800437196709014,0.534037317605925,0.6529940725502636,0.3767972128167755,0.4377694725915906,0.4629077605389799,0.425824815315782
ELM_robust_risk,GHI,1.0,6.0,270,5.0,4.0,124.31311390799992,0.8663875755417111,-0.0062986390942765,0.4704738520950078,0.7023718449874204,0.3319491547281414,0.4054282741156875,0.4403307416346823,0.3925693901595037
ELM_robust_risk,GHI,1.0,6.0,540,10.0,0.0,123.15349760323954,0.8583057479110114,0.05743034796105,0.4789807231792808,0.707898610598079,0.3379512920482734,0.401646362277944,0.4320205304683696,0.390539394931529
ELM_robust_risk,GHI,1.0,6.0,540,10.0,1.0,121.02609837394412,0.8434790558385834,-0.0094068797616891,0.4574741268949321,0.7179031820478796,0.3227770237528544,0.3947081739342218,0.431175881141354,0.3828870262761434
ELM_robust_risk,GHI,1.0,6.0,540,10.0,2.0,119.90229640863672,0.8356468325959716,0.0318875435140147,0.4547527091797412,0.7231177447761103,0.3208568908778877,0.3910430651060447,0.424701105164351,0.3788670203827611
ELM_robust_risk,GHI,1.0,6.0,540,10.0,3.0,119.6169713176708,0.8336582884590583,-0.0109779105717866,0.4671957667583931,0.724433940699807,0.3296362575250972,0.3901125208090221,0.4212522537837324,0.3803336773726172
ELM_robust_risk,GHI,1.0,6.0,540,10.0,4.0,122.6202418301958,0.8545892761581365,0.0236029201387506,0.4818370723563278,0.7104227373802716,0.3399666276311268,0.399907229849105,0.4327258176746512,0.390866558384961
ELM_robust_risk,GHI,1.0,6.0,1350,25.0,0.0,111.8491468011588,0.7795212273033473,0.0264494546636873,0.4212047018862212,0.7590619045807904,0.2971866430749373,0.3647789450633958,0.4040054024437977,0.3553236635273769
ELM_robust_risk,GHI,1.0,6.0,1350,25.0,1.0,113.37351981963282,0.7901451896688487,0.0470924245910602,0.4221276881601611,0.7524497427981764,0.2978378684556799,0.3697504553293668,0.410837699734883,0.35947534117331
ELM_robust_risk,GHI,1.0,6.0,1350,25.0,2.0,112.8361448374086,0.7864000095074817,0.057369729899554,0.4193264967163422,0.7547908900013747,0.2958614501534368,0.3679978887276055,0.40766717424411,0.3571755043750508
ELM_robust_risk,GHI,1.0,6.0,1350,25.0,3.0,113.4740688634354,0.790845955980178,0.0405317771945105,0.4295080988379498,0.7520104518707984,0.3030452164839052,0.3700783807107794,0.4064590594244529,0.3598608855397125
ELM_robust_risk,GHI,1.0,6.0,1350,25.0,4.0,113.54887035385195,0.7913672773427566,0.0356077695033018,0.4257206453414949,0.7516833973812697,0.3003729277241328,0.3703223343710771,0.4079408669393503,0.3595453763448534
ELM_robust_risk,GHI,1.0,6.0,2700,50.0,0.0,110.73601618590484,0.7717633769471502,0.0388882398341636,0.409858246636777,0.7638337070913498,0.2891809989515885,0.361148639216969,0.4029769392033078,0.3511021924572884
ELM_robust_risk,GHI,1.0,6.0,2700,50.0,1.0,108.5735466334123,0.7566922658320886,0.045674979396877,0.399551078701266,0.7729674270572182,0.2819086379721244,0.3540960743593015,0.397082634703621,0.3443624490116823
ELM_robust_risk,GHI,1.0,6.0,2700,50.0,2.0,109.07589529256975,0.7601933336052453,0.0455223462046376,0.4088045731681262,0.7708616958808515,0.2884375654627333,0.3557344079468365,0.3946756382963993,0.346282537235323
ELM_robust_risk,GHI,1.0,6.0,2700,50.0,3.0,110.08790967486846,0.7672464646831297,0.046583484999622,0.408517271556623,0.7665900461093784,0.2882348559462196,0.3590349386108761,0.4012917344126684,0.3495205096565881
ELM_robust_risk,GHI,1.0,6.0,2700,50.0,4.0,107.9204369194768,0.7521404842554636,0.0402206690058634,0.4002889849542818,0.7756905803950096,0.2824292776545774,0.3519660565695048,0.3941893617999681,0.3428615653413501
ELM_robust_risk,GHI,1.0,6.0,5400,100.0,0.0,104.35400999018914,0.7272846353150296,0.0355691165372623,0.384273534704539,0.7902710385283213,0.2711293613057319,0.340334698708331,0.3821417389791911,0.3312019329977514
ELM_robust_risk,GHI,1.0,6.0,5400,100.0,1.0,105.0828199797954,0.7323640022464448,0.0380280367963251,0.3875568435168286,0.7873313081901772,0.2734459440022999,0.3427116014095457,0.3860074334302706,0.3340549929473721
ELM_robust_risk,GHI,1.0,6.0,5400,100.0,2.0,103.59629542314576,0.7220038208775504,0.0392533263371374,0.3807404272665978,0.7933056655521808,0.2686365298287735,0.3378635281332293,0.3806075739820496,0.3290358773146841
ELM_robust_risk,GHI,1.0,6.0,5400,100.0,3.0,105.49021936012772,0.7352033306994714,0.0407001138994293,0.3869915134114584,0.785679105779392,0.2730470677421541,0.3440402723956669,0.3883731789831997,0.3351535063736736
ELM_robust_risk,GHI,1.0,6.0,5400,100.0,4.0,103.96864017532286,0.7245988396729379,0.0410004878616323,0.3811919647717128,0.7918171980807676,0.2689551181891756,0.3390778737923922,0.3821468748028943,0.3300599555948207
ELM_robust_risk,GHI,1.0,6.0,13500,250.0,0.0,101.08656411787696,0.7045125043745936,0.0435627722175587,0.3688827091712781,0.803199139748223,0.2602701573274786,0.3296784219959776,0.3736269714375311,0.3211918502536624
ELM_robust_risk,GHI,1.0,6.0,13500,250.0,1.0,101.1110382808123,0.704683074558401,0.0364188761551817,0.3688497334866383,0.8031038329301565,0.2602468908896224,0.3297582407482183,0.3735907406000938,0.3211986240793115
ELM_robust_risk,GHI,1.0,6.0,13500,250.0,2.0,101.17683963522704,0.7051416703905425,0.0385309516347714,0.369323874620763,0.802847476147025,0.2605814275445154,0.3299728418366811,0.3733449385618173,0.3212997359810046
ELM_robust_risk,GHI,1.0,6.0,13500,250.0,3.0,101.14956559606463,0.7049515867547755,0.0399083455286554,0.3699200533572861,0.8029537538469946,0.2610020694713186,0.3298838917148624,0.373145859128912,0.321343940105031
ELM_robust_risk,GHI,1.0,6.0,13500,250.0,4.0,100.54573783953892,0.7007432707567686,0.0404175179796904,0.3661869424581027,0.8052993269885589,0.2583681228620178,0.3279145995179624,0.3716057965607506,0.3192961729802436
ELM_robust_risk,GHI,1.0,6.0,27000,500.0,0.0,98.81238811321982,0.6886628665279525,0.0401710471535386,0.3585430469272638,0.8119545139506549,0.2529748695515665,0.3222615435700554,0.3659962326168826,0.3137442152461682
ELM_robust_risk,GHI,1.0,6.0,27000,500.0,1.0,98.3107952528212,0.6851670662172032,0.0414790956054801,0.357075052822645,0.8138587867850953,0.2519391065649431,0.320625674904979,0.3632522141915819,0.3119389985538347
ELM_robust_risk,GHI,1.0,6.0,27000,500.0,2.0,98.17255196594051,0.6842035937210987,0.0410650136818166,0.3579022576867048,0.8143819171399456,0.2525227520835812,0.320174815494848,0.3620898259459381,0.3115957978414558
ELM_robust_risk,GHI,1.0,6.0,27000,500.0,3.0,98.76523068191742,0.6883342076174767,0.0406712837493402,0.359309459598455,0.8121339575655593,0.2535156223208053,0.3221077467952533,0.3650802014956452,0.3135678568705679
ELM_robust_risk,GHI,1.0,6.0,27000,500.0,4.0,99.1005017963916,0.6906708454739897,0.0426281817785676,0.3600494395213799,0.8108563224288328,0.2540377251089558,0.3232011824355406,0.3674645043420659,0.3149011372955208
ELM_robust_risk,GHI,1.0,6.0,54000,1000.0,0.0,97.55092942596757,0.6798712587937649,0.0386640510651437,0.3524595652391326,0.8167251195611845,0.2486825872170925,0.3181474883238855,0.3615357502948783,0.3094552752786188
ELM_robust_risk,GHI,1.0,6.0,54000,1000.0,1.0,97.75507308479222,0.6812940172145877,0.0423297717269774,0.3548630225014019,0.8159572426537773,0.2503783788175881,0.3188132717530593,0.3619821765994696,0.3103912757233724
ELM_robust_risk,GHI,1.0,6.0,54000,1000.0,2.0,97.4773132777655,0.6793581985529226,0.0402058559762149,0.3536758220936559,0.8170016294831246,0.2495407336007725,0.3179074004765592,0.360864487104593,0.3094375403939749
ELM_robust_risk,GHI,1.0,6.0,54000,1000.0,3.0,97.96214110885016,0.682737156700809,0.0399999678699418,0.3553512111076691,0.815176725977453,0.2507228268554051,0.3194885925537311,0.362498753535286,0.310903390981474
ELM_robust_risk,GHI,1.0,6.0,54000,1000.0,4.0,97.82780844133131,0.6818009388677185,0.0432676232927199,0.3536446208912336,0.8156832641219174,0.2495187191727135,0.3190504870326208,0.3628229793991481,0.3104640618681608
ELM_tikhonov,GHI,1.0,6.0,270,5.0,0.0,131.74086053381723,0.9181544985040184,-0.0666055465361872,0.5011208226822634,0.6657425361641937,0.3535725370609035,0.4296527376529968,0.4674837164138609,0.416902997042587
ELM_tikhonov,GHI,1.0,6.0,270,5.0,1.0,147.44730634103692,1.0276189715230524,-0.068825612001667,0.5801367130048776,0.5812895424535651,0.4093232613272684,0.480876916791694,0.5066089354698858,0.4656030378629494
ELM_tikhonov,GHI,1.0,6.0,270,5.0,2.0,134.3074070452861,0.9360417827951368,0.0245882419450513,0.5389501689382425,0.6525918111653833,0.3802635411574598,0.4380231379259121,0.4607873648042044,0.4263580146291921
ELM_tikhonov,GHI,1.0,6.0,270,5.0,3.0,134.26044622242893,0.9357144941271786,-0.0803870679771512,0.5341078234772932,0.6528347124701426,0.3768469591826996,0.4378699823595884,0.4630391399648053,0.4259186938356978
ELM_tikhonov,GHI,1.0,6.0,270,5.0,4.0,124.31229235828526,0.8663818498347192,-0.0069346420503894,0.4704758292869593,0.7023757788526446,0.3319505497625182,0.4054255947565077,0.4403144248740335,0.3925635231310198
ELM_tikhonov,GHI,1.0,6.0,540,10.0,0.0,123.1610772826138,0.8583585737137767,0.0571166525776785,0.4791666500601326,0.707862653795346,0.3380824752599761,0.4016710822469838,0.4319706011998236,0.3905747195689279
ELM_tikhonov,GHI,1.0,6.0,540,10.0,1.0,121.01368289358172,0.843392527413768,-0.0100394211800016,0.4575557939760198,0.7179610569675074,0.3228346450604265,0.3946676827372966,0.4310515361301872,0.38285128797597
ELM_tikhonov,GHI,1.0,6.0,540,10.0,2.0,119.90145467222784,0.8356409661998722,0.0316775738245079,0.4548345924599247,0.7231216322922649,0.3209146647276399,0.3910403199110385,0.4246422980413422,0.3788657608933402
ELM_tikhonov,GHI,1.0,6.0,540,10.0,3.0,119.63287107898388,0.8337691002247899,-0.0113351427208726,0.4674031101181646,0.7243606780897318,0.3297825514215766,0.3901643754572194,0.4211898800358832,0.3803789356382265
ELM_tikhonov,GHI,1.0,6.0,540,10.0,4.0,126.47936930977616,0.8814850717474454,0.0159146186625363,0.4909703938163005,0.6919086505446981,0.3464107654402693,0.4124931859437822,0.4426457473000396,0.4005165662280303
ELM_tikhonov,GHI,1.0,6.0,1350,25.0,0.0,111.87714598122074,0.7797163647346963,0.0263631652181268,0.4215123147573758,0.7589412614881677,0.2974036834739064,0.3648702601217377,0.4039574901346693,0.3554104779101045
ELM_tikhonov,GHI,1.0,6.0,1350,25.0,1.0,113.39215572431512,0.7902750707068836,0.0465166125631459,0.4222240072802306,0.7523683533844084,0.2979058277064414,0.3698112334921399,0.4108776164564402,0.3595315592183405
ELM_tikhonov,GHI,1.0,6.0,1350,25.0,2.0,112.84363309911784,0.7864521981841492,0.0572392478359734,0.4194616637243842,0.75475834279019,0.2959568190541035,0.3680223105518641,0.4076155933153055,0.3571982409737577
ELM_tikhonov,GHI,1.0,6.0,1350,25.0,3.0,113.45355442753036,0.790702982710274,0.040258195581394,0.4295629975228172,0.7521001094618389,0.3030839509894602,0.3700114760047353,0.4063115451291372,0.3598023240411109
ELM_tikhonov,GHI,1.0,6.0,1350,25.0,4.0,113.5566529677739,0.7914215174771658,0.0354952525213066,0.425865837563034,0.7516493570870613,0.3004753700490322,0.3703477161802145,0.4078750035903802,0.3595660299398757
ELM_tikhonov,GHI,1.0,6.0,2700,50.0,0.0,110.7797447216122,0.7720681385193003,0.0389782393110016,0.4101547598977367,0.7636471508907049,0.2893902078712829,0.361291253171395,0.403011795390526,0.3512310854777347
ELM_tikhonov,GHI,1.0,6.0,2700,50.0,1.0,108.58727889129425,0.7567879714036009,0.0455282889147482,0.3996852875355494,0.7729099937855681,0.2820033308204071,0.3541408600254131,0.3970601243426108,0.3444014383961437
ELM_tikhonov,GHI,1.0,6.0,2700,50.0,2.0,109.09279417803836,0.7603111086649332,0.0454424289390846,0.4089534050173337,0.7707906906069245,0.2885425757758911,0.3557895210861879,0.3946978052885217,0.3463433007168668
ELM_tikhonov,GHI,1.0,6.0,2700,50.0,3.0,110.11368444437484,0.767426099311857,0.0466194706653116,0.4087251130869763,0.7664807372479416,0.288381501333654,0.3591189990932195,0.4012589008652059,0.3495864670973598
ELM_tikhonov,GHI,1.0,6.0,2700,50.0,4.0,107.94551771217516,0.7523152822835676,0.0401609866483518,0.4004622846321132,0.775586308916115,0.2825515515733396,0.3520478537522595,0.3941830938915301,0.3429274997390432
ELM_tikhonov,GHI,1.0,6.0,5400,100.0,0.0,104.3736938738982,0.7274218201360658,0.0354594536842673,0.3844118784064868,0.7901919103790721,0.2712269715655137,0.3403988946949746,0.3821917146084855,0.3312725269563246
ELM_tikhonov,GHI,1.0,6.0,5400,100.0,1.0,105.14417469282424,0.7327916076647152,0.0378089328929246,0.3878933898718767,0.7870828939243024,0.2736833988100168,0.3429117004548529,0.3861375106455769,0.3342442033034822
ELM_tikhonov,GHI,1.0,6.0,5400,100.0,2.0,103.52449508628862,0.7215034157487821,0.0390413315708736,0.3802348556647377,0.7935920769511265,0.2682798169845959,0.3376293622778518,0.3805139631619532,0.328807714141467
ELM_tikhonov,GHI,1.0,6.0,5400,100.0,3.0,105.5602284675469,0.7356912520372607,0.0409676165070346,0.3874032496819377,0.7853945411349393,0.2733375738060893,0.3442685964292386,0.3884959663834458,0.3353673788729246
ELM_tikhonov,GHI,1.0,6.0,5400,100.0,4.0,103.94857145337724,0.7244589727610402,0.0409412603947747,0.3808766170525443,0.7918975599962332,0.2687326203641481,0.3390124227144943,0.382250955792298,0.3299986662903134
ELM_tikhonov,GHI,1.0,6.0,13500,250.0,0.0,101.04187062249149,0.7042010176143296,0.0440801483472049,0.3685050795134896,0.8033731247676319,0.2600037156428983,0.3295326609726334,0.37363013736001,0.3210555046585139
ELM_tikhonov,GHI,1.0,6.0,13500,250.0,1.0,101.01904030487516,0.704041904042908,0.0370227274511119,0.3680930300167311,0.8034619700520075,0.2597129885779487,0.3294582033713578,0.3734249957015467,0.3208653958836178
ELM_tikhonov,GHI,1.0,6.0,13500,250.0,2.0,101.04454395683032,0.7042196491454982,0.0390308718050692,0.3685372492564457,0.8033627200447583,0.2600264134377589,0.3295413796451295,0.3729726226767439,0.3208468052532108
ELM_tikhonov,GHI,1.0,6.0,13500,250.0,3.0,100.65339011861148,0.7014935423422446,0.0414011774494056,0.3670484477214649,0.8048821796813741,0.2589759694887612,0.3282656910185848,0.371711065359616,0.3196509086223207
ELM_tikhonov,GHI,1.0,6.0,13500,250.0,4.0,100.46405424394946,0.7001739852637139,0.0407715014530223,0.3654783817373504,0.8056155490624872,0.2578681883145824,0.3276482009205633,0.3715275827383663,0.319014657324504
ELM_tikhonov,GHI,1.0,6.0,27000,500.0,0.0,98.7079369109954,0.6879349045212683,0.0401630581034395,0.3579728483354117,0.8123518567584802,0.252572558265297,0.3219208918936885,0.3656222448524603,0.3133718983371487
ELM_tikhonov,GHI,1.0,6.0,27000,500.0,1.0,98.3004440135074,0.6850949243099578,0.0414311410169569,0.3567794237110147,0.8138979827005037,0.2517305214687008,0.3205919159156172,0.3631751012015252,0.3118325128619477
ELM_tikhonov,GHI,1.0,6.0,27000,500.0,2.0,98.18729072861169,0.6843063140251415,0.0412520327765422,0.357573314464209,0.8143261788265579,0.2522906617683069,0.3202228837229256,0.3621949143297827,0.311569486607005
ELM_tikhonov,GHI,1.0,6.0,27000,500.0,3.0,98.39580597597208,0.6857595397866469,0.0402076962577282,0.356738961603056,0.8135367297674535,0.2517019728841715,0.3209029244218233,0.3642158169719835,0.3122735714259927
ELM_tikhonov,GHI,1.0,6.0,27000,500.0,4.0,98.97888028051663,0.6898232167165717,0.044180446445566,0.3594147169437195,0.8113202923285837,0.2535898880565819,0.3228045323981761,0.3661482114557458,0.3141808773035012
ELM_tikhonov,GHI,1.0,6.0,54000,1000.0,0.0,97.56214509631326,0.6799494252649715,0.0368230977268488,0.3521289810399434,0.8166829740107607,0.2484493390886393,0.3181840665233076,0.3614406178409824,0.3093580078176431
ELM_tikhonov,GHI,1.0,6.0,54000,1000.0,1.0,97.99140334523956,0.6829410968744829,0.0373378128974981,0.3539011913721911,0.8150662924970188,0.2496997459267038,0.3195840268777791,0.3628147142962222,0.3106994957002351
ELM_tikhonov,GHI,1.0,6.0,54000,1000.0,2.0,97.25913365440448,0.6778376179080177,0.0392127741978381,0.3517146861460319,0.8178199087573876,0.2481570277535253,0.317195840888309,0.3600931986571899,0.3084820224330081
ELM_tikhonov,GHI,1.0,6.0,54000,1000.0,3.0,97.7111570581632,0.680987948943571,0.0388402841858439,0.3526909151642623,0.8161225662708667,0.2488458192686747,0.3186700463255683,0.3622670583638427,0.3099276413193619
ELM_tikhonov,GHI,1.0,6.0,54000,1000.0,4.0,97.79976506699052,0.6816054934288477,0.0431469214960633,0.3524378444268901,0.8157889216532316,0.2486672618058464,0.3189590278413741,0.3628142052285222,0.3101468316252476
Persistence_P,GHI,1.0,6.0,0,,,267.7677800522861,1.866180248202736,-0.3848763892758702,1.0329034124309977,-0.3808826020530422,0.7287788963095081,0.8732838034346846,0.923731911416582,0.8419315370535916
