Method,quantity,LB_days,FH_hours,N_params,n_hidden,seed,RMSE,nRMSE,nMBE,nMAE,R2,NICE1,NICE2,NICE3,NICE_Sigma
AR_OLS,PAC,1.0,1.0,53,,,1270.0527884519522,0.53194106275098,0.0034699871769811,0.2669887567075208,0.8940209142352632,0.7043706731343709,0.7473167481304761,0.784427431158195,0.7453716174743473
ELM_corr,PAC,1.0,1.0,270,5.0,0.0,2101.7494982302346,0.8802837739426967,-0.030200553604203,0.4986153405457749,0.7097725213897377,1.315448737941023,1.2366986747981927,1.1768632867130615,1.2430035664840924
ELM_corr,PAC,1.0,1.0,270,5.0,1.0,2006.0651217145555,0.8402079208795696,-0.0567922625979863,0.4785779657123564,0.7355968174279455,1.2625860654700545,1.1803966551067533,1.1326703387026498,1.1918843530931529
ELM_corr,PAC,1.0,1.0,270,5.0,2.0,2062.9408349450887,0.8640293931960444,-0.1230592174947729,0.5000739494031596,0.7203916290332697,1.319296844937683,1.2138631168518996,1.1402826052329138,1.224480855674165
ELM_corr,PAC,1.0,1.0,270,5.0,3.0,2250.914302442779,0.9427590389075312,-0.0585376123807443,0.5318675908495225,0.6671147551465066,1.4031749411659074,1.3244693229422837,1.247997979118807,1.325214081075666
ELM_corr,PAC,1.0,1.0,270,5.0,4.0,1926.601335463651,0.8069257996221965,-0.0213371127315297,0.4465649550761534,0.7561288995333673,1.1781292286768037,1.1336390566233514,1.0903465975406912,1.134038294280282
ELM_corr,PAC,1.0,1.0,540,10.0,0.0,1970.999434030367,0.8255212249072259,0.0105358591717534,0.465920556945717,0.7447594785571499,1.2291932453264656,1.159763516130658,1.102574459771947,1.1638437404096902
ELM_corr,PAC,1.0,1.0,540,10.0,1.0,1914.9572946593148,0.8020488815157262,-0.0509573459980584,0.4498078587611048,0.7590678198322792,1.186684668537447,1.1267875408532066,1.082420753739726,1.13196432104346
ELM_corr,PAC,1.0,1.0,540,10.0,2.0,1861.5557490629683,0.7796825081056181,-0.0109927445403445,0.4331779982151681,0.7723179895191388,1.1428117121953036,1.095365327727053,1.0554563654274325,1.0978778017832629
ELM_corr,PAC,1.0,1.0,540,10.0,3.0,1740.148139155197,0.7288328949024425,0.0058892752743746,0.4140600339862551,0.8010476529475294,1.092374632001586,1.0239273992727889,0.9715912117163628,1.0292977476635792
ELM_corr,PAC,1.0,1.0,540,10.0,4.0,1957.7879229285425,0.8199877972261475,-0.0023702924705109,0.4564309486136553,0.7481697397392809,1.2041577273853177,1.151989679008077,1.098283523153594,1.151476976515663
ELM_corr,PAC,1.0,1.0,1350,25.0,0.0,1560.4430725991124,0.653566335154091,-0.0188497801838072,0.3528504805893738,0.8400174985094208,0.9308913738296098,0.9181864354464302,0.9053699043633062,0.918149237879782
ELM_corr,PAC,1.0,1.0,1350,25.0,1.0,1601.0085747603714,0.6705565394407876,-0.0083821435655505,0.364993734091993,0.83159152626038,0.9629277477547152,0.942055741854066,0.9260752257541875,0.943686238454323
ELM_corr,PAC,1.0,1.0,1350,25.0,2.0,1470.8811992898245,0.6160547935053531,-0.0114616796741891,0.3255515875239823,0.8578549247320554,0.858871338523938,0.8654869819067454,0.8725496066099141,0.8656359756801991
ELM_corr,PAC,1.0,1.0,1350,25.0,3.0,1557.5677281204844,0.6523620436383023,-0.0071577330633203,0.3633159774520319,0.8406065376065343,0.9585014843104476,0.9164945427116864,0.8943427187704627,0.9231129152641988
ELM_corr,PAC,1.0,1.0,1350,25.0,4.0,1457.0646639277863,0.6102679612013373,-0.0089561176287281,0.3266174482119523,0.8605128258476273,0.8616832959243591,0.8573571400835773,0.8547538126694973,0.8579314162258113
ELM_corr,PAC,1.0,1.0,2700,50.0,0.0,1405.0879032436326,0.5884983359006578,-0.0082070794192597,0.3127821093221402,0.870286967165464,0.8251828564038487,0.8267732902420419,0.8344772448075648,0.8288111304844851
ELM_corr,PAC,1.0,1.0,2700,50.0,1.0,1430.1257252274918,0.5989850225613735,-0.0080803010495666,0.3187696443601487,0.8656229626826719,0.8409791923138205,0.841505893386872,0.8456847987211327,0.842723294807275
ELM_corr,PAC,1.0,1.0,2700,50.0,2.0,1350.7099789573476,0.5657230220727215,-0.006941985848112,0.2877202905603421,0.8801326674638581,0.7590646783617767,0.794776562297179,0.8221684269779218,0.7920032225456258
ELM_corr,PAC,1.0,1.0,2700,50.0,3.0,1358.7647163517026,0.5690966185158708,-0.008990036597803,0.2950591324545474,0.8786987864665713,0.7784260367530249,0.7995160819544141,0.8194704729524127,0.799137530553284
ELM_corr,PAC,1.0,1.0,2700,50.0,4.0,1351.2700800845755,0.5659576113682018,0.0052099758574654,0.296800723744437,0.8800332356847284,0.7830207089943297,0.7951061336006949,0.8124597928281929,0.7968622118077392
ELM_corr,PAC,1.0,1.0,5400,100.0,0.0,1275.9603592415758,0.5344153531999143,-0.014553523761272,0.2681059304341796,0.8930327111612747,0.707318004773196,0.7507928450549459,0.7876883983627525,0.7485997493969648
ELM_corr,PAC,1.0,1.0,5400,100.0,1.0,1269.219534342367,0.5315920677480758,-0.004442543483305,0.2628806066090558,0.8941599297804829,0.6935325371548744,0.7468264498080729,0.7879519719393819,0.7427703196341097
ELM_corr,PAC,1.0,1.0,5400,100.0,2.0,1283.2121287307696,0.5374526395268935,-0.0080109237352579,0.2701324151529881,0.891813384210483,0.7126642838565782,0.755059887214242,0.7910289111787258,0.752917694083182
ELM_corr,PAC,1.0,1.0,5400,100.0,3.0,1286.9725265999225,0.5390276213363676,-0.0019879721234189,0.2681823772803118,0.8911783827145932,0.7075196871104346,0.7572725576896775,0.7980396209708432,0.7542772885903184
ELM_corr,PAC,1.0,1.0,5400,100.0,4.0,1270.8289049173452,0.5322661265760222,-0.004643907454475,0.2633149227942991,0.8938913491558957,0.694678351636074,0.7477734258673085,0.79215273153915,0.7448681696808442
ELM_corr,PAC,1.0,1.0,13500,250.0,0.0,1226.149696059306,0.5135529627934465,-0.0035149858018352,0.2447262689036945,0.9012212300706666,0.6456376998309107,0.7214835571497018,0.7816136223980532,0.7162449597928885
ELM_corr,PAC,1.0,1.0,13500,250.0,1.0,1222.0051801053776,0.5118170993386618,-0.0006781940670299,0.2429258932703559,0.9018878669390332,0.6408879425288134,0.7190448662437593,0.7805885169098902,0.713507108560821
ELM_corr,PAC,1.0,1.0,13500,250.0,2.0,1214.416566757006,0.5086387314109323,-0.0032451382334447,0.2446162827155143,0.9031026298306905,0.6453475338840021,0.7145796204666629,0.7703156072068544,0.710080920519173
ELM_corr,PAC,1.0,1.0,13500,250.0,3.0,1222.9068591520884,0.5121947530194606,-0.0036817065851218,0.2454911326263531,0.9017430258302442,0.647655565983137,0.719575426752088,0.7744910012733176,0.7139073313361809
ELM_corr,PAC,1.0,1.0,13500,250.0,4.0,1221.032323955059,0.5114096342795637,0.0033217332363023,0.2444963627519559,0.9020440217564676,0.6450311606160954,0.718472424136419,0.7772234981344975,0.7135756942956707
ELM_corr,PAC,1.0,1.0,27000,500.0,0.0,1203.2429719779825,0.5039588520110002,-0.0015796235975564,0.2364964068271021,0.9048774922081786,0.6239256488734888,0.708004921689484,0.7722124953099682,0.701381021957647
ELM_corr,PAC,1.0,1.0,27000,500.0,1.0,1197.2141085922517,0.5014337601205324,0.0003078027211481,0.2346170035559281,0.905828329074836,0.6189674005804418,0.7044574545122821,0.7689242837846832,0.6974497129591356
ELM_corr,PAC,1.0,1.0,27000,500.0,2.0,1193.6306502415134,0.4999328865657103,6.084994853258333e-05,0.234040594608448,0.906391227926736,0.617446716476197,0.7023488977136322,0.7653719080602425,0.6950558407500239
ELM_corr,PAC,1.0,1.0,27000,500.0,3.0,1190.9334110684686,0.4988031915756683,-0.0030667550301729,0.2347966388950394,0.9068138041689198,0.6194413151612987,0.700761804621079,0.7631423645445903,0.694448494775656
ELM_corr,PAC,1.0,1.0,27000,500.0,4.0,1193.5912702438811,0.4999163928908158,-0.0023483707069062,0.2342391606464269,0.9063974044645332,0.6179705740931154,0.7023257259745993,0.7674971738609121,0.6959311579762089
ELM_corr,PAC,1.0,1.0,54000,1000.0,0.0,1186.7204379081372,0.4970386559275244,-0.0004345065288685,0.2290057943519768,0.9074719375884056,0.6041638888040464,0.6982828325415189,0.7656876765819797,0.6893781326425149
ELM_corr,PAC,1.0,1.0,54000,1000.0,1.0,1188.2350026055262,0.4976730068474703,-0.0009743712941498,0.2292716925525015,0.907235607009124,0.6048653823680394,0.699174023502066,0.7668954338190689,0.6903116132297248
ELM_corr,PAC,1.0,1.0,54000,1000.0,2.0,1179.3707832799057,0.493960371993705,-0.003284272771791,0.227862166043997,0.908614487127981,0.601146764596117,0.6939581934032143,0.7611961623984718,0.6854337067992677
ELM_corr,PAC,1.0,1.0,54000,1000.0,3.0,1186.5652438285983,0.4969736553981345,-0.0001045543348723,0.2291911669982785,0.9074961368320732,0.6046529395688292,0.6981915141838061,0.7650571921400776,0.6893005486309044
ELM_corr,PAC,1.0,1.0,54000,1000.0,4.0,1180.2280680626286,0.4943194318552701,-0.0013582325379434,0.2279791331542241,0.9084815825578914,0.6014553476360219,0.6944626317083553,0.7634282622772208,0.6864487472071993
ELM_elastic_net,PAC,1.0,1.0,270,5.0,0.0,2175.855115084306,0.9113217126359536,-0.0897902619296025,0.5157304261645513,0.6889454411508844,1.3606018167699423,1.2803034517878875,1.217087750356008,1.2859976729712794
ELM_elastic_net,PAC,1.0,1.0,270,5.0,1.0,2037.3941062503995,0.8533295591929022,-0.0856802387905142,0.4904898959986927,0.7272738918612853,1.2940121616757008,1.198831065911122,1.1357888299955805,1.2095440191941345
ELM_elastic_net,PAC,1.0,1.0,270,5.0,2.0,2096.439951230972,0.8780599560831599,-0.1396197133558484,0.5054937251342235,0.7112370441530234,1.3335953162553678,1.233574463400357,1.1613054415950488,1.242825073750258
ELM_elastic_net,PAC,1.0,1.0,270,5.0,3.0,2285.990064028472,0.9574499541705384,-0.0938071483020708,0.5365095247664493,0.6566592900064299,1.4154213074849684,1.3451083895423186,1.2732939056368888,1.3446078675547255
ELM_elastic_net,PAC,1.0,1.0,270,5.0,4.0,1984.8436594845048,0.8313196547583304,-0.1147694190334688,0.4603692061482412,0.7411612864676554,1.2145476522077014,1.1679096511896438,1.1210336537410095,1.167830319046118
ELM_elastic_net,PAC,1.0,1.0,540,10.0,0.0,2017.314288496858,0.844919452390425,-0.0305866777117818,0.4751003071093534,0.7326231803117627,1.2534112943623252,1.187015821503116,1.1320556908284702,1.1908276022313038
ELM_elastic_net,PAC,1.0,1.0,540,10.0,1.0,1944.3330939788952,0.8143524598010538,-0.0579098331590532,0.4609439994548413,0.7516192348928615,1.2160640739225177,1.1440726702752684,1.0921822111260646,1.15077298510795
ELM_elastic_net,PAC,1.0,1.0,540,10.0,2.0,1880.8391517559185,0.7877590493448572,-0.0264766361048347,0.4363146747488109,0.7675765533595984,1.1510869032132802,1.106711950422123,1.0677267487474935,1.1085085341276324
ELM_elastic_net,PAC,1.0,1.0,540,10.0,3.0,1761.633441027556,0.7378316659893033,-0.0120911597041699,0.4180578278387699,0.7961044648331406,1.102921625746469,1.0365696501097983,0.984442820473507,1.041311365443258
ELM_elastic_net,PAC,1.0,1.0,540,10.0,4.0,1978.301801310496,0.8285797033003361,-0.0810561513841423,0.4653441513913359,0.7428646908539669,1.2276725701739062,1.164060330734791,1.107883564716465,1.166538821875054
ELM_elastic_net,PAC,1.0,1.0,1350,25.0,0.0,1601.340663206925,0.6706956293138963,-0.0305243951832148,0.3671602440867446,0.8315216549185556,0.9686434420115608,0.942251147320852,0.9163690820270416,0.9424212237864849
ELM_elastic_net,PAC,1.0,1.0,1350,25.0,1.0,1623.2603116029966,0.6798763194150899,-0.0150153009672735,0.3746264410602853,0.826877719318478,0.988340789019202,0.955148973701346,0.9302894197156923,0.9579263941454134
ELM_elastic_net,PAC,1.0,1.0,1350,25.0,2.0,1519.827518357843,0.6365551673634553,-0.0271116726382235,0.3420421590070098,0.8482372346666078,0.9023768219724226,0.8942876776978654,0.88847562377042,0.8950467078135693
ELM_elastic_net,PAC,1.0,1.0,1350,25.0,3.0,1605.976292743647,0.6726371877472975,-0.0116004688222859,0.3820644663744356,0.8305448063922245,1.007963813456361,0.9449788162984092,0.9067340419665304,0.9532255572404336
ELM_elastic_net,PAC,1.0,1.0,1350,25.0,4.0,1511.1808331518428,0.6329336431562929,-0.0162497835294105,0.3418359875622246,0.8499591563908706,0.9018328997446284,0.88919984770449,0.8767831245657923,0.8892719573383037
ELM_elastic_net,PAC,1.0,1.0,2700,50.0,0.0,1448.2655267369266,0.606582584946778,-0.0140286574777485,0.3287187516074066,0.8621924503834089,0.8672269619025376,0.8521796052191861,0.8443124763379414,0.854573014486555
ELM_elastic_net,PAC,1.0,1.0,2700,50.0,1.0,1466.0046823156872,0.6140123432660148,-0.0120626195505449,0.3320562239661065,0.8587958896584205,0.8760318931695125,0.8626175714062911,0.8547173985934913,0.8644556210564316
ELM_elastic_net,PAC,1.0,1.0,2700,50.0,2.0,1375.037314640876,0.5759121330412265,-0.0120611844418183,0.300554677037972,0.8757759764346549,0.7929244017224053,0.8090911054082984,0.8221652469691652,0.808060251366623
ELM_elastic_net,PAC,1.0,1.0,2700,50.0,3.0,1394.1390951404671,0.5839126047631723,-0.0148488045617978,0.3102317875655188,0.872300606037293,0.8184545886124507,0.8203308590754324,0.826432387105692,0.8217392782645251
ELM_elastic_net,PAC,1.0,1.0,2700,50.0,4.0,1378.1658136716533,0.5772224542454935,-0.0011620935667298,0.3098113763562578,0.8752100618284765,0.8173454582875928,0.8109319578070869,0.8101847426396801,0.81282071957812
ELM_elastic_net,PAC,1.0,1.0,5400,100.0,0.0,1290.8379212615876,0.540646579353683,-0.0175044066830941,0.2780272484248276,0.8905237142127846,0.733492460647787,0.7595470097400662,0.7833084971795164,0.7587826558557899
ELM_elastic_net,PAC,1.0,1.0,5400,100.0,1.0,1291.0191198214611,0.5407224714389448,-0.0094930093709805,0.273483843677321,0.8904929770655685,0.7215060343286109,0.7596536294961599,0.7872628380061818,0.7561408339436508
ELM_elastic_net,PAC,1.0,1.0,5400,100.0,2.0,1298.8653516770396,0.5440087387105077,-0.0123870892905538,0.279407817345043,0.8891578636707401,0.7371346824088545,0.7642704615906238,0.7880332602710236,0.763146134756834
ELM_elastic_net,PAC,1.0,1.0,5400,100.0,3.0,1307.5514602634746,0.5476467747627497,-0.0056267333976478,0.2807140206985563,0.8876704021266779,0.7405807126713663,0.7693814888500773,0.7922889138950824,0.7674170384721754
ELM_elastic_net,PAC,1.0,1.0,5400,100.0,4.0,1279.1562725073393,0.5357539097658365,-0.0095198457526392,0.2734100925475414,0.8924961955821368,0.7213114638396962,0.7526733649284454,0.7792706257864971,0.7510851515182129
ELM_elastic_net,PAC,1.0,1.0,13500,250.0,0.0,1224.225730068259,0.512747140765197,-0.0072881631881432,0.2525621239164451,0.9015309767387916,0.6663102799724061,0.7203514687664344,0.7629642134360053,0.7165419873916153
ELM_elastic_net,PAC,1.0,1.0,13500,250.0,1.0,1215.8960265717035,0.5092583792187111,-0.0041294994987045,0.2510959539061242,0.9028663960858032,0.6624422251155851,0.7154501552253457,0.7577295402612266,0.7118739735340526
ELM_elastic_net,PAC,1.0,1.0,13500,250.0,2.0,1217.212412017161,0.5098097259652506,-0.0077614431713163,0.2525664381436283,0.9026559595417336,0.6663216617816724,0.7162247347541104,0.7554579994757764,0.712668132003853
ELM_elastic_net,PAC,1.0,1.0,13500,250.0,3.0,1235.170635128908,0.5173312371764702,-0.0103170973675163,0.2538725550753119,0.8997624275246283,0.6697674640458104,0.7267916033284714,0.7698601557096173,0.7221397410279664
ELM_elastic_net,PAC,1.0,1.0,13500,250.0,4.0,1223.7087190089137,0.5125305990475117,-0.0013015563311537,0.2540389779665085,0.9016141294169218,0.670206521500299,0.7200472522589548,0.7591414679176205,0.7164650805589581
ELM_elastic_net,PAC,1.0,1.0,27000,500.0,0.0,1197.4917448554693,0.5015500435776116,-0.0059080742461727,0.2439662897897889,0.9057846468258188,0.6436327202706058,0.7046208195560641,0.7510066486915672,0.6997533961727457
ELM_elastic_net,PAC,1.0,1.0,27000,500.0,1.0,1188.2555502343994,0.4976816128893916,-0.0031166169606953,0.241806164160602,0.9072323987131282,0.6379338692693558,0.6991861140130518,0.7461028953438851,0.6944076262087643
ELM_elastic_net,PAC,1.0,1.0,27000,500.0,2.0,1190.5098644928355,0.4986257959448604,-0.0046575917298069,0.2422062659601034,0.906880074332139,0.6389894192382476,0.7005125839174501,0.7451432698290811,0.694881757661593
ELM_elastic_net,PAC,1.0,1.0,27000,500.0,3.0,1188.7974489995368,0.4979085784199992,-0.0070243771022075,0.2423846404247529,0.9071477668989912,0.6394600073756829,0.6995049747932182,0.7443773787088875,0.6944474536259295
ELM_elastic_net,PAC,1.0,1.0,27000,500.0,4.0,1194.6132981581088,0.5003444527476963,-0.0070331342540802,0.2413638868070169,0.9062370389778992,0.636767051605951,0.7029271014326148,0.7500248075252618,0.6965729868546093
ELM_elastic_net,PAC,1.0,1.0,54000,1000.0,0.0,1177.1354382452505,0.4930241338907211,-0.0036548976949483,0.2339534334721317,0.9089605777110288,0.6172167676610657,0.6926428852542638,0.7451280544199143,0.6849959024450812
ELM_elastic_net,PAC,1.0,1.0,54000,1000.0,1.0,1172.745441913362,0.49118545495116,-0.0041421690478667,0.2346934113132265,0.909638354401776,0.6191689797933818,0.6900597502752444,0.7404782366494352,0.6832356555726871
ELM_elastic_net,PAC,1.0,1.0,54000,1000.0,2.0,1169.1450932867954,0.4896775071775684,-0.0055491224182626,0.2341855672567716,0.9101923263472876,0.6178291838248039,0.6879412550030743,0.7378674680185704,0.681212635615483
ELM_elastic_net,PAC,1.0,1.0,54000,1000.0,3.0,1167.8423401315358,0.4891318700952266,-0.0031597077562552,0.2345009317442219,0.9103923563472324,0.6186611795202307,0.6871746969037122,0.7356760869560858,0.6805039877933429
ELM_elastic_net,PAC,1.0,1.0,54000,1000.0,4.0,1170.2615218273197,0.4901451052095021,-0.0044634025918151,0.2344640731994236,0.9100207279339084,0.6185639391782386,0.6885981771042743,0.7403801103548694,0.682514075545794
ELM_huber,PAC,1.0,1.0,270,5.0,0.0,2242.033894129906,0.9390396235583708,-0.1524819198897972,0.5245742638080597,0.6697362014724529,1.3839336602185903,1.3192439670178766,1.263845473588736,1.322341033608401
ELM_huber,PAC,1.0,1.0,270,5.0,1.0,2081.6403022779077,0.8718613625569567,-0.138484105022927,0.4943639371337998,0.7152996511847046,1.3042326705680465,1.2248661438488857,1.1685339272347806,1.2325442472172374
ELM_huber,PAC,1.0,1.0,270,5.0,2.0,2196.443627765829,0.9199448780790378,-0.2015490327772992,0.5206888932051956,0.6830310311672707,1.373683261884724,1.292418019375864,1.229306602164033,1.2984692944748737
ELM_huber,PAC,1.0,1.0,270,5.0,3.0,2356.756026586127,0.9870891326927148,-0.1600438685837457,0.545240302121938,0.635073101002166,1.438454874885744,1.3867480674342667,1.3248675518623028,1.3833568313941045
ELM_huber,PAC,1.0,1.0,270,5.0,4.0,2055.678858313886,0.8609878317727723,-0.1578358879962048,0.4722256640371263,0.7223567222785681,1.2458274009400871,1.2095900686680954,1.1677324244257372,1.20771663134464
ELM_huber,PAC,1.0,1.0,540,10.0,0.0,1979.637265870772,0.829139041025444,-0.1058716038388466,0.4721143296636465,0.7425174121952742,1.245533678205999,1.1648461366804206,1.101270907373306,1.1705502407532418
ELM_huber,PAC,1.0,1.0,540,10.0,1.0,1981.7267396227544,0.8300141833016753,-0.0982253742617553,0.4639960159299314,0.7419735882890515,1.2241159144774791,1.166075612135168,1.1191386225795057,1.1697767163973845
ELM_huber,PAC,1.0,1.0,540,10.0,2.0,1921.925715422254,0.8049674918129028,-0.0614883012937658,0.4414112782351247,0.7573111524090913,1.164532780382881,1.130887856675915,1.0968831499848597,1.130767929014552
ELM_huber,PAC,1.0,1.0,540,10.0,3.0,1796.3694846521566,0.7523802958804722,-0.0424920385171984,0.4228248399051653,0.7879843293311336,1.1154979736775723,1.0570088219304403,1.0074530878394874,1.0599866278158334
ELM_huber,PAC,1.0,1.0,540,10.0,4.0,2048.45903909032,0.8579639272976403,-0.1259977192421945,0.4772990036376565,0.7243035382118009,1.2592119032447266,1.2053418264900504,1.1543595712949084,1.2063044336765618
ELM_huber,PAC,1.0,1.0,1350,25.0,0.0,1630.9628838627425,0.6831024171891512,-0.0344901990529612,0.3710197970894026,0.825230847713492,0.9788257282621315,0.959681274488945,0.9363507914324098,0.9582859313944956
ELM_huber,PAC,1.0,1.0,1350,25.0,1.0,1639.8899235196145,0.6868413633223154,-0.0274483154825416,0.375469325173813,0.8233124215493248,0.9905644888399032,0.9649340689455732,0.943474825554051,0.9663244611131758
ELM_huber,PAC,1.0,1.0,1350,25.0,2.0,1543.3545523306389,0.6464090849081913,-0.0346874704737883,0.3432809652866034,0.8435022713906208,0.905645045038446,0.9081313121369784,0.907490963184466,0.9070891067866302
ELM_huber,PAC,1.0,1.0,1350,25.0,3.0,1622.811220262943,0.6796882247729832,-0.0302932007440658,0.3838481501804259,0.8269734981182474,1.0126695343210814,0.9548847221025824,0.9174220033815657,0.96165875326841
ELM_huber,PAC,1.0,1.0,1350,25.0,4.0,1599.31223125633,0.6698460534086044,-0.0200390054191961,0.3517913953980674,0.8319482105155698,0.9280972915682194,0.94105758971214,0.9422395993559745,0.9371314935454446
ELM_huber,PAC,1.0,1.0,2700,50.0,0.0,1466.6479282169366,0.6142817564049269,-0.0128022967194392,0.3217386854456826,0.8586719488647205,0.8488121269054147,0.862996066252758,0.8678182398981652,0.859875477685446
ELM_huber,PAC,1.0,1.0,2700,50.0,1.0,1463.412306780778,0.6129265687142578,-0.0211287936510082,0.3259011905943034,0.8592948381731806,0.8597936625686232,0.8610921815388016,0.8605848622991086,0.8604902354688445
ELM_huber,PAC,1.0,1.0,2700,50.0,2.0,1389.5093236273674,0.5819734998681906,-0.01236292911411,0.2982275015269428,0.8731473469889711,0.7867848391377487,0.8176066370405561,0.8369298279294262,0.8137737680359104
ELM_huber,PAC,1.0,1.0,2700,50.0,3.0,1406.9091766510842,0.589261146801692,-0.0191381412086688,0.3084267379198495,0.8699504814471704,0.8136925003146506,0.8278449528789723,0.8388088842136164,0.8267821124690798
ELM_huber,PAC,1.0,1.0,2700,50.0,4.0,1393.8904413224984,0.5838084601343899,-0.0042930125459757,0.3095082388688441,0.8723461540178346,0.8165457199064902,0.8201845477060592,0.8228357664427064,0.8198553446850854
ELM_huber,PAC,1.0,1.0,5400,100.0,0.0,1295.75010581036,0.5427039683796051,-0.0170851128861736,0.272722163842008,0.889688921668346,0.7194965679191319,0.7624374075381607,0.7948659998674273,0.7589333251082399
ELM_huber,PAC,1.0,1.0,5400,100.0,1.0,1299.3018296104635,0.544191550431315,-0.010282673024275,0.2695343691229914,0.8890833551383421,0.7110865167254493,0.7645272912852656,0.7992687624963544,0.758294190169023
ELM_huber,PAC,1.0,1.0,5400,100.0,2.0,1306.5455149846937,0.5472254508575314,-0.0169000859594901,0.2733361769291782,0.8878431738540397,0.7211164593964243,0.7687895766387337,0.8018343322861655,0.7639134561071078
ELM_huber,PAC,1.0,1.0,5400,100.0,3.0,1316.4289515309024,0.5513649683546192,-0.0056992034272605,0.2749988558517248,0.8861399228040278,0.7255029447537962,0.7746051283443202,0.8066976313552116,0.7689352348177759
ELM_huber,PAC,1.0,1.0,5400,100.0,4.0,1283.90070625394,0.5377410390822444,-0.0115605833787676,0.2664463561188875,0.89169724618869,0.7029397100015575,0.7554650558183587,0.7921002299469438,0.7501683319222866
ELM_huber,PAC,1.0,1.0,13500,250.0,0.0,1229.8441127211672,0.5151003094417309,-0.0092556815466621,0.2451071593429066,0.9006250880079221,0.6466425663217951,0.7236574033638788,0.7761763194256774,0.7154920963704505
ELM_huber,PAC,1.0,1.0,13500,250.0,1.0,1220.835064275977,0.5113270152543682,-0.0056820534759441,0.2427349868123811,0.9020756690824918,0.640384292442691,0.7183563537941079,0.7716706872959398,0.7101371111775796
ELM_huber,PAC,1.0,1.0,13500,250.0,2.0,1221.6591625511303,0.5116721754841494,-0.0079493105716646,0.2453626591975007,0.9019434210635496,0.6473166269331314,0.7188412646960227,0.7680000979650324,0.7113859965313956
ELM_huber,PAC,1.0,1.0,13500,250.0,3.0,1245.4799875406045,0.5216491426430899,-0.0063146186057333,0.2514920091198358,0.8980821786553306,0.6634870993676721,0.7328577698608334,0.7796994820919172,0.7253481171068076
ELM_huber,PAC,1.0,1.0,13500,250.0,4.0,1228.4400432323732,0.514512237652246,-0.0013538961779548,0.2465873330820515,0.9008518641214412,0.6505475658650509,0.7228312293228819,0.7724082361993961,0.7152623437957764
ELM_huber,PAC,1.0,1.0,27000,500.0,0.0,1199.178809671008,0.5022566433812319,-0.004234686405065,0.2354519507118175,0.9055189925977836,0.6211701610917008,0.7056135119884556,0.76305957986615,0.6966144176487687
ELM_huber,PAC,1.0,1.0,27000,500.0,1.0,1187.6752979333016,0.4974385836007541,-0.0014863839716934,0.2323981946811883,0.907322977665161,0.6131137312352228,0.6988446854781952,0.7569545326506707,0.6896376497880295
ELM_huber,PAC,1.0,1.0,27000,500.0,2.0,1191.108544205591,0.4988765432567408,-0.0038277812541723,0.2334796186576578,0.9067863950952776,0.6159667477578771,0.7008648553979555,0.7561550888405955,0.6909955639988093
ELM_huber,PAC,1.0,1.0,27000,500.0,3.0,1188.7657343088567,0.4978952952349076,-0.0064915796874902,0.2338150375744934,0.9071527210492109,0.6168516511191533,0.6994863134275471,0.7555553613369784,0.690631108627893
ELM_huber,PAC,1.0,1.0,27000,500.0,4.0,1196.409310288583,0.5010966833715607,-0.0066180305045412,0.2341756343887241,0.9059548957879068,0.6178029788975289,0.7039838999823701,0.7600231910628183,0.6939366899809057
ELM_huber,PAC,1.0,1.0,54000,1000.0,0.0,1171.1690763439096,0.4905252197358028,-0.0002257225042847,0.2264329780677469,0.9098811133983336,0.5973762758711193,0.6891321948209046,0.7506194008621291,0.6790426238513844
ELM_huber,PAC,1.0,1.0,54000,1000.0,1.0,1171.5406125897962,0.4906808316814514,-0.0021060535949564,0.2260142011390029,0.9098239265336976,0.596271457110846,0.6893508119221882,0.7501309487912002,0.6785844059414115
ELM_huber,PAC,1.0,1.0,54000,1000.0,2.0,1175.5469481406635,0.4923588205099811,-0.0002904699031262,0.2261347941899037,0.9092061189477376,0.596589606120137,0.6917081955545985,0.7551822500192573,0.6811600172313309
ELM_huber,PAC,1.0,1.0,54000,1000.0,3.0,1165.14266061944,0.4880011530086544,-0.0024595473335641,0.2259040303930478,0.9108061661565544,0.5959808042629691,0.685586167881676,0.7454103255096474,0.6756590992180974
ELM_huber,PAC,1.0,1.0,54000,1000.0,4.0,1169.4791335521224,0.4898174145383925,-0.003114214692769,0.2254281788307554,0.910141000528246,0.5947254110045516,0.6881378089472086,0.751464371945717,0.678109197299159
ELM_l3,PAC,1.0,1.0,270,5.0,0.0,2121.9639202583385,0.888750257567864,0.0195618453984026,0.5115407043346001,0.7041629149121957,1.3495484779627154,1.2485931222359192,1.1740824020953795,1.2574080007646715
ELM_l3,PAC,1.0,1.0,270,5.0,1.0,2006.654414039809,0.8404547364360697,0.0010786254159013,0.4920294845737361,0.7354414549228133,1.2980739096471376,1.1807434029177188,1.106593469721311,1.1951369274287225
ELM_l3,PAC,1.0,1.0,270,5.0,2.0,1981.6714174491024,0.8299910125042772,-0.037670575813605,0.485135476965173,0.7419879942941019,1.2798861146264036,1.1660430597977465,1.087606454137086,1.1778452095204122
ELM_l3,PAC,1.0,1.0,270,5.0,3.0,2234.086259205814,0.9357108852521218,0.0028724212445375,0.5316023302587712,0.6720735112154606,1.4024751297462523,1.314567467945708,1.234330102091119,1.3171242332610265
ELM_l3,PAC,1.0,1.0,270,5.0,4.0,1864.443090301604,0.780891824270245,-0.0296844311151103,0.436276546603844,0.7716111554843529,1.150986313407676,1.0970642795224583,1.0482132498454415,1.0987546142585254
ELM_l3,PAC,1.0,1.0,540,10.0,0.0,1978.3632628609407,0.8286054454763776,0.0839397147423602,0.476385169967879,0.7428487133319721,1.2568010240562106,1.164096495567018,1.0943204702062397,1.1717393299431562
ELM_l3,PAC,1.0,1.0,540,10.0,1.0,1922.0191296503688,0.8050066168510361,0.0034071879491263,0.4656364452495865,0.7572875602981849,1.2284437008545686,1.1309428229086722,1.0681564447493042,1.142514322837515
ELM_l3,PAC,1.0,1.0,540,10.0,2.0,1897.7394448744988,0.7948374636942784,-0.0303135931613839,0.4617208925180717,0.7633809026925262,1.218113675923176,1.1166563182552298,1.047431770072231,1.1274005880835458
ELM_l3,PAC,1.0,1.0,540,10.0,3.0,1730.2078600468994,0.7246695698178575,0.0253247039737342,0.4146690520414794,0.8033141190663964,1.0939813455681024,1.018078400612051,0.96313856424379,1.025066103474648
ELM_l3,PAC,1.0,1.0,540,10.0,4.0,1867.8885626047163,0.7823349046014418,0.0114475976006423,0.4424872561122327,0.7707662548909494,1.1673714289871238,1.099091643409021,1.0414045263513063,1.1026225329158172
ELM_l3,PAC,1.0,1.0,1350,25.0,0.0,1574.982064812866,0.6596557568220982,-0.024459152760206,0.3669392436855096,0.8370224258418335,0.9680603979789189,0.9267413809424516,0.8945956106476783,0.9297991298563496
ELM_l3,PAC,1.0,1.0,1350,25.0,1.0,1614.6150056823224,0.6762553728992712,0.0021206262519209,0.3774254891770192,0.8287168691465177,0.9957252475650692,0.9500619552986648,0.918474560244393,0.9547539210360424
ELM_l3,PAC,1.0,1.0,1350,25.0,2.0,1505.1454112357037,0.6304058043314714,-0.0053449049460817,0.3459862294492329,0.8511552428463184,0.912782082428096,0.8856485213966583,0.8697510616173558,0.8893938884807033
ELM_l3,PAC,1.0,1.0,1350,25.0,3.0,1587.5917836836006,0.6649371335633482,0.0116926896816666,0.3804424596738514,0.8344022966626674,1.0036846296974344,0.9341611151353928,0.8946433370394867,0.9441630272907714
ELM_l3,PAC,1.0,1.0,1350,25.0,4.0,1475.2941923146575,0.6179031042376996,0.0067659963035537,0.3410237491990469,0.8570007072353283,0.899690049649844,0.8680836484601574,0.8495023766860008,0.8724253582653341
ELM_l3,PAC,1.0,1.0,2700,50.0,0.0,1442.572518001259,0.6041981603428268,-0.0057413791964359,0.3352787483845129,0.8632737405061519,0.884533568377774,0.848829759595365,0.8318436253159691,0.8550689844297027
ELM_l3,PAC,1.0,1.0,2700,50.0,1.0,1457.8550287323703,0.6105989927127312,-0.0082449719093179,0.3364530271691781,0.8603614589844789,0.887631554780655,0.8578222017416194,0.8401391692147151,0.8618643085789964
ELM_l3,PAC,1.0,1.0,2700,50.0,2.0,1380.8814470451834,0.5783598533488161,-0.0055504319703673,0.3109855316582685,0.8747177878257523,0.8204431189181023,0.8125298743033728,0.8131499960999767,0.8153743297738173
ELM_l3,PAC,1.0,1.0,2700,50.0,3.0,1398.672562268028,0.5858113741243426,-0.0089394586903544,0.3196039527192807,0.8714687489068408,0.8431802675492365,0.8229984142686734,0.8176071628992341,0.8279286149057147
ELM_l3,PAC,1.0,1.0,2700,50.0,4.0,1377.0172768331795,0.5767414081724315,0.0071449335555149,0.3158631834974466,0.8754179702196762,0.8333113570853021,0.810256142736217,0.8018384996642045,0.8151353331619079
ELM_l3,PAC,1.0,1.0,5400,100.0,0.0,1319.5841518458078,0.5526864729597536,-0.0136548821482803,0.2947261943570475,0.8855934719293935,0.7775476782980097,0.7764616921505454,0.7814678066792675,0.7784923923759409
ELM_l3,PAC,1.0,1.0,5400,100.0,1.0,1316.63841522605,0.5514526988344999,-0.0019910855649371,0.2936237627706689,0.8861036862112618,0.7746392394253091,0.7747283796996437,0.7797401331331525,0.7763692507527017
ELM_l3,PAC,1.0,1.0,5400,100.0,2.0,1322.8770301476786,0.5540656417622897,-0.0066337346232446,0.2971491791902405,0.8850217815015681,0.7839400053719926,0.7783992676016752,0.7830431898708633,0.7817941542815103
ELM_l3,PAC,1.0,1.0,5400,100.0,3.0,1351.921483458189,0.5662304411324369,0.0032763233102005,0.3027638624963573,0.8799175436522421,0.7987526825368898,0.7954894284175059,0.7969508702127276,0.7970643270557077
ELM_l3,PAC,1.0,1.0,5400,100.0,4.0,1350.1692788793507,0.5654965585928297,0.0018327305015868,0.3046265758129867,0.8802286159718623,0.8036668993333967,0.7944584068412195,0.7940336760186523,0.7973863273977563
ELM_l3,PAC,1.0,1.0,13500,250.0,0.0,1259.4761184409542,0.5275111956327209,-0.004050367155915,0.2744687579815313,0.8957786970959052,0.7241044386958638,0.7410932881998835,0.7585393484648794,0.7412456917868756
ELM_l3,PAC,1.0,1.0,13500,250.0,1.0,1274.18492262815,0.5336717402984821,-0.0086198525652425,0.2788781310286147,0.8933301835896048,0.7357372621135072,0.7497481534259669,0.7669510252293085,0.7508121469229275
ELM_l3,PAC,1.0,1.0,13500,250.0,2.0,1256.207643913022,0.5261422479560798,-0.0048481300846026,0.2741414825635916,0.8963189259485898,0.723241019541899,0.7391700722691985,0.7580380352841817,0.7401497090317597
ELM_l3,PAC,1.0,1.0,13500,250.0,3.0,1261.571385853205,0.5283887644898222,-0.0072430747182442,0.2754491137022286,0.8954316430500115,0.7266908165921255,0.7423261727250184,0.7604420492784284,0.7431530128651908
ELM_l3,PAC,1.0,1.0,13500,250.0,4.0,1258.9205555956923,0.527278507123219,-0.0047430455462316,0.2741661440244979,0.8958706221628061,0.7233060814944445,0.7407663872846788,0.7599857663359231,0.7413527450383488
ELM_l3,PAC,1.0,1.0,27000,500.0,0.0,1240.7580755643198,0.519671446205808,-0.00704827354168,0.264628180227517,0.8988535033251936,0.6981429919963711,0.7300793310942238,0.7575937415779878,0.7286053548895276
ELM_l3,PAC,1.0,1.0,27000,500.0,1.0,1235.9076720791447,0.5176399331788416,-0.0038866484510288,0.2631621283239735,0.8996427665892547,0.6942752487292637,0.7272252861343447,0.7537522165117636,0.7250842504584574
ELM_l3,PAC,1.0,1.0,27000,500.0,2.0,1238.365954391949,0.5186695449539621,-0.0028352945715671,0.2626473113242417,0.899243138408049,0.6929170567173081,0.7286717736824966,0.7570539731345882,0.7262142678447976
ELM_l3,PAC,1.0,1.0,27000,500.0,3.0,1243.8317322958533,0.520958797600309,-0.008220133449205,0.2659795121940982,0.8983517541272719,0.701708080723952,0.7318879135203754,0.7572433263546998,0.730279773533009
ELM_l3,PAC,1.0,1.0,27000,500.0,4.0,1246.7360778654438,0.52217523575385,-0.0059179029255188,0.2644982583114433,0.8978765028598251,0.6978002315423044,0.7335968709009257,0.7617570503676433,0.7310513842702911
ELM_l3,PAC,1.0,1.0,54000,1000.0,0.0,1249.30738672323,0.5232521868687237,-0.0055406882066292,0.2603097303215028,0.8974548228497626,0.6867500423279754,0.7351098648422106,0.7730742137120484,0.7316447069607448
ELM_l3,PAC,1.0,1.0,54000,1000.0,1.0,1250.9604337078365,0.5239445388542192,-0.0076539540543708,0.2612076014840359,0.8971832737589085,0.6891188091739674,0.7360825407091316,0.770557562719911,0.7319196375343365
ELM_l3,PAC,1.0,1.0,54000,1000.0,2.0,1247.3733318720488,0.5224421392846308,-0.0098667574068114,0.2604264060452714,0.8977720778079687,0.6870578566311051,0.7339718400331376,0.7677109875615363,0.7295802280752596
ELM_l3,PAC,1.0,1.0,54000,1000.0,3.0,1245.676886563424,0.5217316106132448,-0.0018221295942087,0.2600211522221209,0.8980499515527239,0.685988714575376,0.7329736279879769,0.7671352159198471,0.7286991861610667
ELM_l3,PAC,1.0,1.0,54000,1000.0,4.0,1242.596870356897,0.5204415956555302,-0.0056104087026005,0.2606435098799622,0.8985534843751048,0.6876306207282417,0.7311613035581739,0.7667826454394422,0.7285248565752859
ELM_lp,PAC,1.0,1.0,270,5.0,0.0,2197.622557369829,0.9204386536702276,-0.112341005933643,0.5185899634933591,0.682690676985017,1.36814585816698,1.2931117179732348,1.2324967448188262,1.297918106986347
ELM_lp,PAC,1.0,1.0,270,5.0,1.0,2050.043307851998,0.8586274726371987,-0.1056255594392609,0.4907163341912087,0.7238769285656732,1.2946095517083474,1.20627403229276,1.1462600004163206,1.2157145281391426
ELM_lp,PAC,1.0,1.0,270,5.0,2.0,2136.817442732848,0.8949714151469256,-0.162545186894658,0.5120064525048439,0.7000067628712633,1.350777216416841,1.2573331417176792,1.1878508648586117,1.2653204076643771
ELM_lp,PAC,1.0,1.0,270,5.0,3.0,2306.05399849919,0.9658534085169744,-0.1164572168622195,0.5387728126914411,0.6506058983833345,1.4213923216163604,1.3569142880055125,1.2881867169292345,1.355497775517036
ELM_lp,PAC,1.0,1.0,270,5.0,4.0,2010.431075948377,0.8420365301753233,-0.1288316309626582,0.464916943295529,0.7344446829767817,1.2265455082791554,1.1829656433804476,1.1376187671237397,1.1823766395944475
ELM_lp,PAC,1.0,1.0,540,10.0,0.0,2035.6561925942613,0.8526016621750605,-0.0491322242334365,0.4767031704864058,0.7277389685730079,1.2576399741380568,1.1978084533127746,1.146267739575232,1.2005720556753543
ELM_lp,PAC,1.0,1.0,540,10.0,1.0,1954.592105343417,0.8186492807345125,-0.0734682027455696,0.4607419108954581,0.7489912247424467,1.2155309231772915,1.1501092154343973,1.1005305617269705,1.1553902334462198
ELM_lp,PAC,1.0,1.0,540,10.0,2.0,1893.9522244963384,0.7932512477108575,-0.0380647416006003,0.4379422225842897,0.7643243772994383,1.155380705613695,1.1144278650419506,1.0770519379431822,1.1156201695329426
ELM_lp,PAC,1.0,1.0,540,10.0,3.0,1773.032669146898,0.7426060482633934,-0.0226894870950743,0.4195903653516171,0.7934571812599917,1.106964771580922,1.043277114686706,0.9918958601485128,1.0473792488053804
ELM_lp,PAC,1.0,1.0,540,10.0,4.0,2006.7039396677624,0.8404754794440823,-0.096879362181018,0.4704908008746655,0.7354283957835093,1.2412504788681318,1.180772544486926,1.1260187942923272,1.1826806058824617
ELM_lp,PAC,1.0,1.0,1350,25.0,0.0,1610.9727324038215,0.6747298656634998,-0.0321568676188301,0.3682159003673907,0.8294887637615564,0.9714284781088368,0.9479187909774328,0.9230894596788904,0.9474789095883868
ELM_lp,PAC,1.0,1.0,1350,25.0,1.0,1628.521683011881,0.6820799597080109,-0.0196527418271693,0.374643081768759,0.8257536398730893,0.988384690594585,0.9582448379108852,0.9347476948361056,0.960459074447192
ELM_lp,PAC,1.0,1.0,1350,25.0,2.0,1527.2926219838969,0.6396818052422079,-0.0309845767021512,0.3420049934837075,0.8467427135955805,0.902278771758666,0.8986802486342903,0.8949775444558854,0.8986455216162806
ELM_lp,PAC,1.0,1.0,1350,25.0,3.0,1610.7801496474165,0.6746492054917013,-0.0189222382590778,0.3821956659908198,0.8295295286490576,1.0083099447438626,0.947805472601558,0.9101993691645224,0.955438262169981
ELM_lp,PAC,1.0,1.0,1350,25.0,4.0,1524.1556087991498,0.6383679180222979,-0.0215126687228264,0.3428366029865419,0.8473716387635446,0.9044727268619442,0.8968343863887337,0.8858422250183771,0.895716446089685
ELM_lp,PAC,1.0,1.0,2700,50.0,0.0,1452.2539750354017,0.6082530819890342,-0.0164008853460762,0.3275407296472187,0.8614323755016685,0.8641191002408812,0.8545264637431818,0.8490587824529338,0.8559014488123323
ELM_lp,PAC,1.0,1.0,2700,50.0,1.0,1470.3874292717046,0.6158479859217774,-0.0134034901025397,0.3316168333431503,0.8579503439891036,0.8748726912889642,0.8651964407515896,0.8592644642391196,0.8664445320932245
ELM_lp,PAC,1.0,1.0,2700,50.0,2.0,1378.1661668915774,0.577222602185944,-0.0127212275087204,0.2988750469113261,0.8752099978618656,0.7884931956390032,0.8109321656466094,0.8268307782372831,0.808752046507632
ELM_lp,PAC,1.0,1.0,2700,50.0,3.0,1396.498016216393,0.5849006006917534,-0.0168152976264515,0.3087373629742525,0.8718680987790572,0.8145119924212113,0.8217188810880497,0.8300341091670127,0.8220883275587578
ELM_lp,PAC,1.0,1.0,2700,50.0,4.0,1382.7752474081187,0.579153040991769,-0.0024142959939633,0.3092338030846738,0.8743739173315155,0.8158217024594188,0.8136442128109572,0.8144558152314018,0.8146405768339259
ELM_lp,PAC,1.0,1.0,5400,100.0,0.0,1289.474050134621,0.5400753439976957,-0.0173820729111898,0.2751710852328585,0.8907549324984539,0.7259573209103756,0.7587444889749915,0.7863427081814746,0.7570148393556139
ELM_lp,PAC,1.0,1.0,5400,100.0,1.0,1294.392055321949,0.5421351709039072,-0.0100927029550172,0.2711946218968753,0.8899200302867455,0.7154666014089212,0.7616383117178734,0.7929099941840768,0.7566716357702905
ELM_lp,PAC,1.0,1.0,5400,100.0,2.0,1298.725560714534,0.5439501895274862,-0.0142773773470116,0.2758636650458798,0.8891817212555007,0.7277844873990058,0.7641882066414851,0.792352886875796,0.761441860305429
ELM_lp,PAC,1.0,1.0,5400,100.0,3.0,1311.091584116188,0.5491294983641661,-0.0067735567489171,0.2774101775141429,0.8870613262728413,0.7318645020097879,0.7714645470265911,0.7991033584594541,0.7674774691652777
ELM_lp,PAC,1.0,1.0,5400,100.0,4.0,1281.2169987222455,0.5366170116012587,-0.0108649005695156,0.2704903573384681,0.8921495383982133,0.7136086081840852,0.7538859249320246,0.7845593458869053,0.7506846263343384
ELM_lp,PAC,1.0,1.0,13500,250.0,0.0,1225.52307499098,0.5132905126968378,-0.0087046768665364,0.2480362036968324,0.9013221656128996,0.6543699813959634,0.7211148445864531,0.7693476554052234,0.7149441604625467
ELM_lp,PAC,1.0,1.0,13500,250.0,1.0,1216.166459429819,0.5093716456461044,-0.0049759650867185,0.246398203497311,0.9028231834446628,0.6500486035321194,0.7156092816852474,0.7638237844450387,0.7098272232208017
ELM_lp,PAC,1.0,1.0,13500,250.0,2.0,1218.255324137826,0.51024653283412,-0.0073843984541064,0.2488106601353717,0.9024890786085936,0.6564131550848269,0.716838398770038,0.7611095078512323,0.7114536872353657
ELM_lp,PAC,1.0,1.0,13500,250.0,3.0,1241.7801301043085,0.5200995172144577,-0.0068903220489055,0.2552593211678613,0.8986867990887493,0.6734260352086365,0.7306807222192079,0.7716150891628779,0.7252406155302408
ELM_lp,PAC,1.0,1.0,13500,250.0,4.0,1226.10617622586,0.5135347352152981,-0.0017030567516317,0.2505402697309932,0.9012282418724712,0.6609762171783445,0.7214579494736227,0.7653509447616603,0.7159283704712092
ELM_lp,PAC,1.0,1.0,27000,500.0,0.0,1197.9213288202222,0.5017299678711757,-0.0046568442599004,0.2388693036000953,0.905717037734108,0.6301858334516077,0.704873592743531,0.7579241669434765,0.6976611977128718
ELM_lp,PAC,1.0,1.0,27000,500.0,1.0,1185.7835089449986,0.4966462383895246,-0.0019573932329135,0.236041645555863,0.907617983778515,0.6227258960948014,0.6977315304914558,0.7509941740338056,0.6904838668733543
ELM_lp,PAC,1.0,1.0,27000,500.0,2.0,1188.5265354072596,0.49779511064488,-0.0039247705878228,0.2367952447037617,0.9071900820398562,0.6247140440064395,0.6993455654626409,0.750011291001571,0.6913569668235505
ELM_lp,PAC,1.0,1.0,27000,500.0,3.0,1187.9014125302238,0.4975332880414544,-0.0070569774873478,0.2374598209566832,0.907287685826734,0.6264673314047258,0.6989777344560119,0.7498994698033866,0.6917815118880414
ELM_lp,PAC,1.0,1.0,27000,500.0,4.0,1194.598121915758,0.5003380964241182,-0.0070706030141943,0.2372512106627649,0.9062394212724604,0.6259169749966057,0.7029181715202635,0.7549030222905838,0.6945793896024842
ELM_lp,PAC,1.0,1.0,54000,1000.0,0.0,1174.8330423798077,0.4920598126320513,-0.003724942632941,0.2301156957441997,0.9093163631074872,0.6070920345446899,0.6912881234626937,0.7499337130733149,0.6827712903602329
ELM_lp,PAC,1.0,1.0,54000,1000.0,1.0,1170.1101091794335,0.4900816884715816,-0.0019996688266597,0.2288599618582631,0.9100440101118202,0.6037791530083196,0.6885090837936081,0.7456664381552727,0.6793182249857335
ELM_lp,PAC,1.0,1.0,54000,1000.0,2.0,1177.1827518621724,0.4930439504337003,-0.0032359735154363,0.2317736495458493,0.9089532591123756,0.6114660540715606,0.6926707252453744,0.748267826302278,0.6841348685397377
ELM_lp,PAC,1.0,1.0,54000,1000.0,3.0,1164.0292599708812,0.4875348231602834,-0.0022590224394995,0.2285407546506295,0.9109765504822304,0.6029370194350451,0.6849310274342766,0.740761708688532,0.6762099185192846
ELM_lp,PAC,1.0,1.0,54000,1000.0,4.0,1167.5206042030054,0.4889971162068026,-0.0039241007404171,0.2285189694268726,0.910441722646378,0.602879545581422,0.6869853830027056,0.7453927716737507,0.6784192334192927
ELM_m_estimator,PAC,1.0,1.0,270,5.0,0.0,2249.611376374798,0.9422133294034936,-0.1592172513402373,0.5255250577045909,0.6675000202215804,1.38644204800679,1.3237026630986684,1.269384557998064,1.326509756367841
ELM_m_estimator,PAC,1.0,1.0,270,5.0,1.0,2084.138907727992,0.8729078630257548,-0.1414104951043497,0.4944749095557002,0.7146157859044513,1.3045254384002103,1.226336358092574,1.1705360569380954,1.23379928447696
ELM_m_estimator,PAC,1.0,1.0,270,5.0,2.0,2194.43152985756,0.9191021434231118,-0.198179952179773,0.5205738322016035,0.6836114972158258,1.37337970754202,1.2912340729451328,1.2275045788978225,1.2973727864616584
ELM_m_estimator,PAC,1.0,1.0,270,5.0,3.0,2381.0044885995394,0.997245208700558,-0.1786540982953097,0.5482631850813362,0.6275250656353935,1.4464298552975603,1.4010162001794548,1.3423051091379892,1.3965837215383348
ELM_m_estimator,PAC,1.0,1.0,270,5.0,4.0,2065.867853892431,0.865255327727033,-0.1633179487627296,0.4739673935408775,0.7195976173042621,1.2504224378176856,1.21558541556368,1.17439059654377,1.2134661499750452
ELM_m_estimator,PAC,1.0,1.0,540,10.0,0.0,1981.8873002157209,0.8300814315083916,-0.1087159034175674,0.4721960800429221,0.7419317757110284,1.2457493523429528,1.1661700882241186,1.1030645452498435,1.1716613286056383
ELM_m_estimator,PAC,1.0,1.0,540,10.0,1.0,1985.2698488037497,0.8314981572595442,-0.1016263600861394,0.4640986694599059,0.74105011787457,1.2243867353798252,1.1681604269204182,1.122117688742445,1.1715549503475629
ELM_m_estimator,PAC,1.0,1.0,540,10.0,2.0,1929.734689761058,0.8082381543763398,-0.0667551400548101,0.4424215719028635,0.7553350083147704,1.1671981406758922,1.135482765928642,1.1025371124487984,1.1350726730177776
ELM_m_estimator,PAC,1.0,1.0,540,10.0,3.0,1802.289426314788,0.7548597676694222,-0.0476708114953651,0.4234952664259831,0.7865846300605637,1.1172666952731147,1.0604921980488713,1.0115855079927067,1.063114800438231
ELM_m_estimator,PAC,1.0,1.0,540,10.0,4.0,2057.646110376658,0.8618117834718552,-0.1319922653028242,0.4787005143683608,0.721825067581388,1.2629093737635797,1.2107476271787898,1.1607421725156126,1.2114663911526609
ELM_m_estimator,PAC,1.0,1.0,1350,25.0,0.0,1634.9858589022208,0.6847873751982819,-0.0324507502619231,0.3711268165047812,0.8243676041944373,0.9791080672586434,0.9620484490281842,0.9401709688451932,0.960442495044007
ELM_m_estimator,PAC,1.0,1.0,1350,25.0,1.0,1642.8017130021467,0.6880609192383598,-0.0273814767357813,0.3750545040221537,0.8226844113663271,0.9894701062245906,0.9666474064281662,0.9469683398832452,0.9676952841786672
ELM_m_estimator,PAC,1.0,1.0,1350,25.0,2.0,1546.3178022332736,0.6476501941886375,-0.0358345996427822,0.3431975872404226,0.8429007413378617,0.9054250767849612,0.909874929647424,0.910261602287457,0.9085205362399474
ELM_m_estimator,PAC,1.0,1.0,1350,25.0,3.0,1622.0817903239215,0.6793827148441886,-0.0310394117250051,0.383390522658578,0.8271290089308492,1.0114622197899985,0.9544555153680476,0.9175898290726286,0.9611691880768916
ELM_m_estimator,PAC,1.0,1.0,1350,25.0,4.0,1603.622372259374,0.6716512862356275,-0.0201316979322933,0.3519580863969599,0.8310411919564799,0.9285370563453706,0.9435937367035612,0.9461701809671428,0.9394336580053584
ELM_m_estimator,PAC,1.0,1.0,2700,50.0,0.0,1468.0676418684195,0.6148763804988533,-0.0112060121026915,0.3207910768886455,0.8583982056276116,0.8463121426910258,0.8638314455369497,0.8711115984387412,0.8604183955555723
ELM_m_estimator,PAC,1.0,1.0,2700,50.0,1.0,1465.4198024771672,0.6137673758081952,-0.0214427736141915,0.3249863430295975,0.8589085372694895,0.8573801085189552,0.8622734199639699,0.8638678787277324,0.8611738024035525
ELM_m_estimator,PAC,1.0,1.0,2700,50.0,2.0,1394.9457068406073,0.5842504410239178,-0.0098945688808939,0.2977613051589989,0.8721527963628302,0.785554918246881,0.8208054806330823,0.8422381200663756,0.8161995063154462
ELM_m_estimator,PAC,1.0,1.0,2700,50.0,3.0,1409.6897276542354,0.5904257356039041,-0.0160721782900536,0.3074664346546288,0.8694359256260196,0.8111590248766659,0.8294810678126033,0.8428360715833869,0.8278253880908855
ELM_m_estimator,PAC,1.0,1.0,2700,50.0,4.0,1394.8141903741314,0.5841953574796883,-0.0036701886096953,0.308732602089156,0.8721769022757274,0.8144994322374737,0.8207280945126423,0.8249350845375667,0.8200542037625609
ELM_m_estimator,PAC,1.0,1.0,5400,100.0,0.0,1300.714025374028,0.5447830257795157,-0.0158417062271296,0.2716227605931307,0.8888421161354781,0.7165961184170349,0.7653582469395082,0.8006459366350811,0.7608667673305414
ELM_m_estimator,PAC,1.0,1.0,5400,100.0,1.0,1304.0103964347318,0.5461636574675809,-0.0088717296852931,0.2689960715299709,0.888277992236648,0.7096663781300334,0.7672978775785773,0.8040151190642191,0.76032645825761
ELM_m_estimator,PAC,1.0,1.0,5400,100.0,2.0,1312.5723720697413,0.5497497024414172,-0.016488632947144,0.272317540626563,0.8868060692463723,0.7184290895348605,0.7723358632806729,0.8080893658866589,0.7662847729007308
ELM_m_estimator,PAC,1.0,1.0,5400,100.0,3.0,1322.1002228585428,0.5537402885968994,-0.0039616051772928,0.2742610175687895,0.8851567746907517,0.7235563772113106,0.7779421833745317,0.8125973249213037,0.7713652951690486
ELM_m_estimator,PAC,1.0,1.0,5400,100.0,4.0,1287.9766219907588,0.539448170445949,-0.0102103743839046,0.2651593177646801,0.8910085113191692,0.6995442409073444,0.757863381401192,0.7972481734024586,0.751551931903665
ELM_m_estimator,PAC,1.0,1.0,13500,250.0,0.0,1234.7804770478097,0.5171678257764186,-0.0078492343419147,0.2438121044421491,0.8998257423754564,0.6432259479463935,0.726562028880012,0.7818253566989413,0.717204444508449
ELM_m_estimator,PAC,1.0,1.0,13500,250.0,1.0,1225.7783798176606,0.5133974429930149,-0.0056078382902768,0.2414035795877339,0.9012810475759494,0.6368717692390716,0.7212650695019776,0.777210264368642,0.7117823677032303
ELM_m_estimator,PAC,1.0,1.0,13500,250.0,2.0,1228.0209035180574,0.5143366877640038,-0.007255012290048,0.2446937708096794,0.9009195106167396,0.6455519632454482,0.7225846016778242,0.7738456533957762,0.7139940727730162
ELM_m_estimator,PAC,1.0,1.0,13500,250.0,3.0,1250.7643189976268,0.5238623993807119,-0.0044945190451702,0.2500766452789627,0.8972155086583823,0.6597530815250482,0.7359671440824505,0.7858639852252134,0.7271947369442374
ELM_m_estimator,PAC,1.0,1.0,13500,250.0,4.0,1235.185438497639,0.5173374373279653,-0.0005291328621972,0.2459591946621754,0.89976002484018,0.6488904088855365,0.7268003138367921,0.7784676743724616,0.7180527990315967
ELM_m_estimator,PAC,1.0,1.0,27000,500.0,0.0,1205.3285169822907,0.50483234879483,-0.0032577298541788,0.2348635276842928,0.9045474604513836,0.6196177813994002,0.7092320854143866,0.7686691446050844,0.6991730038062904
ELM_m_estimator,PAC,1.0,1.0,27000,500.0,1.0,1194.2390237082232,0.500187693949603,-0.0008293662973383,0.2318828556662254,0.9062957819759024,0.6117541620408559,0.7027068731339645,0.7624059801874608,0.6922890051207604
ELM_m_estimator,PAC,1.0,1.0,27000,500.0,2.0,1198.64489993278,0.5020330239252938,-0.0037606733753781,0.2331913485299258,0.90560310532538,0.6152062324971628,0.7052993520629817,0.7620166072280972,0.6941740639294139
ELM_m_estimator,PAC,1.0,1.0,27000,500.0,3.0,1194.5029561185552,0.5002982377696104,-0.0057738094874567,0.23282971520286,0.9062543592581253,0.6142521701869953,0.7028621746398618,0.7613191073732669,0.6928111507333746
ELM_m_estimator,PAC,1.0,1.0,27000,500.0,4.0,1201.0326563652277,0.5030330970764381,-0.0054552581900879,0.2335008958252794,0.9052266447190304,0.6160228812560244,0.7067043412009524,0.7646149198351838,0.695780714097387
ELM_m_estimator,PAC,1.0,1.0,54000,1000.0,0.0,1175.9383818391725,0.4925227661817474,0.0008518671146826,0.2255997326222879,0.9091456437761786,0.5951780048182786,0.6919385205941073,0.755226395881803,0.6807809737647297
ELM_m_estimator,PAC,1.0,1.0,54000,1000.0,1.0,1183.682052490655,0.4957660773522728,-0.0048967656090626,0.2260804237004399,0.9079451341517364,0.5964461657043886,0.6964950042477616,0.7604715149330037,0.6844708949617179
ELM_m_estimator,PAC,1.0,1.0,54000,1000.0,2.0,1183.0868274493914,0.4955167769736549,-0.0027541924056409,0.2282197843688841,0.9080376920891374,0.6020902345134734,0.6961447655440733,0.7578481300754104,0.6853610433776525
ELM_m_estimator,PAC,1.0,1.0,54000,1000.0,3.0,1180.673835119337,0.4945061341750799,0.0009903306023835,0.226338526089714,0.908412437278434,0.5971270923318334,0.6947249272525028,0.7566817507359374,0.6828445901067578
ELM_m_estimator,PAC,1.0,1.0,54000,1000.0,4.0,1174.3737001528752,0.4918674245718207,-0.0026130055513981,0.2245276788721641,0.909387261148326,0.592349708859591,0.6910178400993318,0.7561969633059574,0.6798548374216268
ELM_mae,PAC,1.0,1.0,270,5.0,0.0,2232.479386366564,0.9350378725603752,-0.1401382146056448,0.5238757598045365,0.6725450656738132,1.382090864509827,1.3136219615889593,1.2559318674664302,1.3172148978550722
ELM_mae,PAC,1.0,1.0,270,5.0,1.0,2077.8050705159912,0.8702550377822073,-0.1352449582926043,0.4934967682541666,0.7163477534565834,1.301944902592343,1.222609440068773,1.1659398462766009,1.2301647296459055
ELM_mae,PAC,1.0,1.0,270,5.0,2.0,2208.28674706494,0.9249051769922304,-0.1967176334211719,0.5234223145437615,0.67960365275168,1.380894583634556,1.2993866757048034,1.2345880409239107,1.30495643342109
ELM_mae,PAC,1.0,1.0,270,5.0,3.0,2342.0684054405456,0.9809374602012212,-0.1496791886482968,0.543279835645348,0.6396074746441112,1.4332827653602265,1.378105666604875,1.3145060004863802,1.375298144150494
ELM_mae,PAC,1.0,1.0,270,5.0,4.0,2047.8998989701515,0.8577297405044191,-0.1501527314452799,0.4715738125891301,0.724454023929417,1.2441076841667262,1.2050128206564716,1.161719535115455,1.2036133466462176
ELM_mae,PAC,1.0,1.0,540,10.0,0.0,1980.013028464779,0.8292964231086264,-0.1064393613540913,0.4720965651285064,0.742419655389783,1.2454868117471678,1.1650672406237963,1.1014454709689108,1.1706665077799585
ELM_mae,PAC,1.0,1.0,540,10.0,1.0,1974.267480329698,0.8268899932272455,-0.0953236039399514,0.4627650887010217,0.7439123658134885,1.220868477950568,1.16168648008567,1.113365892418563,1.1653069501516005
ELM_mae,PAC,1.0,1.0,540,10.0,2.0,1917.8953786176564,0.8032794504475552,-0.0580395606189374,0.441208767347119,0.7583279369968167,1.1639985154488042,1.1285163503715565,1.09362978946565,1.1287148850953368
ELM_mae,PAC,1.0,1.0,540,10.0,3.0,1790.9429704954644,0.7501074882194122,-0.0382136579020743,0.422111133483063,0.7892633182146798,1.1136150708948638,1.0538157854282284,1.0037234508199817,1.0570514357143577
ELM_mae,PAC,1.0,1.0,540,10.0,4.0,2050.635033217425,0.8588753072332123,-0.1229343343862656,0.4781397230741764,0.7237175050012441,1.261429892206964,1.2066222117384475,1.1548230721358297,1.2076250586937471
ELM_mae,PAC,1.0,1.0,1350,25.0,0.0,1622.4392437813112,0.6795324284417151,-0.0330344262186297,0.3695959209422644,0.8270528103785721,0.9750692532233032,0.9546658459604556,0.9311432863542968,0.9536261285126852
ELM_mae,PAC,1.0,1.0,1350,25.0,1.0,1635.438728932811,0.6849770524837858,-0.0242306896016806,0.3749182382393269,0.8242702948952545,0.9891106093590352,0.9623149240610832,0.9404514460161578,0.9639589931454254
ELM_mae,PAC,1.0,1.0,1350,25.0,2.0,1539.5700232937727,0.6448239961495292,-0.034807059499261,0.3430627126028663,0.8442688405902277,0.9050692500437316,0.9059044425463976,0.904266294282998,0.9050799956243756
ELM_mae,PAC,1.0,1.0,1350,25.0,3.0,1619.452203344534,0.6782813548809412,-0.0269986977248973,0.3834439192143369,0.8276890433834287,1.0116030907704352,0.9529082297684012,0.9153484894459796,0.9599532699949388
ELM_mae,PAC,1.0,1.0,1350,25.0,4.0,1592.8930807347124,0.6671574960655747,-0.0179141358612462,0.3506399523837153,0.8332945202920053,0.9250595505745658,0.9372804721488436,0.9385338498972144,0.9336246242068746
ELM_mae,PAC,1.0,1.0,2700,50.0,0.0,1460.4166770350123,0.6116718976603772,-0.0109078314650164,0.3207104552489028,0.859870300272008,0.846099446398661,0.8593295112777196,0.8642530411904145,0.8565606662889317
ELM_mae,PAC,1.0,1.0,2700,50.0,1.0,1476.9069479847358,0.6185785808579626,-0.0128814703365128,0.3314718590411734,0.8566878896602244,0.8744902195776834,0.8690326163564925,0.8656271399399377,0.8697166586247045
ELM_mae,PAC,1.0,1.0,2700,50.0,2.0,1381.940608640796,0.5788034660473732,-0.0119840123749437,0.2974852080116749,0.874525526574869,0.7848265177857179,0.8131530997366577,0.8318772653556848,0.8099522942926868
ELM_mae,PAC,1.0,1.0,2700,50.0,3.0,1399.7802417107591,0.5862753077382138,-0.0166146238628625,0.307460352186466,0.8712650875153364,0.8111429780878534,0.8236501882788874,0.8345401998413533,0.8231111220693647
ELM_mae,PAC,1.0,1.0,2700,50.0,4.0,1387.383567890282,0.5810831614694909,-0.0033113774914569,0.3087362566892423,0.8735351838763056,0.8145090738162224,0.8163558127604924,0.8188270918764098,0.8165639928177081
ELM_mae,PAC,1.0,1.0,5400,100.0,0.0,1289.4178523523408,0.5400518064657898,-0.0168090171146472,0.2722811000874319,0.89076445451518,0.7183329519768837,0.7587114214172588,0.7905382912037919,0.7558608881993115
ELM_mae,PAC,1.0,1.0,5400,100.0,1.0,1291.938954438583,0.5411077292866784,-0.0089530078099778,0.2685737692508699,0.8903368767680641,0.7085522587780998,0.7601948729949622,0.7950285280320994,0.7545918866017205
ELM_mae,PAC,1.0,1.0,5400,100.0,2.0,1299.5765659693452,0.5443066193103794,-0.0144257654839313,0.2730313035235627,0.8890364437030116,0.7203121413098413,0.7646889499849508,0.7970264271383257,0.760675839477706
ELM_mae,PAC,1.0,1.0,5400,100.0,3.0,1308.348574959086,0.5479806333567967,-0.0051404059340894,0.2743906959235367,0.8875334027523919,0.7238984951010325,0.7698505222380025,0.8015376534046526,0.7650955569145625
ELM_mae,PAC,1.0,1.0,5400,100.0,4.0,1278.1127042538303,0.535316828086341,-0.0102395072286801,0.2665503185930169,0.8926715327119299,0.7032139841649578,0.7520593148348151,0.7877279836797995,0.7476670942265242
ELM_mae,PAC,1.0,1.0,13500,250.0,0.0,1223.3193859974012,0.5123675332145079,-0.0075534102523171,0.2453256294868261,0.9016767240085674,0.6472189350207248,0.7198181632929301,0.7716640017813362,0.7129003666983303
ELM_mae,PAC,1.0,1.0,13500,250.0,1.0,1221.4442974232163,0.5115821827015422,-0.0062668186067951,0.2444392137592262,0.9019779103666576,0.6448803899432987,0.7187148350624363,0.7699724746941028,0.7111892332332793
ELM_mae,PAC,1.0,1.0,13500,250.0,2.0,1221.9609519162243,0.5117985750771858,-0.0086101619992669,0.2476785129480778,0.9018949687803725,0.6534263204097062,0.7190188417613173,0.765144595562664,0.7125299192445625
ELM_mae,PAC,1.0,1.0,13500,250.0,3.0,1244.055553041301,0.5210525412984306,-0.0064987590018232,0.2535231504931401,0.8983151687395029,0.6688456636532564,0.732019612764039,0.7756283417232797,0.725497872713525
ELM_mae,PAC,1.0,1.0,13500,250.0,4.0,1229.8645842800147,0.5151088836229527,-0.0012335466165248,0.2493839818837772,0.9006217796597024,0.6579256945296593,0.7236694491142021,0.769851771003989,0.7171489715492835
ELM_mae,PAC,1.0,1.0,27000,500.0,0.0,1200.1638980463124,0.5026692317098648,-0.00530848769369,0.2376127665282558,0.9053637023787204,0.626870832947375,0.7061931517073295,0.7609374192243058,0.6980004679596701
ELM_mae,PAC,1.0,1.0,27000,500.0,1.0,1188.0532214535162,0.4975968707529177,-0.0025487664242353,0.234605998439207,0.9072639878063808,0.6189383668429603,0.699067060940646,0.7542363520078191,0.690747259930475
ELM_mae,PAC,1.0,1.0,27000,500.0,2.0,1191.1859466649148,0.4989089620245642,-0.0046073219696911,0.235284243585168,0.9067742800001016,0.6207277155627419,0.700910400082968,0.7535318187962733,0.691723311480661
ELM_mae,PAC,1.0,1.0,27000,500.0,3.0,1189.2636072843493,0.4981038212757986,-0.0074298390200837,0.2358024449635803,0.9070749330884595,0.622094836254387,0.6997792688199609,0.7529850776690025,0.6916197275811168
ELM_mae,PAC,1.0,1.0,27000,500.0,4.0,1196.1621298946477,0.5009931558625969,-0.0070630049125681,0.2351318522885985,0.9059937515613656,0.6203256763103473,0.703838455596218,0.7584773282139493,0.6942138200401716
ELM_mae,PAC,1.0,1.0,54000,1000.0,0.0,1170.311224281172,0.4901659222781814,-0.0011251354345362,0.2276305250942029,0.9100130847097164,0.6005356486309954,0.6886274227203029,0.7479732471536231,0.6790454395016404
ELM_mae,PAC,1.0,1.0,54000,1000.0,1.0,1170.6133722403772,0.4902924720625596,-0.0024183044202149,0.2272221151800863,0.9099666135282288,0.5994581801650246,0.6888052107873662,0.7477262575164676,0.6786632161562861
ELM_mae,PAC,1.0,1.0,54000,1000.0,2.0,1178.0070232434705,0.4933891831661895,-0.003553163312631,0.2302564217281756,0.9088257113768288,0.6074632983285397,0.6931557380053553,0.7508293252064412,0.6838161205134455
ELM_mae,PAC,1.0,1.0,54000,1000.0,3.0,1164.896054818469,0.4878978661586576,-0.003143540993834,0.2271058205136432,0.9108439184247554,0.5991513711686661,0.6854410615940263,0.7431015438589916,0.675897992207228
ELM_mae,PAC,1.0,1.0,54000,1000.0,4.0,1168.5469623860124,0.4894269897267036,-0.0036485360529577,0.2267744694650076,0.910284193480614,0.5982771996715236,0.6875893064511764,0.7481869289379166,0.6780178116868724
ELM_ols,PAC,1.0,1.0,270,5.0,0.0,2173.550243049468,0.9103563542737936,-0.0885626155181302,0.5151941165862006,0.6896040890756623,1.359186922961792,1.2789472329837608,1.215781344389696,1.2846385001117495
ELM_ols,PAC,1.0,1.0,270,5.0,1.0,2034.831142949423,0.8522561034794787,-0.084839264735572,0.4897543139060909,0.727959618157313,1.2920715464224557,1.1973229826116882,1.1348069491532653,1.208067159395803
ELM_ols,PAC,1.0,1.0,270,5.0,2.0,2092.849438283231,0.8765561278245168,-0.1380421604164527,0.5048710178420954,0.7122253093081283,1.3319524876961022,1.2314617555785845,1.1590971465811306,1.240837129951939
ELM_ols,PAC,1.0,1.0,270,5.0,3.0,2283.8143511537096,0.95653869203296,-0.0920603721373183,0.5361830664630246,0.6573125345918542,1.4145600440453792,1.3438281697867172,1.2717667938788566,1.3433850025703176
ELM_ols,PAC,1.0,1.0,270,5.0,4.0,1982.3509302431908,0.8302756154445069,-0.1127926116921049,0.4598623527514175,0.7418110199316583,1.2132104698008324,1.1664428945890313,1.1195507114484942,1.166401358612786
ELM_ols,PAC,1.0,1.0,540,10.0,0.0,2015.477390622787,0.8441500974343296,-0.0296269080562808,0.4745280521528557,0.7331098871228712,1.2519015693316404,1.1859349652124322,1.131195453268135,1.189677329270736
ELM_ols,PAC,1.0,1.0,540,10.0,1.0,1942.2970988465124,0.8134997161794318,-0.0571960955576476,0.4602963168904334,0.7521391429879163,1.2143553555124416,1.1428746623850636,1.0913394462955088,1.1495231547310043
ELM_ols,PAC,1.0,1.0,540,10.0,2.0,1877.3825996080532,0.7863113283999423,-0.0234972158197998,0.4355948251761932,0.7684300506351647,1.149187793549364,1.1046780670006044,1.0657389537488549,1.1065349380996077
ELM_ols,PAC,1.0,1.0,540,10.0,3.0,1760.1605542877855,0.7372147712076145,-0.0109945877701245,0.4177591767997305,0.7964452729463757,1.102133723529182,1.035702983039943,0.9835957002073186,1.040477468925481
ELM_ols,PAC,1.0,1.0,540,10.0,4.0,1976.933087422099,0.8280064396320731,-0.0797611794098728,0.4649372531740909,0.7432203726006437,1.2265990898719172,1.163254960421448,1.107164082974585,1.1656727110893168
ELM_ols,PAC,1.0,1.0,1350,25.0,0.0,1597.8333017597483,0.6692266277159886,-0.0300944494387956,0.3661682286676269,0.8322588713472292,0.966026303458086,0.940187367000022,0.9148832495723046,0.9403656400101376
ELM_ols,PAC,1.0,1.0,1350,25.0,1.0,1621.1405722724787,0.678988500890944,-0.0145406646466457,0.3737393989463078,0.8273295685968847,0.9860005914070404,0.953901689558694,0.9297012478275416,0.9565345095977588
ELM_ols,PAC,1.0,1.0,1350,25.0,2.0,1515.9137247794483,0.634915938242895,-0.0259369924891759,0.3408051424961397,0.8490178539787451,0.8991133206805149,0.891984747050845,0.8868738460893634,0.8926573046069078
ELM_ols,PAC,1.0,1.0,1350,25.0,3.0,1600.8106279368844,0.6704736326162751,-0.0113649351153127,0.380395128135078,0.8316331673385645,1.003559759466053,0.9419392671864176,0.904845208759002,0.9501147451371574
ELM_ols,PAC,1.0,1.0,1350,25.0,4.0,1506.766638778214,0.6310848292584395,-0.0154803434388965,0.3405908002722715,0.8508344217760746,0.8985478422747236,0.886602474260716,0.874800932697074,0.8866504164108379
ELM_ols,PAC,1.0,1.0,2700,50.0,0.0,1442.3156464597098,0.6040905738534741,-0.0137643457005376,0.3266608591152717,0.8633224284683747,0.8617978227215527,0.8486786128029928,0.8424993373675104,0.850991924297352
ELM_ols,PAC,1.0,1.0,2700,50.0,1.0,1461.307012704522,0.6120448003511553,-0.011829214650892,0.3305076135884426,0.8596993894595067,0.871946343846801,0.8598533971849295,0.8529272831711373,0.8615756747342892
ELM_ols,PAC,1.0,1.0,2700,50.0,2.0,1371.7863887439714,0.5745505353247787,-0.0117040212405876,0.2990690351540589,0.8763626742628584,0.7890049761004686,0.8071782153365014,0.8215618215959473,0.8059150043443056
ELM_ols,PAC,1.0,1.0,2700,50.0,3.0,1390.537625196677,0.5824041873440031,-0.0144980120236017,0.3087913231875435,0.8729595237814426,0.8146543504449234,0.8182117040045921,0.8254282985886433,0.8194314510127195
ELM_ols,PAC,1.0,1.0,2700,50.0,4.0,1374.667569873277,0.575757271427275,-0.000219634158883,0.308475749974925,0.8758427746325409,0.8138218040900267,0.8088735424377882,0.8093688083147494,0.810688051614188
ELM_ols,PAC,1.0,1.0,5400,100.0,0.0,1287.48040815102,0.5392403393072259,-0.0170624717621493,0.2766943768744931,0.8910924766116783,0.7299760742550101,0.7575714022673619,0.7825033679336996,0.7566836148186905
ELM_ols,PAC,1.0,1.0,5400,100.0,1.0,1287.9084555144225,0.5394196200201745,-0.0091006676003057,0.2719698841088444,0.8910200478160301,0.7175119008920695,0.7578232712971945,0.7871133916752838,0.7541495212881827
ELM_ols,PAC,1.0,1.0,5400,100.0,2.0,1296.011794011489,0.542813572248896,-0.0121662582173713,0.2779105280552525,0.889644360572024,0.7331845285599343,0.7625913885201089,0.787774735123435,0.7611835507344926
ELM_ols,PAC,1.0,1.0,5400,100.0,3.0,1303.4711675042686,0.5459378101540323,-0.0053084702780027,0.2787832146693894,0.8883703707683692,0.7354868534421329,0.7669805877663146,0.7917799027211448,0.7647491146431974
ELM_ols,PAC,1.0,1.0,5400,100.0,4.0,1276.1987156364366,0.534515184919626,-0.0090837630775597,0.2721329911534948,0.8929927432757855,0.7179422104685856,0.7509330972771552,0.7787962912462422,0.7492238663306611
ELM_ols,PAC,1.0,1.0,13500,250.0,0.0,1223.4958818916116,0.5124414556643392,-0.0071467027814263,0.2514660655113401,0.9016483505411372,0.6634186548488654,0.7199220159350557,0.7639215785581962,0.7157540831140391
ELM_ols,PAC,1.0,1.0,13500,250.0,1.0,1213.1184362407405,0.5080950304461452,-0.003121609015593,0.2496704958508628,0.90330967279844,0.6586815766812046,0.713815782392462,0.7574313340390135,0.70997623103756
ELM_ols,PAC,1.0,1.0,13500,250.0,2.0,1215.4939680444631,0.5090899835093257,-0.0066274772854212,0.251522955390164,0.902930623513179,0.6635687419264482,0.7152135783886446,0.7556028206021982,0.711461713639097
ELM_ols,PAC,1.0,1.0,13500,250.0,3.0,1224.367424846112,0.5128064873304757,-0.0074348496957568,0.2531629067907221,0.9015081813449618,0.6678952674557018,0.7204348439470372,0.7603458381982605,0.7162253165336665
ELM_ols,PAC,1.0,1.0,13500,250.0,4.0,1223.9220308941867,0.5126199412795681,-0.005115739692377,0.2540534065131912,0.9015798259844376,0.6702445869426968,0.72017276794294,0.7587418312850547,0.7163863953902304
ELM_ols,PAC,1.0,1.0,27000,500.0,0.0,1195.8590375900155,0.5008662105544147,-0.004901589331656,0.2417017070696818,0.906041385506546,0.6376582902062056,0.7036601118631539,0.7520139223593132,0.6977774414762242
ELM_ols,PAC,1.0,1.0,27000,500.0,1.0,1188.5186958836791,0.4977918271872609,-0.0025173894721861,0.2403106832619375,0.9071913063846548,0.6339884863242387,0.6993409525777889,0.7471949229792357,0.6935081206270878
ELM_ols,PAC,1.0,1.0,27000,500.0,2.0,1189.708071136968,0.4982899777696595,-0.0026263690270309,0.2403507623322185,0.9070054622817104,0.6340942230678399,0.7000407975406729,0.747242132954743,0.6937923845210854
ELM_ols,PAC,1.0,1.0,27000,500.0,3.0,1190.9014856251245,0.498789820120233,-0.0064137504996071,0.2424472369603784,0.9068188002009602,0.6396251497752284,0.7007430192456052,0.7460292424184386,0.6954658038130908
ELM_ols,PAC,1.0,1.0,27000,500.0,4.0,1198.057536807996,0.5017870163831986,-0.0049813173297518,0.2416413240654746,0.905695595887538,0.6374989875530009,0.7049537394204393,0.7541841325589044,0.6988789531774482
ELM_ols,PAC,1.0,1.0,54000,1000.0,0.0,1189.5556573245835,0.4982261417101862,-0.0037597810499288,0.2366892102061948,0.9070292878645962,0.6244343034235487,0.699951115130873,0.7553262038303915,0.6932372074616043
ELM_ols,PAC,1.0,1.0,54000,1000.0,1.0,1186.258906820374,0.4968453510983475,-0.0042133777194265,0.2360831167884122,0.907543894338699,0.6228353056457749,0.6980112612219609,0.7515435744267286,0.6907967137648215
ELM_ols,PAC,1.0,1.0,54000,1000.0,2.0,1179.5956613838457,0.4940545585493245,-0.0058405840222308,0.2349855300820692,0.9085796336952688,0.619939648552555,0.6940905148113402,0.746244637650028,0.6867582670046412
ELM_ols,PAC,1.0,1.0,54000,1000.0,3.0,1184.126226102147,0.4959521122833334,-0.0012150317668486,0.2363657899025657,0.9078760344914766,0.6235810548456615,0.6967563621865526,0.7480841891345632,0.689473868722259
ELM_ols,PAC,1.0,1.0,54000,1000.0,4.0,1181.1063342446243,0.4946872794364707,-0.003249066837684,0.2357841974704199,0.9083453251010544,0.6220466956540153,0.6949794157610262,0.7487775630461079,0.6886012248203831
ELM_ridge,PAC,1.0,1.0,270,5.0,0.0,2173.752815531989,0.910441198480756,-0.0886713163889886,0.515241151539568,0.6895462292672624,1.359311010740516,1.2790664294536047,1.2158960713490954,1.284757837181072
ELM_ridge,PAC,1.0,1.0,270,5.0,1.0,2035.0615447331656,0.8523526035390181,-0.0849122730280174,0.4898215715852301,0.727898008978626,1.292248985867146,1.1974585542299356,1.134891451431733,1.2081996638429382
ELM_ridge,PAC,1.0,1.0,270,5.0,2.0,2093.1767702996726,0.8766932255438254,-0.1381879365829497,0.5049271086411823,0.7121352834949299,1.3321004666387235,1.2316543622956522,1.1592988394689818,1.241017889467786
ELM_ridge,PAC,1.0,1.0,270,5.0,3.0,2284.0094813399896,0.9566204191545478,-0.0922149351923128,0.536212788864899,0.6572539733295759,1.4146384577901137,1.343942987105807,1.271903567625313,1.3434950041737446
ELM_ridge,PAC,1.0,1.0,270,5.0,4.0,1982.5819887548944,0.8303723905639276,-0.1129732665016844,0.4599088764692128,0.7417508285323517,1.2133332088360795,1.1665788526351566,1.1196886351595552,1.166533565543597
ELM_ridge,PAC,1.0,1.0,540,10.0,0.0,2015.6338427765963,0.8442156248877738,-0.0297079207459268,0.4745765145131541,0.7330684506336023,1.25202942290033,1.1860270238385664,1.1312689168949743,1.18977512121129
ELM_ridge,PAC,1.0,1.0,540,10.0,1.0,1942.4738829650628,0.8135737593473649,-0.0572521989248112,0.4603534426680015,0.7520940213046635,1.214506064938918,1.1429786846224048,1.0914106573459328,1.1496318023024186
ELM_ridge,PAC,1.0,1.0,540,10.0,2.0,1880.629326058077,0.787671167246005,-0.0262894585727878,0.4362859977621975,0.7676284086089404,1.151011247486749,1.1065884860593729,1.0675896494170865,1.108396460987736
ELM_ridge,PAC,1.0,1.0,540,10.0,3.0,1760.279757354635,0.7372646974836241,-0.0110910581115477,0.4177819934358753,0.7964177014054699,1.1021939184585796,1.03577312378456,0.9836657002253306,1.04054424748949
ELM_ridge,PAC,1.0,1.0,540,10.0,4.0,1977.0606178399576,0.8280598536843279,-0.079871195956044,0.4649746390750556,0.7431872422234581,1.226697721486795,1.1633300010953698,1.1072320901602417,1.1657532709141354
ELM_ridge,PAC,1.0,1.0,1350,25.0,0.0,1598.1271119526266,0.6693496853618344,-0.0301266014993304,0.3662516044558778,0.832197177070994,0.966246265754692,0.9403602490092628,0.9150075434859858,0.9405380194166468
ELM_ridge,PAC,1.0,1.0,1350,25.0,1.0,1621.319013182838,0.6790632379793216,-0.0145733895320976,0.3738124126722257,0.827291554416959,0.9861932164745042,0.954006686675409,0.92975481734471,0.9566515734982076
ELM_ridge,PAC,1.0,1.0,1350,25.0,2.0,1516.2238771685886,0.6350458405532511,-0.0260274166709641,0.3409036999866474,0.8489560664733797,0.899373335397192,0.892167245035956,0.8869969865108347,0.8928458556479942
ELM_ridge,PAC,1.0,1.0,1350,25.0,3.0,1601.2253377670536,0.6706473271192117,-0.01139057939173,0.380529757921181,0.8315459210101527,1.0039149402393213,0.9421832882259504,0.904994628784286,0.9503642857498528
ELM_ridge,PAC,1.0,1.0,1350,25.0,4.0,1507.1279739249592,0.6312361686387523,-0.0155453853669715,0.3406924158510104,0.8507628709102733,0.8988159248504839,0.8868150888931992,0.8749647788677121,0.8868652642037983
ELM_ridge,PAC,1.0,1.0,2700,50.0,0.0,1442.769348418934,0.604280599578827,-0.0137831534783966,0.3268195520989465,0.8632364269951697,0.8622164871069419,0.8489455773542861,0.8426334913619985,0.8512651852744089
ELM_ridge,PAC,1.0,1.0,2700,50.0,1.0,1461.6436682675892,0.6121858030871261,-0.0118531332016304,0.3306164039142286,0.8596347371703013,0.8722333548653523,0.860051490006676,0.8530591722116365,0.8617813390278882
ELM_ridge,PAC,1.0,1.0,2700,50.0,2.0,1372.015330512323,0.5746464238804928,-0.0117385776277253,0.2991749660869187,0.8763214023706181,0.7892844434585863,0.8073129278613599,0.8215995182001107,0.806065629840019
ELM_ridge,PAC,1.0,1.0,2700,50.0,3.0,1390.7984400690011,0.5825134254336534,-0.0145246477317821,0.3088957672219674,0.8729118628589873,0.8149298950623796,0.8183651711077091,0.8254987568931066,0.8195979410210651
ELM_ridge,PAC,1.0,1.0,2700,50.0,4.0,1374.939290597789,0.5758710772566724,-0.0002911376845793,0.3085809790117229,0.8757936872369323,0.8140994197034954,0.809033426696213,0.8094321361616308,0.810854994187113
ELM_ridge,PAC,1.0,1.0,5400,100.0,0.0,1287.6973466777024,0.5393312004993625,-0.0170961121776759,0.2767814645435349,0.8910557720093998,0.7302058292485204,0.7576990519176586,0.7825513375069497,0.7568187395577096
ELM_ridge,PAC,1.0,1.0,5400,100.0,1.0,1290.0171180807629,0.5403027992208512,-0.0093280198946606,0.273021668300227,0.8906628949930043,0.7202867216298875,0.7590640377175435,0.7871920839501544,0.7555142810991952
ELM_ridge,PAC,1.0,1.0,5400,100.0,2.0,1296.195809897143,0.5428906443254804,-0.0121853652858991,0.2780079268289315,0.889613020375135,0.7334414863458155,0.762699666029927,0.7877884436042358,0.7613098653266595
ELM_ridge,PAC,1.0,1.0,5400,100.0,3.0,1306.2681766451824,0.5471092921809766,-0.0055903346083345,0.2800568938729978,0.8878907835028821,0.7388470783784425,0.7686263868974096,0.792159864223674,0.7665444431665088
ELM_ridge,PAC,1.0,1.0,5400,100.0,4.0,1278.2226226314704,0.5353628656204885,-0.009351834350905,0.2730035313719879,0.892653071306688,0.7202388727222786,0.752123992338998,0.7791432337045211,0.7505020329219326
ELM_ridge,PAC,1.0,1.0,13500,250.0,0.0,1223.6042182927215,0.5124868306132113,-0.0071939527163747,0.2521044695508472,0.901630932361578,0.6651028946220477,0.7199857625822169,0.7631519529021346,0.7160802033687997
ELM_ridge,PAC,1.0,1.0,13500,250.0,1.0,1217.123601945309,0.5097725293034793,-0.0042739171200189,0.2516085627850694,0.902670163826474,0.6637945916555468,0.7161724776710183,0.7580457256776537,0.7126709316680729
ELM_ridge,PAC,1.0,1.0,13500,250.0,2.0,1216.2980058131673,0.5094267417205318,-0.0073842541196924,0.2520549710560321,0.9028021600888332,0.6649723075196469,0.7156866854091918,0.7554268572173902,0.7120286167154096
ELM_ridge,PAC,1.0,1.0,13500,250.0,3.0,1234.4284483156473,0.517020384237289,-0.0099931970613673,0.253333499173163,0.8998828524298357,0.6683453248765959,0.7263548902714754,0.7700231979760266,0.721574471041366
ELM_ridge,PAC,1.0,1.0,13500,250.0,4.0,1225.6465052160588,0.5133422094496821,-0.0051525523790404,0.2548497205785506,0.9013022876670476,0.6723454254991983,0.7211874726498418,0.7590427174809334,0.7175252052099911
ELM_ridge,PAC,1.0,1.0,27000,500.0,0.0,1196.7849792974453,0.5012540262581194,-0.0056328239359479,0.2434239992906993,0.905895826742697,0.6422020475764126,0.7042049488589438,0.7512632856639161,0.6992234273664243
ELM_ridge,PAC,1.0,1.0,27000,500.0,1.0,1189.6641295296708,0.4982715735383572,-0.0043006502006015,0.2413752336632817,0.9070123316206558,0.6367969869218938,0.7000149416869859,0.7463035247001822,0.6943718177696873
ELM_ridge,PAC,1.0,1.0,27000,500.0,2.0,1189.2569706702593,0.4981010416373582,-0.0042432817401654,0.2415247200338346,0.9070759702110688,0.6371913623882964,0.6997753637438054,0.7450465788724254,0.6940044350015091
ELM_ridge,PAC,1.0,1.0,27000,500.0,3.0,1189.0778582402552,0.4980260232938416,-0.007130820507986,0.2425045336937426,0.9071039584353762,0.6397763102178848,0.6996699714955796,0.7443811106499066,0.6946091307877903
ELM_ridge,PAC,1.0,1.0,27000,500.0,4.0,1195.35024351918,0.5006531103894274,-0.0074717727210855,0.241802601256048,0.9061213203729408,0.6379244696020814,0.7033607303461475,0.7500645932227493,0.6971165977236594
ELM_ridge,PAC,1.0,1.0,54000,1000.0,0.0,1177.8998254864146,0.4933442851199577,-0.0033098369357697,0.2337084591944827,0.9088423042058186,0.616570475663694,0.6930926613522129,0.746228108789992,0.6852970819352997
ELM_ridge,PAC,1.0,1.0,54000,1000.0,1.0,1173.495214268134,0.4914994849716796,-0.0039385993005759,0.2344247923177616,0.9095227754893808,0.6184603082186477,0.6905009267705058,0.7413821870808349,0.6834478073566629
ELM_ridge,PAC,1.0,1.0,54000,1000.0,2.0,1179.9176657899318,0.4941894248852292,-0.0030937790811483,0.2370296209425733,0.9085297152704056,0.625332376220628,0.6942799866882796,0.743380708157173,0.6876643570220269
ELM_ridge,PAC,1.0,1.0,54000,1000.0,3.0,1167.1871761289692,0.4888574652523962,-0.0026325655575384,0.2340427164654072,0.9104928686044724,0.6174523143666591,0.6867891892804527,0.7358734457835561,0.6800383164768893
ELM_ridge,PAC,1.0,1.0,54000,1000.0,4.0,1170.296796156232,0.4901598792914773,-0.0040600238183659,0.233999092925814,0.9100153034946457,0.617337226591703,0.6886189330106546,0.7411117111442144,0.682355956915524
ELM_robust_risk,PAC,1.0,1.0,270,5.0,0.0,2173.550243049466,0.910356354273793,-0.0885626155181301,0.5151941165862004,0.6896040890756625,1.359186922961791,1.2789472329837603,1.2157813443896957,1.284638500111749
ELM_robust_risk,PAC,1.0,1.0,270,5.0,1.0,2034.8311429494229,0.8522561034794786,-0.0848392647355724,0.4897543139060907,0.7279596181573131,1.292071546422455,1.197322982611688,1.1348069491532653,1.2080671593958028
ELM_robust_risk,PAC,1.0,1.0,270,5.0,2.0,2092.8494382832323,0.8765561278245173,-0.1380421604164535,0.5048710178420959,0.7122253093081279,1.331952487696103,1.2314617555785854,1.1590971465811315,1.24083712995194
ELM_robust_risk,PAC,1.0,1.0,270,5.0,3.0,2283.8143511537096,0.95653869203296,-0.0920603721373184,0.5361830664630246,0.6573125345918542,1.4145600440453794,1.3438281697867172,1.2717667938788566,1.3433850025703178
ELM_robust_risk,PAC,1.0,1.0,270,5.0,4.0,1982.350930243189,0.8302756154445061,-0.1127926116921044,0.4598623527514172,0.7418110199316588,1.2132104698008312,1.1664428945890302,1.119550711448493,1.166401358612785
ELM_robust_risk,PAC,1.0,1.0,540,10.0,0.0,2015.477390622787,0.8441500974343296,-0.0296269080562815,0.4745280521528559,0.7331098871228712,1.2519015693316409,1.1859349652124322,1.131195453268135,1.189677329270736
ELM_robust_risk,PAC,1.0,1.0,540,10.0,1.0,1942.2970988465136,0.8134997161794324,-0.0571960955576486,0.4602963168904336,0.752139142987916,1.2143553555124422,1.1428746623850643,1.0913394462955095,1.1495231547310054
ELM_robust_risk,PAC,1.0,1.0,540,10.0,2.0,1880.629326058077,0.787671167246005,-0.0262894585727878,0.4362859977621975,0.7676284086089404,1.151011247486749,1.1065884860593729,1.0675896494170865,1.108396460987736
ELM_robust_risk,PAC,1.0,1.0,540,10.0,3.0,1760.1605542877862,0.7372147712076147,-0.0109945877701382,0.4177591767997282,0.7964452729463756,1.102133723529176,1.0357029830399431,0.983595700207321,1.04047746892548
ELM_robust_risk,PAC,1.0,1.0,540,10.0,4.0,1976.933087422098,0.8280064396320727,-0.0797611794098725,0.4649372531740908,0.7432203726006439,1.226599089871917,1.1632549604214473,1.107164082974584,1.165672711089316
ELM_robust_risk,PAC,1.0,1.0,1350,25.0,0.0,1597.833301759753,0.6692266277159906,-0.0300944494388024,0.3661682286676276,0.8322588713472283,0.9660263034580876,0.9401873670000248,0.9148832495723068,0.9403656400101398
ELM_robust_risk,PAC,1.0,1.0,1350,25.0,1.0,1621.14057227248,0.6789885008909444,-0.0145406646466462,0.3737393989463077,0.8273295685968844,0.9860005914070404,0.9539016895586948,0.9297012478275422,0.9565345095977592
ELM_robust_risk,PAC,1.0,1.0,1350,25.0,2.0,1515.9137247794506,0.634915938242896,-0.0259369924891815,0.34080514249614,0.8490178539787446,0.8991133206805156,0.8919847470508463,0.8868738460893645,0.8926573046069088
ELM_robust_risk,PAC,1.0,1.0,1350,25.0,3.0,1600.8106279368849,0.6704736326162751,-0.0113649351153147,0.380395128135078,0.8316331673385645,1.003559759466053,0.9419392671864176,0.9048452087590022,0.9501147451371578
ELM_robust_risk,PAC,1.0,1.0,1350,25.0,4.0,1506.7666387782112,0.6310848292584382,-0.0154803434388946,0.3405908002722714,0.8508344217760752,0.8985478422747232,0.8866024742607145,0.8748009326970719,0.8866504164108365
ELM_robust_risk,PAC,1.0,1.0,2700,50.0,0.0,1442.315646459711,0.6040905738534746,-0.0137643457005452,0.3266608591152715,0.8633224284683745,0.8617978227215524,0.8486786128029935,0.8424993373675108,0.8509919242973522
ELM_robust_risk,PAC,1.0,1.0,2700,50.0,1.0,1461.307012704524,0.6120448003511562,-0.0118292146508952,0.3305076135884428,0.8596993894595064,0.8719463438468016,0.8598533971849306,0.8529272831711382,0.8615756747342901
ELM_robust_risk,PAC,1.0,1.0,2700,50.0,2.0,1371.786388743972,0.5745505353247791,-0.0117040212405884,0.2990690351540589,0.8763626742628583,0.7890049761004686,0.8071782153365018,0.8215618215959478,0.8059150043443061
ELM_robust_risk,PAC,1.0,1.0,2700,50.0,3.0,1390.537625196676,0.5824041873440026,-0.014498012023601,0.3087913231875427,0.8729595237814428,0.8146543504449213,0.8182117040045914,0.8254282985886432,0.8194314510127186
ELM_robust_risk,PAC,1.0,1.0,2700,50.0,4.0,1374.667569873278,0.5757572714272754,-0.0002196341588754,0.3084757499749262,0.8758427746325408,0.8138218040900298,0.8088735424377889,0.8093688083147492,0.8106880516141892
ELM_robust_risk,PAC,1.0,1.0,5400,100.0,0.0,1287.48256858873,0.5392412441716078,-0.0170628126160297,0.27669524628154,0.8910921111100112,0.7299783679277264,0.7575726734989976,0.7825038408633884,0.7566849607633709
ELM_robust_risk,PAC,1.0,1.0,5400,100.0,1.0,1290.0171180807629,0.5403027992208512,-0.0093280198946606,0.273021668300227,0.8906628949930043,0.7202867216298875,0.7590640377175435,0.7871920839501544,0.7555142810991952
ELM_robust_risk,PAC,1.0,1.0,5400,100.0,2.0,1296.0136228020526,0.5428143382082363,-0.0121664498137474,0.2779115014602489,0.8896440491281076,0.7331870966004055,0.7625924646059452,0.7877748646952971,0.7611848086338826
ELM_robust_risk,PAC,1.0,1.0,5400,100.0,3.0,1306.2681766451824,0.5471092921809766,-0.0055903346083345,0.2800568938729978,0.8878907835028821,0.7388470783784425,0.7686263868974096,0.792159864223674,0.7665444431665088
ELM_robust_risk,PAC,1.0,1.0,5400,100.0,4.0,1278.2226226314704,0.5353628656204885,-0.009351834350905,0.2730035313719879,0.892653071306688,0.7202388727222786,0.752123992338998,0.7791432337045211,0.7505020329219326
ELM_robust_risk,PAC,1.0,1.0,13500,250.0,0.0,1223.6042182927215,0.5124868306132113,-0.0071939527163747,0.2521044695508472,0.901630932361578,0.6651028946220477,0.7199857625822169,0.7631519529021346,0.7160802033687997
ELM_robust_risk,PAC,1.0,1.0,13500,250.0,1.0,1217.123601945309,0.5097725293034793,-0.0042739171200189,0.2516085627850694,0.902670163826474,0.6637945916555468,0.7161724776710183,0.7580457256776537,0.7126709316680729
ELM_robust_risk,PAC,1.0,1.0,13500,250.0,2.0,1216.2980058131673,0.5094267417205318,-0.0073842541196924,0.2520549710560321,0.9028021600888332,0.6649723075196469,0.7156866854091918,0.7554268572173902,0.7120286167154096
ELM_robust_risk,PAC,1.0,1.0,13500,250.0,3.0,1234.4284483156473,0.517020384237289,-0.0099931970613673,0.253333499173163,0.8998828524298357,0.6683453248765959,0.7263548902714754,0.7700231979760266,0.721574471041366
ELM_robust_risk,PAC,1.0,1.0,13500,250.0,4.0,1225.6465052160588,0.5133422094496821,-0.0051525523790404,0.2548497205785506,0.9013022876670476,0.6723454254991983,0.7211874726498418,0.7590427174809334,0.7175252052099911
ELM_robust_risk,PAC,1.0,1.0,27000,500.0,0.0,1196.7849792974453,0.5012540262581194,-0.0056328239359479,0.2434239992906993,0.905895826742697,0.6422020475764126,0.7042049488589438,0.7512632856639161,0.6992234273664243
ELM_robust_risk,PAC,1.0,1.0,27000,500.0,1.0,1189.6641295296708,0.4982715735383572,-0.0043006502006015,0.2413752336632817,0.9070123316206558,0.6367969869218938,0.7000149416869859,0.7463035247001822,0.6943718177696873
ELM_robust_risk,PAC,1.0,1.0,27000,500.0,2.0,1189.2569706702593,0.4981010416373582,-0.0042432817401654,0.2415247200338346,0.9070759702110688,0.6371913623882964,0.6997753637438054,0.7450465788724254,0.6940044350015091
ELM_robust_risk,PAC,1.0,1.0,27000,500.0,3.0,1189.0778582402552,0.4980260232938416,-0.007130820507986,0.2425045336937426,0.9071039584353762,0.6397763102178848,0.6996699714955796,0.7443811106499066,0.6946091307877903
ELM_robust_risk,PAC,1.0,1.0,27000,500.0,4.0,1195.35024351918,0.5006531103894274,-0.0074717727210855,0.241802601256048,0.9061213203729408,0.6379244696020814,0.7033607303461475,0.7500645932227493,0.6971165977236594
ELM_robust_risk,PAC,1.0,1.0,54000,1000.0,0.0,1180.8298843460686,0.4945714928690364,-0.0042850505987289,0.2367959569427586,0.9083882254895198,0.624715923037856,0.6948167487907332,0.7445433533218581,0.6880253417168157
ELM_robust_risk,PAC,1.0,1.0,54000,1000.0,1.0,1173.495214268134,0.4914994849716796,-0.0039385993005759,0.2344247923177616,0.9095227754893808,0.6184603082186477,0.6905009267705058,0.7413821870808349,0.6834478073566629
ELM_robust_risk,PAC,1.0,1.0,54000,1000.0,2.0,1179.9176657899318,0.4941894248852292,-0.0030937790811483,0.2370296209425733,0.9085297152704056,0.625332376220628,0.6942799866882796,0.743380708157173,0.6876643570220269
ELM_robust_risk,PAC,1.0,1.0,54000,1000.0,3.0,1167.1871761289692,0.4888574652523962,-0.0026325655575384,0.2340427164654072,0.9104928686044724,0.6174523143666591,0.6867891892804527,0.7358734457835561,0.6800383164768893
ELM_robust_risk,PAC,1.0,1.0,54000,1000.0,4.0,1170.296796156232,0.4901598792914773,-0.0040600238183659,0.233999092925814,0.9100153034946457,0.617337226591703,0.6886189330106546,0.7411117111442144,0.682355956915524
ELM_tikhonov,PAC,1.0,1.0,270,5.0,0.0,2174.493676152824,0.9107514959656956,-0.0890500424272984,0.5154189142779949,0.6893345748725178,1.3597799850196883,1.2795023621605082,1.2163111187047688,1.285197821961655
ELM_tikhonov,PAC,1.0,1.0,270,5.0,1.0,2035.921255124042,0.8527126793273152,-0.0851791822180148,0.4900679344111866,0.7276680618094896,1.292898941137526,1.1979644197966943,1.1352079701681763,1.2086904437007988
ELM_tikhonov,PAC,1.0,1.0,270,5.0,2.0,2094.5345895223145,0.8772619261575978,-0.1387078287252099,0.5051683861175086,0.7117616934312885,1.3327370057218968,1.2324533220359402,1.1601105646805756,1.2417669641461375
ELM_tikhonov,PAC,1.0,1.0,270,5.0,3.0,2284.704101355055,0.9569113495098698,-0.0927579685798311,0.536318363696527,0.6570454676690687,1.414916985680715,1.3443517111963057,1.2723905919317466,1.3438864296029225
ELM_tikhonov,PAC,1.0,1.0,270,5.0,4.0,1983.22482052598,0.8306416302511206,-0.1134581339482932,0.4600434189555382,0.7415833321192316,1.213688159294769,1.1669571038016675,1.1200662823157563,1.1669038484707308
ELM_tikhonov,PAC,1.0,1.0,540,10.0,0.0,2016.2244459068104,0.8444629894537246,-0.0300096487855956,0.4747712520498391,0.7329119998914555,1.2525431801517246,1.1863745429454258,1.1315344021312226,1.1901507084094576
ELM_tikhonov,PAC,1.0,1.0,540,10.0,1.0,1943.099058152645,0.8138356038602165,-0.0574415946373857,0.4605464334852464,0.7519344211076154,1.2150152139889672,1.143346546409288,1.0916680508150685,1.150009937071108
ELM_tikhonov,PAC,1.0,1.0,540,10.0,2.0,1878.7901296201528,0.7869008495736273,-0.0247303246877657,0.4359222204609906,0.7680826906055005,1.1500515289364923,1.105506277261707,1.0664907889271733,1.1073495317084576
ELM_tikhonov,PAC,1.0,1.0,540,10.0,3.0,1760.6978352179772,0.7374398026327651,-0.0113989742170434,0.4178520380114525,0.7963209856879484,1.1023787103032143,1.036019126621717,0.9839306930458824,1.040776176656938
ELM_tikhonov,PAC,1.0,1.0,540,10.0,4.0,1977.3391561029223,0.828176514929408,-0.0802328424995766,0.4650588514174707,0.74311487497511,1.2269198907835273,1.1634938968883648,1.1073873172140525,1.1659337016286482
ELM_tikhonov,PAC,1.0,1.0,1350,25.0,0.0,1599.1587859615809,0.6697817853294307,-0.030243292750369,0.3665397072480309,0.8319804562757375,0.9670063395500956,0.940967300363752,0.9154560102392156,0.9411432167176876
ELM_tikhonov,PAC,1.0,1.0,1350,25.0,1.0,1621.9186740690066,0.679314396239812,-0.0146325289530866,0.3740547925326321,0.827163774934658,0.9868326638712188,0.954359535492015,0.9299427417952524,0.957044980386162
ELM_tikhonov,PAC,1.0,1.0,1350,25.0,2.0,1517.3132975060294,0.6355021266362785,-0.0263389516276511,0.3412412525704957,0.8487389356776598,0.9002638678062551,0.8928082751343316,0.8874419504435833,0.8935046977947234
ELM_tikhonov,PAC,1.0,1.0,1350,25.0,3.0,1602.7789060539037,0.6712980140615793,-0.0114673279143994,0.3810300552166752,0.8312188816276908,1.0052348263166986,0.9430974294417204,0.9055628772571808,0.9512983776718666
ELM_tikhonov,PAC,1.0,1.0,1350,25.0,4.0,1508.5266740078816,0.6318219915394575,-0.0158015736175106,0.3410925143399915,0.8504857413648337,0.8998714660855497,0.8876381035010041,0.8756020470248691,0.8877038722038076
ELM_tikhonov,PAC,1.0,1.0,2700,50.0,0.0,1444.4437564433206,0.6049818982902424,-0.0138783599010082,0.3273932679280724,0.8629188004718091,0.8637300662169112,0.8499308223544986,0.8431452503588771,0.8522687129767622
ELM_tikhonov,PAC,1.0,1.0,2700,50.0,1.0,1462.8304460515592,0.6126828657615239,-0.011962134097949,0.330997378888488,0.8594067062113895,0.8732384443768947,0.8607498065824389,0.8535303784388436,0.8625062097993924
ELM_tikhonov,PAC,1.0,1.0,2700,50.0,2.0,1372.737722348584,0.5749489860138128,-0.0118708715823649,0.2995052957479256,0.8761911298758218,0.7901559203273092,0.8077379932782142,0.8217131871660491,0.8065357002571908
ELM_tikhonov,PAC,1.0,1.0,2700,50.0,3.0,1391.7005711497388,0.5828912684415909,-0.0146293272559842,0.3092517137962118,0.8727469398353618,0.8158689545613345,0.8188959975991543,0.8257504571541789,0.8201718031048891
ELM_tikhonov,PAC,1.0,1.0,2700,50.0,4.0,1375.9378362436569,0.576289301945361,-0.0005674830508359,0.3089671341740959,0.8756132127821128,0.8151181756054637,0.8096209848604995,0.8096779307080594,0.8114723637246741
ELM_tikhonov,PAC,1.0,1.0,5400,100.0,0.0,1288.5004589721177,0.5396675710906355,-0.0172201065125807,0.2770885502814122,0.8909198367549849,0.7310159839178256,0.7581716143762455,0.7827468097509122,0.7573114693483277
ELM_tikhonov,PAC,1.0,1.0,5400,100.0,1.0,1288.8412270113804,0.5398102962707266,-0.0092125086969641,0.2724477260900068,0.8908621325479278,0.718772545280522,0.758372127036258,0.7871204568813577,0.7547550430660458
ELM_tikhonov,PAC,1.0,1.0,5400,100.0,2.0,1296.8698836709727,0.5431729692200705,-0.0122783519496007,0.2783499006171097,0.8894981792142671,0.7343436827916279,0.7630963004259451,0.7878715786284917,0.761770520615355
ELM_tikhonov,PAC,1.0,1.0,5400,100.0,3.0,1304.7070876597138,0.5464554553156671,-0.0054477629125211,0.2793464828071216,0.8881585813251429,0.7369728694160721,0.7677078203978354,0.7919455978331043,0.7655420958823372
ELM_tikhonov,PAC,1.0,1.0,5400,100.0,4.0,1278.4341970395517,0.5354514801383329,-0.0093589644394596,0.2731038682446675,0.8926175317345417,0.7205035818112342,0.7522484856672065,0.7791936623980495,0.7506485766254967
ELM_tikhonov,PAC,1.0,1.0,13500,250.0,0.0,1223.5487282643005,0.5124635895125589,-0.0071289527959784,0.2521634344238267,0.9016398541657148,0.6652584559564801,0.7199531114767115,0.7630174005475437,0.716076322660245
ELM_tikhonov,PAC,1.0,1.0,13500,250.0,1.0,1214.5759524424066,0.5087054875266231,-0.0037223855248325,0.2504816886124043,0.9030771936374508,0.6608216682660897,0.7146734052236393,0.7575037755282341,0.7109996163393211
ELM_tikhonov,PAC,1.0,1.0,13500,250.0,2.0,1216.4437367642645,0.5094877787716743,-0.0074068022337113,0.252115364181248,0.9027788671422656,0.665131636874132,0.7157724355303412,0.7554788420706995,0.7121276381583909
ELM_tikhonov,PAC,1.0,1.0,13500,250.0,3.0,1234.5213233676288,0.5170592834502219,-0.0100694032694226,0.2534237014723063,0.8998677867772413,0.6685832968981497,0.7264095392454868,0.7699410099326992,0.7216446153587786
ELM_tikhonov,PAC,1.0,1.0,13500,250.0,4.0,1225.9216724736475,0.5134574588036986,-0.0051684328715634,0.2549955744808608,0.9012579658705884,0.6727302177751593,0.7213493848963272,0.7590742127635153,0.717717938478334
ELM_tikhonov,PAC,1.0,1.0,27000,500.0,0.0,1196.5781236908508,0.501167388133934,-0.0052650233680181,0.2428763268420361,0.9059283543794948,0.6407571762040024,0.7040832321392465,0.7520432852348372,0.6989612311926954
ELM_tikhonov,PAC,1.0,1.0,27000,500.0,1.0,1188.2302582173238,0.4976710197372293,-0.0034976436695114,0.2405820146316097,0.9072363477875256,0.6347043136941073,0.6991712318379749,0.746367019811117,0.6934141884477331
ELM_tikhonov,PAC,1.0,1.0,27000,500.0,2.0,1188.32941146417,0.4977125484705088,-0.0034395674317224,0.2406763980673368,0.9072208656013016,0.6349533164048419,0.699229574989278,0.745535962524714,0.6932396179729446
ELM_tikhonov,PAC,1.0,1.0,27000,500.0,3.0,1188.8271875985197,0.4979210339510539,-0.0067682261759769,0.2421404974993173,0.9071431213138834,0.6388159086546329,0.6995224733990147,0.7446751748651147,0.6943378523062541
ELM_tikhonov,PAC,1.0,1.0,27000,500.0,4.0,1194.039889531602,0.5001042898214401,-0.0066662294056677,0.2407702777050871,0.9063270289142772,0.6352009899939896,0.7025896998111962,0.75036371581395,0.696051468539712
ELM_tikhonov,PAC,1.0,1.0,54000,1000.0,0.0,1174.8739398447576,0.4920769418735814,-0.0009177475063759,0.2347782149219864,0.9093100493670996,0.6193927089710562,0.6913121881006294,0.7435472150493718,0.6847507040403524
ELM_tikhonov,PAC,1.0,1.0,54000,1000.0,1.0,1176.7567506372873,0.4928655267127659,-0.0035025786066585,0.2346475309328087,0.9090191435387268,0.6190479380130572,0.6924200601919409,0.7438423783853516,0.6851034588634498
ELM_tikhonov,PAC,1.0,1.0,54000,1000.0,2.0,1183.4952542825954,0.4956878399449629,-0.0025580338293563,0.2373008464868125,0.9079741864248736,0.626047924401469,0.6963850895806918,0.7461705568562731,0.6895345236128113
ELM_tikhonov,PAC,1.0,1.0,54000,1000.0,3.0,1169.081522853363,0.4896508817300065,-0.0017930589953507,0.2342346041544866,0.9102020923849854,0.6179585531401185,0.6879038492747281,0.7375257063449194,0.6811293695865887
ELM_tikhonov,PAC,1.0,1.0,54000,1000.0,4.0,1172.8663105115115,0.4912360788080087,-0.0037704314525147,0.2341573940357944,0.909619727259227,0.6177548571345386,0.6901308710416735,0.7434465746161961,0.683777434264136
Persistence_P,PAC,1.0,1.0,0,,,1698.6449398182374,0.7114499513243432,-0.0028172045786179,0.3764832459255988,0.8104246600355614,0.9932394181187516,0.99950633878812,0.999948806613991,0.9975648545069542
AR_OLS,PAC,1.0,6.0,53,,,1948.7119094879065,0.8159653449588882,-0.0145638509841872,0.4271373501805406,0.7505463714662293,0.2828472821414544,0.3536796895793249,0.401973179451163,0.3461667170573141
ELM_corr,PAC,1.0,6.0,270,5.0,0.0,2371.2735675664057,0.99290051296483,-0.1205163765117594,0.550545277691096,0.6306331910864773,0.3645671244271184,0.4303721320741225,0.4634969015209184,0.4194787193407198
ELM_corr,PAC,1.0,6.0,270,5.0,1.0,2728.927614473373,1.1426575428980417,-0.1079990676016081,0.6531674696347839,0.5108088642211015,0.4325228020713282,0.4952842269153177,0.5226179367062525,0.4834749885642995
ELM_corr,PAC,1.0,6.0,270,5.0,2.0,2279.5790637869864,0.9545061576766388,-0.0475643076366739,0.5451237185397877,0.6586468882807429,0.3609770069385202,0.4137301217929016,0.4399711164908957,0.4048927484074391
ELM_corr,PAC,1.0,6.0,270,5.0,3.0,2496.754074212375,1.0454417554093844,-0.0997794825780322,0.603463811212874,0.5905073779809301,0.3996093968371987,0.4531461021118307,0.4792628863163924,0.4440061284218073
ELM_corr,PAC,1.0,6.0,270,5.0,4.0,2275.599254702472,0.9528397305989856,-0.0906951138476926,0.5148109626684478,0.6598377522859187,0.3409041179514018,0.4130078099751605,0.4541351882688051,0.4026823720651225
ELM_corr,PAC,1.0,6.0,540,10.0,0.0,2176.2767586749205,0.9112513796792254,-0.0346657908875797,0.5034508467613787,0.6888836786803955,0.3333815308777865,0.394981364202322,0.4274398715882148,0.3852675888894412
ELM_corr,PAC,1.0,6.0,540,10.0,1.0,2194.812289917219,0.9190125839241836,-0.0554534058859116,0.5139027272380199,0.68356150260079,0.3403026909796501,0.3983454535292491,0.4274750167330741,0.3887077204139911
ELM_corr,PAC,1.0,6.0,540,10.0,2.0,2221.219005746199,0.9300696133833444,-0.0824631799399728,0.5089212447410951,0.6759012854478252,0.337003989087402,0.4031381163193367,0.4452193897033884,0.3951204983700424
ELM_corr,PAC,1.0,6.0,540,10.0,3.0,2179.625149524678,0.912653419088682,-0.0324450714363889,0.508127309917649,0.6879255832154054,0.3364782511557641,0.3955890773437908,0.4335969704076105,0.3885547663023885
ELM_corr,PAC,1.0,6.0,540,10.0,4.0,2193.308463007283,0.9183829009847252,-0.0568020217443121,0.5128413931441911,0.6839949845013851,0.3395998831737847,0.3980725178366526,0.4328291495218276,0.3901671835107549
ELM_corr,PAC,1.0,6.0,1350,25.0,0.0,2034.0905687530076,0.8517151275820584,-0.0416031073759089,0.4580011614342888,0.7282089701855189,0.303285076040676,0.3691754114243846,0.4100027023463001,0.3608210632704535
ELM_corr,PAC,1.0,6.0,1350,25.0,1.0,2008.2628268004448,0.8409005262706875,-0.0372294423107842,0.4482809850202829,0.7350672510051826,0.2968484451080849,0.3644878289696144,0.404661136440454,0.3553324701727178
ELM_corr,PAC,1.0,6.0,1350,25.0,2.0,2073.523807320441,0.8682266272828928,-0.0373028077859558,0.4683891681175903,0.7175688469456869,0.3101639393758472,0.3763323110706245,0.4157646072701068,0.3674202859055261
ELM_corr,PAC,1.0,6.0,1350,25.0,3.0,2049.6819691151554,0.8582435642960493,-0.0359488530526335,0.4664997467083988,0.7240264194783268,0.3089127781037556,0.3720051584040911,0.4119165468907588,0.3642781611328685
ELM_corr,PAC,1.0,6.0,1350,25.0,4.0,2071.558126494049,0.8674035567070026,-0.0374760004315409,0.4671929505896513,0.7181040772166629,0.3093718127297356,0.3759755516229578,0.4151585203287691,0.3668352948938209
ELM_corr,PAC,1.0,6.0,2700,50.0,0.0,1986.2639651450208,0.8316891550813525,-0.0268887907146942,0.443388359874606,0.7408396998620586,0.2936085839149425,0.3604951656500612,0.4046353576882592,0.3529130357510877
ELM_corr,PAC,1.0,6.0,2700,50.0,1.0,1956.242524099302,0.8191185665917127,-0.032496496991763,0.4285667144736125,0.7486146658611095,0.2837937968990952,0.3550464516056317,0.4001181296232746,0.3463194593760004
ELM_corr,PAC,1.0,6.0,2700,50.0,2.0,1948.5083867534,0.8158801258469918,-0.0165141648226898,0.4325510578661373,0.7505984744304404,0.2864322004459111,0.3536427514063645,0.3962063255065786,0.3454270924529514
ELM_corr,PAC,1.0,6.0,2700,50.0,3.0,1973.5224570166288,0.8263540262587387,-0.0283539565218838,0.4323160052547414,0.7441539642064599,0.2862765502966898,0.358182657260452,0.4044329815933256,0.3496307297168224
ELM_corr,PAC,1.0,6.0,2700,50.0,4.0,1976.2362404005737,0.8274903426040348,-0.0237607025878256,0.4399273237200509,0.7434498545670096,0.2913167106584935,0.3586751928990685,0.4012194356887467,0.3504037797487696
ELM_corr,PAC,1.0,6.0,5400,100.0,0.0,1919.5613169463331,0.8037593984651393,-0.0293564912067645,0.4211417078016031,0.7579536568252299,0.2788770108672196,0.3483890293894017,0.3927564341113723,0.3400074914559978
ELM_corr,PAC,1.0,6.0,5400,100.0,1.0,1936.526330475186,0.810862994973635,-0.0291823217758065,0.425122804484124,0.7536563570184991,0.281513264466015,0.3514680790372125,0.3962438745445374,0.3430750726825883
ELM_corr,PAC,1.0,6.0,5400,100.0,2.0,1910.266341241608,0.7998674029267716,-0.0234436951519787,0.4210106335712502,0.7602920742418892,0.2787902144543129,0.3467020462566519,0.3915965702528213,0.339029610321262
ELM_corr,PAC,1.0,6.0,5400,100.0,3.0,1910.0227889353284,0.7997654226183221,-0.0290284167769627,0.4216928285598142,0.7603531941969214,0.2792419590707093,0.3466578429530944,0.3900907265658518,0.3386635095298851
ELM_corr,PAC,1.0,6.0,5400,100.0,4.0,1910.515815909187,0.7999718630484544,-0.0192999067200021,0.4236913593766075,0.760229459978405,0.2805653718080103,0.3467473244337686,0.3895472633118458,0.3389533198512082
ELM_corr,PAC,1.0,6.0,13500,250.0,0.0,1877.17196594602,0.7860101143133102,-0.0237960422048231,0.4048851451443687,0.7685257602634639,0.2681120319614472,0.3406956128149632,0.3866324056374309,0.3318133501379471
ELM_corr,PAC,1.0,6.0,13500,250.0,1.0,1884.5764147343225,0.7891105077477433,-0.0243532954325755,0.4094160499433185,0.766696072332884,0.2711123645417821,0.3420394764903491,0.3870885780859354,0.3334134730393556
ELM_corr,PAC,1.0,6.0,13500,250.0,2.0,1876.7868936657303,0.7858488767109275,-0.0207006949491162,0.4050884621142513,0.7686207171163146,0.26824666699704,0.3406257244728767,0.3867573693083028,0.3318765869260731
ELM_corr,PAC,1.0,6.0,13500,250.0,3.0,1877.590194550973,0.7861852351437678,-0.0186829722021792,0.4062499245720522,0.7684226051615061,0.2690157790855976,0.3407715188339354,0.387282940372888,0.3323567460974737
ELM_corr,PAC,1.0,6.0,13500,250.0,4.0,1881.9461285804969,0.7880091533923882,-0.0217520144426334,0.4074413539861244,0.7673468582056886,0.2698047350771334,0.341562095105312,0.3876627383025771,0.3330098561616741
ELM_corr,PAC,1.0,6.0,27000,500.0,0.0,1863.4058885423503,0.7802459774787549,-0.0176851185482455,0.399811407503854,0.7719083042462646,0.2647522393764349,0.3381971511597798,0.3844288999792664,0.3291260968384937
ELM_corr,PAC,1.0,6.0,27000,500.0,1.0,1858.9751386571916,0.7783907323084104,-0.0160366377181944,0.3985918500799069,0.7729917136671294,0.2639446572190023,0.3373929962529631,0.3833870091712167,0.328241554214394
ELM_corr,PAC,1.0,6.0,27000,500.0,2.0,1870.4891495339104,0.7832118830445144,-0.0208841530034962,0.3999345207946472,0.7701709439332354,0.2648337641124048,0.3394827211491183,0.3862733163754607,0.3301966005456613
ELM_corr,PAC,1.0,6.0,27000,500.0,3.0,1854.6526069200847,0.7765808002795704,-0.0175485294826632,0.39600229368846,0.77404617608434,0.2622298715956818,0.3366084823001652,0.3829227568666887,0.3272537035875119
ELM_corr,PAC,1.0,6.0,27000,500.0,4.0,1870.4414130511616,0.7831918948074521,-0.0217839869633744,0.4004298943138755,0.7701826746516682,0.2651617968950668,0.3394740572597471,0.386347529862687,0.3303277946725003
ELM_corr,PAC,1.0,6.0,54000,1000.0,0.0,1870.0902131951636,0.7830448402786354,-0.0145742522852413,0.3961762259133234,0.7702689689709189,0.2623450482644012,0.3394103165623947,0.3874093898742256,0.3297215849003405
ELM_corr,PAC,1.0,6.0,54000,1000.0,1.0,1857.4211171010784,0.7777400318488228,-0.0137893739785921,0.3949382310219404,0.7733710929396338,0.2615252569485992,0.3371109505288673,0.3842166510569192,0.3276176195114619
ELM_corr,PAC,1.0,6.0,54000,1000.0,2.0,1872.82061354096,0.7841881144841176,-0.0141987165176168,0.3963432769951596,0.7695976477782249,0.262455668289684,0.3399058680813374,0.3879475580188365,0.330103031463286
ELM_corr,PAC,1.0,6.0,54000,1000.0,3.0,1859.1030046618312,0.7784442724074248,-0.0135365628297586,0.3957207550113159,0.7729604839424702,0.2620434387079602,0.3374162031767822,0.3844696268264134,0.3279764229037186
ELM_corr,PAC,1.0,6.0,54000,1000.0,4.0,1867.8801536492729,0.7821194433582583,-0.0178847928214408,0.3954409803520983,0.7708116371748346,0.2618581739402262,0.3390092038220575,0.3868636551493051,0.3292436776371962
ELM_elastic_net,PAC,1.0,6.0,270,5.0,0.0,2426.1735462900647,1.015888251613822,-0.181412909674903,0.555461848186158,0.613331963507163,0.3678228420584549,0.4403361536097623,0.4771016499150941,0.4284202151944371
ELM_elastic_net,PAC,1.0,6.0,270,5.0,1.0,2746.494120685275,1.1500129966370622,-0.1680592479456308,0.6525420745783933,0.504490603891343,0.4321086699616216,0.4984724439287044,0.5270429022476084,0.4858746720459782
ELM_elastic_net,PAC,1.0,6.0,270,5.0,2.0,2308.186983140128,0.9664848758596036,-0.0682373305086126,0.5525492416967256,0.6500254031675934,0.3658941349830018,0.4189222900077448,0.4448708299659968,0.4098957516522478
ELM_elastic_net,PAC,1.0,6.0,270,5.0,3.0,2534.062060059372,1.0610633685340076,-0.1501433951066268,0.6081775750333546,0.5781781808865326,0.4027308173468219,0.4599172809551228,0.488157340139337,0.4502684794804272
ELM_elastic_net,PAC,1.0,6.0,270,5.0,4.0,2291.623883963654,0.9595495690719156,-0.1086581943278947,0.5194801773626623,0.6550300809812366,0.343996038349923,0.4159161854385239,0.4560792868025208,0.4053305035303225
ELM_elastic_net,PAC,1.0,6.0,540,10.0,0.0,2186.012216834008,0.9153278141878028,-0.0443710438636031,0.5084356100764392,0.6860939281227108,0.3366824053042148,0.3967482922961332,0.4277882347582351,0.387072977452861
ELM_elastic_net,PAC,1.0,6.0,540,10.0,1.0,2204.605190306655,0.9231130706639163,-0.0662843259804144,0.5183663103867857,0.680731407301953,0.3432584436472807,0.4001228070482345,0.4278198740465274,0.3904003749140143
ELM_elastic_net,PAC,1.0,6.0,540,10.0,2.0,2231.974087465277,0.9345729850321968,-0.0936580511915596,0.5144715309353024,0.6727551328146627,0.3406793486982513,0.4050901000606397,0.4461241128414157,0.3972978538667689
ELM_elastic_net,PAC,1.0,6.0,540,10.0,3.0,2206.5747303768344,0.9239377571837398,-0.0514441283043574,0.5187318589828714,0.6801606990663449,0.3435005072992881,0.4004802669258303,0.4364309409434358,0.3934705717228515
ELM_elastic_net,PAC,1.0,6.0,540,10.0,4.0,2214.5187617041856,0.9272640848111467,-0.0704569131450457,0.5226914670142324,0.677853605575198,0.3461225312677904,0.4019220616417072,0.4344519147580276,0.3941655025558417
ELM_elastic_net,PAC,1.0,6.0,1350,25.0,0.0,2046.14143043688,0.8567610686793841,-0.0408027768737129,0.4589657660621269,0.7249790074926574,0.3039238302896541,0.3713625715678435,0.4112021104625475,0.362162837440015
ELM_elastic_net,PAC,1.0,6.0,1350,25.0,1.0,2018.3975787339064,0.8451441532107173,-0.0406279879237727,0.4528556535607942,0.7323865234767675,0.2998777577234175,0.3663272265226022,0.4056177142648885,0.3572742328369694
ELM_elastic_net,PAC,1.0,6.0,1350,25.0,2.0,2082.392469740792,0.8719401167709553,-0.0419369645549704,0.4727325612929553,0.7151477094096022,0.3130401031072662,0.3779419208628887,0.4163704056830288,0.3691174765510612
ELM_elastic_net,PAC,1.0,6.0,1350,25.0,3.0,2056.430043194318,0.8610691202784412,-0.0445800971831096,0.4697833943432791,0.7222062778566782,0.311087185957912,0.3732298939506623,0.4124178018786835,0.365578293929086
ELM_elastic_net,PAC,1.0,6.0,1350,25.0,4.0,2081.134680693408,0.8714134548929541,-0.040162071713379,0.471251922099312,0.7154917136187718,0.3120596344791374,0.377713639587617,0.4154218688034189,0.3683983809567244
ELM_elastic_net,PAC,1.0,6.0,2700,50.0,0.0,1988.927175378918,0.8328042954192443,-0.031763187740616,0.4457984649411526,0.7401442625088875,0.2952045381611818,0.3609785225609638,0.404193627211303,0.3534588959778162
ELM_elastic_net,PAC,1.0,6.0,2700,50.0,1.0,1969.6190438604024,0.8247195877113936,-0.035575509163806,0.434083943424366,0.745165034686422,0.2874472662410133,0.3574742108519951,0.4018784119084824,0.3489332963338303
ELM_elastic_net,PAC,1.0,6.0,2700,50.0,2.0,1957.528698140968,0.8196571138446315,-0.0184480948022819,0.4365277481895955,0.748283999723501,0.2890655361854172,0.3552798845895358,0.3966098878145303,0.3469851028631611
ELM_elastic_net,PAC,1.0,6.0,2700,50.0,3.0,1981.9385630283537,0.8298780211661605,-0.0329312373347041,0.4363638077860639,0.7419671954854669,0.2889569760289419,0.3597101307403446,0.4047890329008314,0.3511520465567059
ELM_elastic_net,PAC,1.0,6.0,2700,50.0,4.0,1990.9541332144668,0.833653023926238,-0.0309317561845742,0.4411632466323034,0.7396143436422944,0.292135129924613,0.3613464034234848,0.4059088071588509,0.3531301135023163
ELM_elastic_net,PAC,1.0,6.0,5400,100.0,0.0,1922.9150486716435,0.80516367420791,-0.0319373533261668,0.4237986706557792,0.7571071429696398,0.280636432565502,0.3489977118682046,0.392670411766056,0.3407681853999209
ELM_elastic_net,PAC,1.0,6.0,5400,100.0,1.0,1918.963255717758,0.8035089780544542,-0.0283621457859196,0.4283267592087729,0.7581044579291146,0.2836349002480138,0.3482804848125239,0.3898620742591518,0.3405924864398965
ELM_elastic_net,PAC,1.0,6.0,5400,100.0,2.0,1914.0335042349373,0.8014447907573701,-0.0262417318300509,0.4232505949180217,0.7593457043959593,0.2802735007526628,0.3473857640661385,0.3917788520835017,0.339812705634101
ELM_elastic_net,PAC,1.0,6.0,5400,100.0,3.0,1918.4656160991628,0.8033006062160745,-0.0323248794382395,0.42423742960408,0.7582299019118899,0.2809269755863586,0.3481901661641028,0.3910909160865401,0.3400693526123339
ELM_elastic_net,PAC,1.0,6.0,5400,100.0,4.0,1915.075872114303,0.8018812514071558,-0.0230309793138665,0.4267474015732738,0.7590835160771185,0.2825890609774807,0.3475749476731183,0.3894128476320194,0.3398589520942061
ELM_elastic_net,PAC,1.0,6.0,13500,250.0,0.0,1867.7748852388968,0.7820753653319645,-0.0254757275767565,0.4046345891680212,0.7708374692548419,0.2679461155954253,0.3389900982279864,0.3846786350131414,0.3305382829455177
ELM_elastic_net,PAC,1.0,6.0,13500,250.0,1.0,1867.291378147393,0.781872911070363,-0.0248048108943551,0.4052347853473707,0.7709560995759702,0.2683435611899371,0.338902344549672,0.3839670159383462,0.3304043072259851
ELM_elastic_net,PAC,1.0,6.0,13500,250.0,2.0,1876.5674900692757,0.7857570079588585,-0.0246609955127123,0.4073053083739557,0.768674812207924,0.269714646650933,0.3405859040173701,0.385966448161461,0.3320889996099214
ELM_elastic_net,PAC,1.0,6.0,13500,250.0,3.0,1874.628088210517,0.7849449409216578,-0.0234609476006335,0.4069713112627987,0.7691527067407594,0.2694934761653879,0.3402339140469514,0.3862456877520988,0.331991025988146
ELM_elastic_net,PAC,1.0,6.0,13500,250.0,4.0,1878.6227916757443,0.7866176045797093,-0.0251004778041796,0.4081848347959771,0.7681678190984724,0.2702970627237377,0.3409589291067271,0.3862459162648307,0.3325006360317652
ELM_elastic_net,PAC,1.0,6.0,27000,500.0,0.0,1857.2677374454129,0.7776758086647619,-0.0227873841795765,0.4003113858923271,0.7734085199164407,0.2650833214704015,0.3370831130282397,0.382826875639648,0.3283311033794297
ELM_elastic_net,PAC,1.0,6.0,27000,500.0,1.0,1847.605642882537,0.7736300929873255,-0.0215658226815249,0.3970470030786865,0.7757599886059463,0.2629216706423546,0.3353294999933698,0.3807719045428791,0.3263410250595345
ELM_elastic_net,PAC,1.0,6.0,27000,500.0,2.0,1861.5360536867,0.7794630395618782,-0.02467966411204,0.3993557781895654,0.7723658318552495,0.2644505249205204,0.3378577871891018,0.3841272782131859,0.328811863440936
ELM_elastic_net,PAC,1.0,6.0,27000,500.0,3.0,1843.3148361058925,0.7718334448452321,-0.0224504072898438,0.3947779574550998,0.7768003115889676,0.2614191249450158,0.3345507439333182,0.380293230935808,0.3254210332713806
ELM_elastic_net,PAC,1.0,6.0,27000,500.0,4.0,1853.001980858356,0.7758896495469766,-0.0218344792396075,0.3979615384760496,0.7744481913200236,0.2635272694069135,0.3363089034294859,0.3818224568452885,0.3272195432272293
ELM_elastic_net,PAC,1.0,6.0,54000,1000.0,0.0,1841.3479783254545,0.7710098814547246,-0.0223521094520632,0.3922871608375502,0.7772763754958959,0.2597697373338802,0.334193770875451,0.3804578515500835,0.324807119919805
ELM_elastic_net,PAC,1.0,6.0,54000,1000.0,1.0,1837.9866283580288,0.7696024157989013,-0.0230068985752517,0.3937206308959902,0.7780887898041896,0.260718970899827,0.3335837057307478,0.3791029039913628,0.3244685268739792
ELM_elastic_net,PAC,1.0,6.0,54000,1000.0,2.0,1848.0206321620835,0.7738038574462949,-0.0214550980042983,0.3947607595182006,0.7756592445409067,0.2614077365948556,0.3354048180939337,0.3820422304542518,0.3262849283810137
ELM_elastic_net,PAC,1.0,6.0,54000,1000.0,3.0,1842.2918329722868,0.7714050926086894,-0.0243209969357028,0.3946726265437921,0.7770479856333361,0.2613493755728847,0.3343650749131974,0.3801507763910507,0.3252884089590442
ELM_elastic_net,PAC,1.0,6.0,54000,1000.0,4.0,1843.586777479797,0.7719473122341911,-0.0245309628817565,0.3940299535850197,0.7767344501245919,0.2609238021604501,0.334600099684796,0.3807778431230157,0.3254339149894206
ELM_huber,PAC,1.0,6.0,270,5.0,0.0,2541.8179146617563,1.0643109027360995,-0.2684768156388549,0.5675480357444437,0.5755921390304252,0.3758262285589987,0.4613249227080356,0.5050467349297117,0.4473992953989154
ELM_huber,PAC,1.0,6.0,270,5.0,1.0,2797.286999640983,1.1712810090080856,-0.235752378012485,0.657159092307352,0.4859935121125969,0.4351660259050503,0.5076910511401808,0.5399104860359148,0.494255854360382
ELM_huber,PAC,1.0,6.0,270,5.0,2.0,2359.805787813879,0.9880987201415172,-0.1244650291842223,0.5580745090274172,0.6341971617692768,0.3695529272823185,0.4282907978536611,0.4575421011786348,0.4184619421048715
ELM_huber,PAC,1.0,6.0,270,5.0,3.0,2620.055669642505,1.097070643373417,-0.22430772767134,0.617605953718049,0.5490632971540357,0.4089742219211095,0.4755246126469379,0.5094727558068932,0.4646571967916468
ELM_huber,PAC,1.0,6.0,270,5.0,4.0,2329.4765134659337,0.9753992355819052,-0.1608405174020784,0.5218507978297022,0.6435396582968955,0.3455658461782661,0.4227862138849788,0.4652890935623736,0.4112137178752061
ELM_huber,PAC,1.0,6.0,540,10.0,0.0,2202.82001784141,0.9223655826133108,-0.0784568046453908,0.5072804456586412,0.6812482515385125,0.3359174637324638,0.3997988088008387,0.4325291591978422,0.3894151439103815
ELM_huber,PAC,1.0,6.0,540,10.0,1.0,2240.761316929306,0.9382523768837778,-0.1094828266739708,0.5220310112088182,0.670173349905914,0.3456851821821696,0.4066849302528134,0.436318766881597,0.39622962643886
ELM_huber,PAC,1.0,6.0,540,10.0,2.0,2248.294224997363,0.9414065588335928,-0.1254616909175285,0.5127173763935637,0.6679520244527356,0.3395177601732086,0.408052108527944,0.4512951256400825,0.3996216647804116
ELM_huber,PAC,1.0,6.0,540,10.0,3.0,2260.7956027959194,0.9466411401989526,-0.1133546076874005,0.5194500763518675,0.6642491301625277,0.3439761056770031,0.4103210346824874,0.4514522991837131,0.4019164798477345
ELM_huber,PAC,1.0,6.0,540,10.0,4.0,2261.7204034255265,0.947028373048037,-0.1284823068463086,0.5248034166771668,0.6639743896043773,0.3475210491495165,0.4104888805287665,0.4470794594371571,0.40169646303848
ELM_huber,PAC,1.0,6.0,1350,25.0,0.0,2065.022197398661,0.8646668301477923,-0.0613417972595899,0.4606111022136249,0.7198800787681799,0.3050133600590914,0.374789319136609,0.4174941085578458,0.3657655959178488
ELM_huber,PAC,1.0,6.0,1350,25.0,1.0,2041.708119069506,0.8549047509642939,-0.0573152370987696,0.4481704379522782,0.7261694753797695,0.2967752416344935,0.3705579517671499,0.4145774013939203,0.3606368649318545
ELM_huber,PAC,1.0,6.0,1350,25.0,2.0,2100.477599894592,0.8795127289116846,-0.0643408489313679,0.4686766046612996,0.7101784626866632,0.3103542777884022,0.3812242650553037,0.4228956304858748,0.3714913911098603
ELM_huber,PAC,1.0,6.0,1350,25.0,3.0,2080.010529349038,0.8709427498415666,-0.0631425375442245,0.4666247195011121,0.7157989921388659,0.308995534188527,0.3775096127652934,0.4208977091305893,0.3691342853614698
ELM_huber,PAC,1.0,6.0,1350,25.0,4.0,2107.1651205305257,0.8823129299347559,-0.0590257752502886,0.4690756345208499,0.7083300517142539,0.3106185124923431,0.3824380105099584,0.4234044119245108,0.3721536449756041
ELM_huber,PAC,1.0,6.0,2700,50.0,0.0,2019.1690405417123,0.845467179973711,-0.0452906196112083,0.4357675463356149,0.7321819126177442,0.2885621359836169,0.3664672422793586,0.4175052968609966,0.3575115583746573
ELM_huber,PAC,1.0,6.0,2700,50.0,1.0,2010.0938079378325,0.8416671953448115,-0.0495945546636007,0.4251560053147236,0.7345839397649958,0.2815352498173217,0.3648201412201548,0.4172496832110142,0.3545350247494969
ELM_huber,PAC,1.0,6.0,2700,50.0,2.0,1993.873237528853,0.8348753123246729,-0.0327874005662128,0.4288276478622692,0.7388502375304976,0.2839665851129339,0.3618762035969918,0.4109379352720589,0.3522602413273282
ELM_huber,PAC,1.0,6.0,2700,50.0,3.0,2015.2448350917712,0.8438240352697345,-0.0442059227838377,0.4291758741657448,0.7332218967961017,0.2841971780673234,0.3657550221925293,0.4177891996622525,0.3559137999740351
ELM_huber,PAC,1.0,6.0,2700,50.0,4.0,2020.397976443766,0.8459817604524207,-0.0452386053698572,0.433046254819499,0.7318558067628003,0.2867601163079256,0.3666902868793505,0.4181584125882502,0.3572029385918421
ELM_huber,PAC,1.0,6.0,5400,100.0,0.0,1955.3051934436648,0.8187260871656652,-0.04217425451803,0.4133587486495486,0.7488555099548264,0.2737231912767621,0.3548763316337134,0.4071627301583597,0.3452540843562784
ELM_huber,PAC,1.0,6.0,5400,100.0,1.0,1952.539033913468,0.8175678398617516,-0.0388209501045939,0.4192080850268231,0.7495655927886818,0.2775965797686463,0.3543742900342324,0.4040933178153884,0.345354729206089
ELM_huber,PAC,1.0,6.0,5400,100.0,2.0,1954.6537196105696,0.8184533018101876,-0.039478853479677,0.4112241567757321,0.7490228360658115,0.272309679885789,0.3547580929849238,0.4091197105070976,0.3453958277926034
ELM_huber,PAC,1.0,6.0,5400,100.0,3.0,1957.024031354007,0.8194457995878105,-0.0454052018939365,0.412722957178526,0.7484137718491158,0.2733021747360371,0.3551882905516054,0.4077756983298146,0.3454220545391523
ELM_huber,PAC,1.0,6.0,5400,100.0,4.0,1946.867513795308,0.8151930589374272,-0.0373105807411366,0.4169367378174347,0.7510183483291721,0.2760925099777382,0.3533449426663288,0.4035829888578109,0.3443401471672926
ELM_huber,PAC,1.0,6.0,13500,250.0,0.0,1911.4666700111663,0.8003700050167719,-0.0374922953696579,0.3948180458418406,0.7599907354061654,0.2614456711864772,0.3469198988312391,0.4016000632057649,0.3366552110744937
ELM_huber,PAC,1.0,6.0,13500,250.0,1.0,1902.268123862926,0.7965183864966482,-0.0367570968742637,0.391718514146519,0.7622951691575564,0.2593931835836898,0.34525041709284,0.3997207346976337,0.3347881117913878
ELM_huber,PAC,1.0,6.0,13500,250.0,2.0,1914.02408016331,0.801440844706741,-0.0332910904278784,0.3956013978712601,0.7593480741953706,0.2619644012680017,0.3473840536528591,0.4022951185130027,0.3372145244779544
ELM_huber,PAC,1.0,6.0,13500,250.0,3.0,1906.9050189953916,0.7984599488783829,-0.0349176545108064,0.393213010923959,0.7611349165997202,0.2603828286041718,0.3460919861431842,0.4017058985730264,0.3360602377734609
ELM_huber,PAC,1.0,6.0,13500,250.0,4.0,1908.7174312156685,0.7992188427689194,-0.0351196716584595,0.3948071463519156,0.7606806436007494,0.2614384536226169,0.3464209282450601,0.4010385890981405,0.3362993236552725
ELM_huber,PAC,1.0,6.0,27000,500.0,0.0,1888.436636672255,0.7907268612527776,-0.0308658249272385,0.3861771640531861,0.7657393296953166,0.2557237413945883,0.342740083948059,0.3976533873524337,0.3320390708983603
ELM_huber,PAC,1.0,6.0,27000,500.0,1.0,1874.705401145833,0.7849773134214758,-0.0276853626908148,0.384616866815891,0.7691336652572838,0.2546905237827002,0.3402479458875894,0.3940368261847334,0.3296584319516744
ELM_huber,PAC,1.0,6.0,27000,500.0,2.0,1888.351064655948,0.7906910305076249,-0.0291091136452072,0.3866261295962299,0.7657605596411114,0.2560210431490975,0.3427245531330541,0.3973894583374788,0.3320450182065435
ELM_huber,PAC,1.0,6.0,27000,500.0,3.0,1871.9368895274893,0.7838180812503753,-0.0294695431622961,0.3819793035327362,0.7698150354457219,0.2529439483408637,0.3397454773980166,0.3939753757174817,0.3288882671521207
ELM_huber,PAC,1.0,6.0,27000,500.0,4.0,1889.446539626716,0.7911497281776422,-0.0331090701766783,0.3864800139283704,0.7654887056626833,0.2559242864044231,0.3429233753631215,0.3977572906739752,0.3322016508138399
ELM_huber,PAC,1.0,6.0,54000,1000.0,0.0,1866.808843210536,0.781670863869702,-0.0229636984884925,0.3790278219699532,0.7710744607542264,0.2509894984713524,0.3388147673116781,0.3931461532335807,0.3276501396722037
ELM_huber,PAC,1.0,6.0,54000,1000.0,1.0,1871.661367490305,0.7837027145648123,-0.0264887622767563,0.3804670258178732,0.7698827902545391,0.2519425289114664,0.3396954717773248,0.3939728746375078,0.3285369584420997
ELM_huber,PAC,1.0,6.0,54000,1000.0,2.0,1873.0663789641128,0.7842910214696528,-0.0228540274748922,0.3812647693874509,0.7695371735966064,0.2524707889674075,0.3399504730525221,0.3941730129248212,0.3288647583149169
ELM_huber,PAC,1.0,6.0,54000,1000.0,3.0,1860.307171527872,0.7789484815865514,-0.0203323297986171,0.3782428769024117,0.7726662753889837,0.2504697134914376,0.3376347523431877,0.3918417711711608,0.3266487456685954
ELM_huber,PAC,1.0,6.0,54000,1000.0,4.0,1868.2319941229,0.7822667661267165,-0.0229474466696433,0.379408528143844,0.770725287591246,0.2512415993623982,0.3390730607877217,0.3932406494931685,0.3278517698810961
ELM_l3,PAC,1.0,6.0,270,5.0,0.0,2326.932869217205,0.974334159955918,-0.03626124207963,0.5497194021944136,0.6443176985631517,0.3640202356113192,0.422324557493436,0.4498655829362122,0.4120701253469891
ELM_l3,PAC,1.0,6.0,270,5.0,1.0,2700.036473146654,1.1305602339094043,-0.0449844280648618,0.6569434935987378,0.5211121611153199,0.4350232579903761,0.490040655586854,0.5119660908224593,0.4790100014665632
ELM_l3,PAC,1.0,6.0,270,5.0,2.0,2255.8828708534247,0.944584079329857,0.0671224359493701,0.5511010282133764,0.6657067248966216,0.3649351384270865,0.409429402882041,0.4307515194977029,0.4017053536022768
ELM_l3,PAC,1.0,6.0,270,5.0,3.0,2459.652587774213,1.0299066077907926,-0.0241685497679702,0.6015374948409129,0.6025869845188969,0.3983338039860385,0.4464124016902897,0.4684432526941501,0.4377298194568261
ELM_l3,PAC,1.0,6.0,270,5.0,4.0,2268.328865338164,0.9497954705743256,-0.0089279145331476,0.5321544123841307,0.6620078718867792,0.352388825652483,0.4116882772925871,0.4441677236165264,0.4027482755205322
ELM_l3,PAC,1.0,6.0,540,10.0,0.0,2191.040308540629,0.91743317853843,0.0089630498361969,0.5216710768246365,0.6846482237479088,0.3454468362209185,0.3976608612116901,0.4241347207541721,0.3890808060622602
ELM_l3,PAC,1.0,6.0,540,10.0,1.0,2249.9579997421,0.9421032151874196,-0.0023452995405969,0.5354575411831581,0.667460400677001,0.3545761337934667,0.4083540738068461,0.4410314458224801,0.4013205511409309
ELM_l3,PAC,1.0,6.0,540,10.0,2.0,2220.665475465488,0.9298378389870128,-0.0249365911860179,0.5304185642168716,0.6760627968510969,0.3512393594769966,0.4030376538462017,0.4348774303138915,0.3963848145456967
ELM_l3,PAC,1.0,6.0,540,10.0,3.0,2184.012034587803,0.914490297165118,0.0617934363002655,0.5338774062714803,0.6866681079919742,0.3535297798162367,0.3963852710447643,0.4209744015141106,0.3902964841250371
ELM_l3,PAC,1.0,6.0,540,10.0,4.0,2309.027819629733,0.9668369512140744,0.0120304231763416,0.5482790023405278,0.6497703761590864,0.3630664131846541,0.4190748968590616,0.447497345054991,0.4098795516995689
ELM_l3,PAC,1.0,6.0,1350,25.0,0.0,2048.900898570056,0.8579165141591532,-0.0067485578702814,0.4792676083736776,0.7242367094331301,0.3173675642966646,0.3718633987183288,0.4010710244619507,0.3634339958256481
ELM_l3,PAC,1.0,6.0,1350,25.0,1.0,2025.58539312806,0.8481538374144573,-0.0097463718117538,0.4775564026208044,0.7304771067655834,0.3162344161508038,0.3676317723363269,0.3948275374006325,0.359564575295921
ELM_l3,PAC,1.0,6.0,1350,25.0,2.0,2085.378671728686,0.8731905003311448,-0.0049859850089132,0.493049586995131,0.7143301532587569,0.326493891446379,0.3784838988674143,0.4076166343736784,0.3708648082291572
ELM_l3,PAC,1.0,6.0,1350,25.0,3.0,2095.781044266277,0.8775461854658739,-0.0002619272429498,0.4990730135111152,0.7114730646653016,0.3304825611763963,0.3803718679777126,0.4073003410970163,0.372718256750375
ELM_l3,PAC,1.0,6.0,1350,25.0,4.0,2075.0478584390157,0.8688647785101972,-0.0071308847775366,0.4898955986146296,0.7171535175427756,0.324405343018213,0.3766089173375108,0.403903513160781,0.3683059245055016
ELM_l3,PAC,1.0,6.0,2700,50.0,0.0,1993.644275739892,0.8347794413628329,0.0064636875056626,0.4726930756996914,0.7389102111362046,0.3130139560313111,0.3618346483860594,0.3892274539234298,0.3546920194469334
ELM_l3,PAC,1.0,6.0,2700,50.0,1.0,1977.9098448299644,0.8281911148469218,-0.000532173029217,0.4702974238105203,0.7430151441236685,0.3114275725752105,0.3589789422076161,0.3862042023550368,0.3522035723792878
ELM_l3,PAC,1.0,6.0,2700,50.0,2.0,2006.4880182257496,0.8401573777920253,-0.0048128106445579,0.4787264163224541,0.7355353143839665,0.317009190811554,0.3641657117070757,0.3910392344158999,0.3574047123115099
ELM_l3,PAC,1.0,6.0,2700,50.0,3.0,1991.1298018322411,0.8337265799524536,-0.0054299382500891,0.4676056952095374,0.7395683922006764,0.3096451292493608,0.3613782862389491,0.3904426037984155,0.3538220064289084
ELM_l3,PAC,1.0,6.0,2700,50.0,4.0,1998.9296442701768,0.8369925327567177,-0.0010380242856805,0.4723387802697535,0.737524021054956,0.3127793441450158,0.3627939115239311,0.3897905634100463,0.355121273026331
ELM_l3,PAC,1.0,6.0,5400,100.0,0.0,1939.1163720382744,0.8119474980996197,0.0009868236103763,0.4565302351700784,0.7529969629857611,0.3023110392445809,0.3519381562669819,0.3795374515164334,0.3445955490093321
ELM_l3,PAC,1.0,6.0,5400,100.0,1.0,1934.334813767181,0.8099453623169433,-0.0047474742655063,0.4574895098636863,0.7542136029745268,0.3029462640494344,0.3510703317123149,0.3779680781490188,0.3439948913035893
ELM_l3,PAC,1.0,6.0,5400,100.0,2.0,1935.32124428838,0.8103584008561903,-0.0004429041786873,0.4598609533809511,0.7539628573207505,0.3045166168957186,0.3512493630195238,0.3771527762165245,0.3443062520439223
ELM_l3,PAC,1.0,6.0,5400,100.0,3.0,1941.2689317238155,0.8128488186579873,-0.0077040560917618,0.4591542110447129,0.7524482760746602,0.3040486172021897,0.3523288331226405,0.3779825957645885,0.3447866820298062
ELM_l3,PAC,1.0,6.0,5400,100.0,4.0,1935.9275861609133,0.8106122885410635,-0.0009485737434411,0.4574781146239924,0.753808664840382,0.3029387182036417,0.3513594104843196,0.377682215778899,0.3439934481556201
ELM_l3,PAC,1.0,6.0,13500,250.0,0.0,1909.0306018433912,0.7993499736857248,-0.0111095996806955,0.4411851957330303,0.7606021050592863,0.2921496644612987,0.3464777668623329,0.3764155375190274,0.3383476562808864
ELM_l3,PAC,1.0,6.0,13500,250.0,1.0,1897.5957265748305,0.7945619586396604,-0.0086970590469007,0.4417922386389412,0.7634614478630284,0.2925516439089111,0.3444024046111597,0.3734155189475673,0.336789855822546
ELM_l3,PAC,1.0,6.0,13500,250.0,2.0,1905.6869932831023,0.7979499367182181,-0.008276247272691,0.4420630463260706,0.761439966815672,0.2927309708122015,0.3458709216781268,0.3753087963696653,0.3379702296199978
ELM_l3,PAC,1.0,6.0,13500,250.0,3.0,1912.8806517322007,0.8009620679467269,-0.0069361226549373,0.4447981800342797,0.75963551682971,0.2945421566879706,0.3471765281532705,0.3766790048223906,0.3394658965545439
ELM_l3,PAC,1.0,6.0,13500,250.0,4.0,1916.2267748506176,0.8023631578109085,-0.0119778207210486,0.4441221741393574,0.7587938620112009,0.2940945104448837,0.347783829714909,0.3777980959338932,0.339892145364562
ELM_l3,PAC,1.0,6.0,27000,500.0,0.0,1901.1945723476877,0.7960688686237405,-0.010569553829277,0.436263823233403,0.7625633925167272,0.2888907669770659,0.3450555738403262,0.3768074398925335,0.3369179269033086
ELM_l3,PAC,1.0,6.0,27000,500.0,1.0,1899.3261161842609,0.795286507993363,-0.0169701742495416,0.4333368985452164,0.7630298591255625,0.2869525784933465,0.3447164600941353,0.3771311793645869,0.3362667393173562
ELM_l3,PAC,1.0,6.0,27000,500.0,2.0,1905.4277992512104,0.7978414069008479,-0.0169262437605423,0.4377573196386636,0.7615048558893406,0.2898797495582835,0.3458238794938542,0.3766437728721155,0.3374491339747511
ELM_l3,PAC,1.0,6.0,27000,500.0,3.0,1890.15864210244,0.7914478999799599,-0.0149381359316918,0.4302483102394901,0.7653119051670172,0.2849073375244654,0.3430526177520741,0.3754780488356798,0.3344793347040731
ELM_l3,PAC,1.0,6.0,27000,500.0,4.0,1909.3311656561357,0.7994758258724713,-0.0128760683521085,0.4356848148163693,0.7605267160022888,0.2885073517664181,0.3465323174172264,0.3786918984496757,0.3379105225444401
ELM_l3,PAC,1.0,6.0,54000,1000.0,0.0,1928.683737123426,0.8075791414915046,-0.0139331967516226,0.4294667839784118,0.7556476141573667,0.2843898164536091,0.3500446947141413,0.3886894938282222,0.3410413349986576
ELM_l3,PAC,1.0,6.0,54000,1000.0,1.0,1932.4589239889976,0.8091598890807467,-0.0208710858965685,0.4323185876743218,0.7546900919648538,0.2862782603563682,0.3507298688089977,0.3878111824537226,0.3416064372063629
ELM_l3,PAC,1.0,6.0,54000,1000.0,2.0,1937.066899154834,0.8110893420837519,-0.0182485719680799,0.4361859885361127,0.7535188073845054,0.2888392254001573,0.3515661890563915,0.3873734583985754,0.3425929576183747
ELM_l3,PAC,1.0,6.0,54000,1000.0,3.0,1912.1372032895724,0.8006507709499798,-0.012564671066844,0.4305271217911985,0.7598223176889943,0.2850919645293318,0.3470415966566614,0.3826647017044211,0.3382660876301381
ELM_l3,PAC,1.0,6.0,54000,1000.0,4.0,1913.2725819702573,0.8011261771156287,-0.0127605389450599,0.4288541928358432,0.7595370101508205,0.2839841630035744,0.3472476611741431,0.3830940077961584,0.3381086106579586
ELM_lp,PAC,1.0,6.0,270,5.0,0.0,2462.8874570899065,1.0312611134230645,-0.2099627861308695,0.5597776638886488,0.6015409631779107,0.3706807441856208,0.4469995113445356,0.4859626653335593,0.4345476402879052
ELM_lp,PAC,1.0,6.0,270,5.0,1.0,2762.434292381637,1.1566874710083632,-0.1918005732729273,0.6537288474577777,0.4987222131548853,0.4328945424293681,0.5013654908434185,0.5311368755852053,0.4884656362859973
ELM_lp,PAC,1.0,6.0,270,5.0,2.0,2326.389166375534,0.9741065005083622,-0.0883195630789669,0.5546202181336493,0.6444838940625581,0.367265520689064,0.422225878642381,0.4492255067246722,0.412905635352039
ELM_lp,PAC,1.0,6.0,270,5.0,3.0,2562.828949880697,1.0731086508880423,-0.1766645520060982,0.6114834654975004,0.5685467058413771,0.4049199542425904,0.4651383013700093,0.4952538644769642,0.4551040400298546
ELM_lp,PAC,1.0,6.0,270,5.0,4.0,2303.4981131026293,0.9645215505271172,-0.1279322179094274,0.5197022156694596,0.6514458415093063,0.3441430705202128,0.4180712878194449,0.4592005326395479,0.4071382969930686
ELM_lp,PAC,1.0,6.0,540,10.0,0.0,2191.344049806962,0.9175603611896752,-0.0564033724120934,0.5076580490009992,0.6845607840173029,0.3361675099507782,0.3977159884556229,0.4294141188859769,0.3877658724307927
ELM_lp,PAC,1.0,6.0,540,10.0,1.0,2216.716617787855,0.928184371893475,-0.0823978908950638,0.5192436949381873,0.6772138433143773,0.3438394413887612,0.4023209595258056,0.4308409526380237,0.3923337845175301
ELM_lp,PAC,1.0,6.0,540,10.0,2.0,2236.617888258355,0.9365174389546032,-0.1047754331869345,0.5133406947355671,0.6713919979382922,0.3399305170975797,0.4059329224475545,0.4477679882618501,0.3978771426023281
ELM_lp,PAC,1.0,6.0,540,10.0,3.0,2224.882157050075,0.9316034494022812,-0.0762727903119086,0.5177878671578452,0.6748314210289639,0.3428754027001245,0.403802956622169,0.4420558172175007,0.3962447255132648
ELM_lp,PAC,1.0,6.0,540,10.0,4.0,2229.4668820166967,0.9335231670735886,-0.0917013186243314,0.5226026811691282,0.6734899166961339,0.346063737919539,0.404635057095875,0.4388513526538251,0.3965167158897464
ELM_lp,PAC,1.0,6.0,1350,25.0,0.0,2053.370459937083,0.8597880104870118,-0.0519045728590012,0.4630312294002894,0.7230322731326817,0.3066159508812132,0.3726745976796269,0.4129121410891839,0.3640675632166747
ELM_lp,PAC,1.0,6.0,1350,25.0,1.0,2025.791018669704,0.8482399370145075,-0.0474406105316189,0.4507082290591332,0.7304223832233505,0.2984557486585534,0.3676690921563497,0.4087700977921734,0.3582983128690255
ELM_lp,PAC,1.0,6.0,1350,25.0,2.0,2088.038155805288,0.8743040804511264,-0.0505726351384675,0.4705844251975507,0.7136010589569448,0.3116176228301415,0.3789665795027992,0.4187664447671222,0.3697835490333543
ELM_lp,PAC,1.0,6.0,1350,25.0,3.0,2064.019334617868,0.8642469110869541,-0.052220858771365,0.4681103794554273,0.7201520890445892,0.3099793275282733,0.3746073054714414,0.4154066948795347,0.3666644426264165
ELM_lp,PAC,1.0,6.0,1350,25.0,4.0,2090.1569205397773,0.8751912503755502,-0.047205048404857,0.4699444459873045,0.7130195371630486,0.3111938331986128,0.3793511227746585,0.4184102441418729,0.3696517333717148
ELM_lp,PAC,1.0,6.0,2700,50.0,0.0,1997.974935731423,0.836592776857261,-0.0374423025971166,0.4412983573886282,0.7377746834205565,0.2922245992959953,0.362620637568976,0.4089563394708481,0.3546005254452731
ELM_lp,PAC,1.0,6.0,2700,50.0,1.0,1982.190509047206,0.8299835160929288,-0.0424433293655747,0.4295851456580634,0.7419015885376701,0.2844681947068455,0.3597558574531052,0.4073687058148059,0.3505309193249188
ELM_lp,PAC,1.0,6.0,2700,50.0,2.0,1968.3152921813864,0.8241736803439016,-0.0239898307694672,0.4331577243674252,0.7455022892986527,0.2868339306410884,0.3572375876308417,0.4014224217486792,0.3484979800068697
ELM_lp,PAC,1.0,6.0,2700,50.0,3.0,1992.1207162245184,0.8341414959797957,-0.0382249552942052,0.4329274581854573,0.7393091126267166,0.2866814500310196,0.3615581313422473,0.4093278478549312,0.3525224764093993
ELM_lp,PAC,1.0,6.0,2700,50.0,4.0,1999.5827990538253,0.8372660219604099,-0.0368277152310418,0.4372942710118657,0.7373524637912792,0.2895731220869706,0.3629124552553074,0.4102164909616807,0.3542340227679862
ELM_lp,PAC,1.0,6.0,5400,100.0,0.0,1931.4329755320368,0.8087303035773593,-0.0367154951553135,0.4189224244019927,0.7549504944095287,0.2774074173568039,0.3505436652301025,0.3975131745098946,0.341821419032267
ELM_lp,PAC,1.0,6.0,5400,100.0,1.0,1952.2677559576064,0.8174542502594321,-0.0387227641130004,0.4241152437498989,0.7496351766622076,0.2808460649922449,0.354325054689207,0.4020524226377314,0.3457411807730611
ELM_lp,PAC,1.0,6.0,5400,100.0,2.0,1924.9971244961905,0.8060354817388925,-0.032224165107714,0.417574262119128,0.7565808637291476,0.2765146739864741,0.349375596319837,0.3976407879801762,0.3411770194288291
ELM_lp,PAC,1.0,6.0,5400,100.0,3.0,1929.464881314876,0.8079062224656267,-0.0379219230453171,0.4192696030154141,0.7554496417302462,0.2776373165383725,0.3501864677662807,0.3967454712120756,0.3415230851722429
ELM_lp,PAC,1.0,6.0,5400,100.0,4.0,1923.297079100568,0.8053236381252056,-0.0285805216337977,0.4221951904110683,0.7570106210977292,0.2795746194765921,0.3490670481322537,0.394154184081495,0.3409319505634469
ELM_lp,PAC,1.0,6.0,13500,250.0,0.0,1892.1686502985444,0.7922895313278873,-0.0309535423073851,0.4003899907697046,0.7648125017820391,0.2651353730550261,0.3434174223552527,0.3932534286231386,0.3339354080111392
ELM_lp,PAC,1.0,6.0,13500,250.0,1.0,1885.7572874657856,0.789604963198541,-0.0315590788666954,0.396771408194852,0.766403604955264,0.2627391736918263,0.3422537979090582,0.3930845628045364,0.3326925114684737
ELM_lp,PAC,1.0,6.0,13500,250.0,2.0,1894.6521503048093,0.7933294233352441,-0.0302307964287451,0.4003813484952171,0.7641947223198557,0.2651296502029991,0.3438681629223983,0.3946118007106671,0.3345365379453549
ELM_lp,PAC,1.0,6.0,13500,250.0,3.0,1887.1316946582851,0.7901804554678097,-0.0284225368846099,0.39868614032277,0.7660629740942659,0.2640070955398726,0.3425032446881496,0.3937385956839417,0.3334163119706546
ELM_lp,PAC,1.0,6.0,13500,250.0,4.0,1894.6797775104912,0.7933409914086492,-0.0322067215554838,0.400278357766524,0.7641878453969299,0.2650614504829692,0.3438731770968804,0.3946360490238269,0.3345235588678921
ELM_lp,PAC,1.0,6.0,27000,500.0,0.0,1871.1992659750215,0.7835092232537118,-0.026509430125334,0.3913840807829983,0.7699964052343949,0.2591717242149662,0.3396116030845315,0.3907763389066787,0.3298532220687254
ELM_lp,PAC,1.0,6.0,27000,500.0,1.0,1857.2364147059477,0.7776626931961345,-0.0205955029159382,0.3893261181455406,0.7734161627628688,0.2578089561533402,0.3370774281362261,0.3870510425440388,0.3273124756112017
ELM_lp,PAC,1.0,6.0,27000,500.0,2.0,1877.4936984075855,0.7861448302442325,-0.0296841195102349,0.3907406148742977,0.7684464077477501,0.2587456257167906,0.3407540053544556,0.392658482218912,0.3307193710967194
ELM_lp,PAC,1.0,6.0,27000,500.0,3.0,1856.8284928322037,0.7774918880038404,-0.0262565739291072,0.3863008442178779,0.7735156852062733,0.255805641510378,0.3370033927280286,0.3879130240923647,0.3269073527769238
ELM_lp,PAC,1.0,6.0,27000,500.0,4.0,1873.381967560713,0.7844231648392481,-0.0304288061875549,0.3912251106132556,0.7694595067632837,0.2590664553115695,0.3400077505168497,0.3911632142448417,0.3300791400244203
ELM_lp,PAC,1.0,6.0,54000,1000.0,0.0,1854.09266324243,0.7763463404633859,-0.021906492303153,0.3826003443049834,0.7741825922686361,0.2533551970749183,0.336506855833405,0.3880995170960694,0.3259871900014642
ELM_lp,PAC,1.0,6.0,54000,1000.0,1.0,1857.2250681250152,0.7776579421517243,-0.0258045056757164,0.383983055521109,0.7734189313323123,0.2542708185004441,0.3370753687988749,0.3882555989163957,0.3265339287385716
ELM_lp,PAC,1.0,6.0,54000,1000.0,2.0,1859.142060220853,0.7784606257650116,-0.0216068343887276,0.3845573672418941,0.7729509446664463,0.2546511235926056,0.337423291529824,0.3888742925950388,0.3269829025724894
ELM_lp,PAC,1.0,6.0,54000,1000.0,3.0,1847.5036081184917,0.773587368954575,-0.0181240580130169,0.3819580475245777,0.7757847554115187,0.2529298727650934,0.3353109812869884,0.3866877272805941,0.3249761937775586
ELM_lp,PAC,1.0,6.0,54000,1000.0,4.0,1859.667985553265,0.7786808414075572,-0.0218106582307004,0.3839594962393947,0.7728224684813428,0.2542552177134858,0.3375187438680602,0.389414778657286,0.327062913412944
ELM_m_estimator,PAC,1.0,6.0,270,5.0,0.0,2562.815996591354,1.073103227082114,-0.2792606758534752,0.5706739129062395,0.5685510672133944,0.3778961619402595,0.4651359504245814,0.5097636253429487,0.4509319125692632
ELM_m_estimator,PAC,1.0,6.0,270,5.0,1.0,2828.3468859126465,1.1842864156526736,-0.2681725802354078,0.6605883728309548,0.4745155212929951,0.4374368708110079,0.5133282368531874,0.5478019766652091,0.4995223614431348
ELM_m_estimator,PAC,1.0,6.0,270,5.0,2.0,2371.5196153276806,0.9930035381710842,-0.1348853191625881,0.5595185495955047,0.6305565347337883,0.370509160563751,0.430416788288007,0.4603372183036696,0.4204210557184759
ELM_m_estimator,PAC,1.0,6.0,270,5.0,3.0,2626.6304177301345,1.0998236242348878,-0.2289959689611098,0.618452377797117,0.5467973032085277,0.4095347178604186,0.4767178905508565,0.5110501342810444,0.4657675808974398
ELM_m_estimator,PAC,1.0,6.0,270,5.0,4.0,2338.215300310248,0.979058343522502,-0.1721092299385954,0.5222109964706793,0.6408601946641788,0.3458043671284671,0.4243722520280972,0.4675200984210718,0.4125655725258787
ELM_m_estimator,PAC,1.0,6.0,540,10.0,0.0,2205.9780850041598,0.9236879296207416,-0.0844269212093977,0.5063847729056083,0.6803336411711467,0.3353243556753565,0.4003719793184271,0.4337557962894664,0.3898173770944167
ELM_m_estimator,PAC,1.0,6.0,540,10.0,1.0,2251.373417085454,0.9426958792416638,-0.1203351969797653,0.5231580814231328,0.6670418769835424,0.3464315199743733,0.4086109636858402,0.4388183196718176,0.397953601110677
ELM_m_estimator,PAC,1.0,6.0,540,10.0,2.0,2250.72707884631,0.9424252442639148,-0.1284558803901021,0.5125362782407474,0.667233024906245,0.3393978382785223,0.4084936571169879,0.4522025071195403,0.4000313341716835
ELM_m_estimator,PAC,1.0,6.0,540,10.0,3.0,2268.453736851397,0.9498477568188312,-0.1206676279258638,0.5196493563168866,0.6619706579264473,0.3441080674370015,0.4117109407339211,0.4535305829200862,0.4031165303636696
ELM_m_estimator,PAC,1.0,6.0,540,10.0,4.0,2270.6534299622585,0.95076881310184,-0.1374673778101099,0.5253091085159223,0.6613147738640441,0.3478559146491798,0.4121101720275933,0.4493799212663589,0.403115335981044
ELM_m_estimator,PAC,1.0,6.0,1350,25.0,0.0,2069.972881935881,0.8667397825408718,-0.0609177986995182,0.4589779207943985,0.7185353496857705,0.3039318790659709,0.3756878391085988,0.4200073028566152,0.3665423403437284
ELM_m_estimator,PAC,1.0,6.0,1350,25.0,1.0,2048.512234041368,0.8577537724092411,-0.0568513220124322,0.4464089559071391,0.7243413208799587,0.2956088008893843,0.3717928584043975,0.4175886123941793,0.3616634238959871
ELM_m_estimator,PAC,1.0,6.0,1350,25.0,2.0,2118.416666962521,0.8870241814650638,-0.0815040978211582,0.4756172148992458,0.705206898604662,0.3149502999844861,0.3844800996612487,0.4272002037558418,0.3755435344671922
ELM_m_estimator,PAC,1.0,6.0,1350,25.0,3.0,2086.1182940932263,0.8735001952711114,-0.0631013303417848,0.465474384475474,0.7141274799705247,0.3082337906055406,0.3786181359534724,0.4235228039908496,0.3701249101832875
ELM_m_estimator,PAC,1.0,6.0,1350,25.0,4.0,2114.720559824364,0.8854765461674564,-0.0634140875449462,0.4680781457484663,0.7062346816419204,0.3099579825992863,0.3838092780693496,0.4260688195149091,0.3732786933945151
ELM_m_estimator,PAC,1.0,6.0,2700,50.0,0.0,2031.9069754339157,0.8508008126095948,-0.0430981931665007,0.433120244416553,0.7287921915380584,0.2868091116871044,0.3687791021477267,0.4225304922787792,0.35937290203787
ELM_m_estimator,PAC,1.0,6.0,2700,50.0,1.0,2026.232608280471,0.8484248395736418,-0.0468696591552319,0.4230452692115234,0.7303048433108388,0.2801375355461261,0.3677492380597524,0.4229814291391855,0.3569560675816881
ELM_m_estimator,PAC,1.0,6.0,2700,50.0,2.0,2010.0807843729349,0.8416617421130781,-0.0341792130000033,0.4271192295204074,0.7345873790592952,0.2828352827706031,0.3648177775201293,0.4166320346132299,0.3547616983013208
ELM_m_estimator,PAC,1.0,6.0,2700,50.0,3.0,2028.8794883644,0.8495331421453214,-0.0421137705314646,0.42742022052724,0.7295997742187188,0.2830345968511807,0.3682296311449898,0.422856696816753,0.3580403082709745
ELM_m_estimator,PAC,1.0,6.0,2700,50.0,4.0,2031.719797075576,0.8507224372207095,-0.0443375056532473,0.4308973419379714,0.7288421563196961,0.2853371216486154,0.3687451303824025,0.4225529284939404,0.3588783935083194
ELM_m_estimator,PAC,1.0,6.0,5400,100.0,0.0,1972.8243656511152,0.8260617211934794,-0.041012005527751,0.4109833912616241,0.744334932321818,0.272150246693468,0.3580559578051602,0.4135184612188092,0.3479082219058125
ELM_m_estimator,PAC,1.0,6.0,5400,100.0,1.0,1970.5328085621643,0.8251021995928391,-0.0376551975763239,0.4171501491590751,0.7449285288383001,0.2762338294337297,0.3576400537426216,0.4105699026033161,0.3481479285932224
ELM_m_estimator,PAC,1.0,6.0,5400,100.0,2.0,1975.6104667392956,0.8272283184336557,-0.0404127106768297,0.4086694057838227,0.7436123016497287,0.270617942147789,0.3585616186795083,0.4163176316367479,0.3484990641546817
ELM_m_estimator,PAC,1.0,6.0,5400,100.0,3.0,1978.2097614571917,0.828316696043918,-0.0436885688375394,0.4097894551955388,0.7429372033874797,0.271359630814992,0.3590333753021648,0.4153642250329201,0.3485857437166923
ELM_m_estimator,PAC,1.0,6.0,5400,100.0,4.0,1964.5807517621624,0.8226099522491541,-0.0384915390995878,0.4148946904797053,0.7464671045903954,0.2747402809131602,0.3565597906256704,0.4098846179239692,0.3470615631542666
ELM_m_estimator,PAC,1.0,6.0,13500,250.0,0.0,1933.4487033659432,0.8095743298540649,-0.0400788844289341,0.3927620045433017,0.7544387387639673,0.2600841754216687,0.3509095079137241,0.4089235084867093,0.339972397274034
ELM_m_estimator,PAC,1.0,6.0,13500,250.0,1.0,1925.229832105216,0.8061329211518445,-0.0394586228778298,0.3895182781594384,0.7565220076318264,0.2579362031328991,0.3494178313749636,0.4072309141880322,0.3381949828986316
ELM_m_estimator,PAC,1.0,6.0,13500,250.0,2.0,1937.1387523258131,0.8111194284691017,-0.0344505475980367,0.3933136524831483,0.7535005211975306,0.260449472721047,0.3515792299820838,0.4099225471623345,0.3406504166218217
ELM_m_estimator,PAC,1.0,6.0,13500,250.0,3.0,1927.923579424399,0.8072608479889657,-0.037723084581829,0.3903915158860513,0.7558401908244758,0.2585144548768205,0.3499067305862913,0.4088997712446049,0.3391069855692389
ELM_m_estimator,PAC,1.0,6.0,13500,250.0,4.0,1929.2967765534163,0.8078358335800221,-0.0375194541744832,0.392342032212834,0.7554922528077326,0.2598060727640641,0.3501559577460154,0.4081151945940337,0.3393590750347044
ELM_m_estimator,PAC,1.0,6.0,27000,500.0,0.0,1911.5342890721429,0.8003983184940727,-0.0350142251073703,0.3836486946558189,0.7599737542174165,0.2540494071395276,0.3469321712910004,0.4052009074771488,0.3353941619692256
ELM_m_estimator,PAC,1.0,6.0,27000,500.0,1.0,1894.7100891324085,0.7933536835017767,-0.0316719980475746,0.3824449574498915,0.7641803001577445,0.2532523010167191,0.3438786784770373,0.400624230498458,0.3325850699974048
ELM_m_estimator,PAC,1.0,6.0,27000,500.0,2.0,1910.697139433391,0.8000477868991046,-0.0316879471881797,0.38446969284708,0.7601839454612571,0.2545930662387449,0.3467802335813146,0.4046992031954027,0.3353575010051541
ELM_m_estimator,PAC,1.0,6.0,27000,500.0,3.0,1892.123205834361,0.792270502805655,-0.0337561918650343,0.379806143170151,0.7648237987047423,0.2515048971739383,0.3434091744536993,0.4006015873531261,0.3318385529935879
ELM_m_estimator,PAC,1.0,6.0,27000,500.0,4.0,1909.1784743392843,0.7994118909098841,-0.0362400938654428,0.3840517999369777,0.7605650163554708,0.2543163405583551,0.3465046048460237,0.4041469492866195,0.3349892982303328
ELM_m_estimator,PAC,1.0,6.0,54000,1000.0,0.0,1892.0478597701535,0.7922389538748086,-0.0264571720219411,0.3775375281394548,0.764842528191599,0.2500026366121156,0.3433954995885382,0.4011182362988559,0.3315054574998366
ELM_m_estimator,PAC,1.0,6.0,54000,1000.0,1.0,1888.3741830423808,0.790700710646628,-0.0298105174266063,0.3777254503557222,0.76575482419165,0.2501270773525537,0.3427287489835015,0.3997751596312396,0.3308769953224316
ELM_m_estimator,PAC,1.0,6.0,54000,1000.0,2.0,1897.6511049993344,0.794585146713297,-0.0269302493528128,0.3795485990827802,0.7634476416309555,0.2513343533310417,0.3444124554677756,0.4023786992111173,0.3327085026699782
ELM_m_estimator,PAC,1.0,6.0,54000,1000.0,3.0,1877.5895015800136,0.786184944982721,-0.0242109530152909,0.3757027853641098,0.7684227761001702,0.2487876831382139,0.3407713930638036,0.397708633543393,0.3290892365818035
ELM_m_estimator,PAC,1.0,6.0,54000,1000.0,4.0,1886.7669262819363,0.7900277195233182,-0.0276021457334024,0.3765127865797515,0.7661534018924442,0.2493240601192452,0.3424370413845791,0.3996261845863548,0.3304624286967264
ELM_mae,PAC,1.0,6.0,270,5.0,0.0,2531.801564286747,1.0601168529388048,-0.254086884127525,0.5687988952371648,0.5789304127753938,0.3766545387213094,0.4595070143378436,0.5020517890646267,0.4460711140412599
ELM_mae,PAC,1.0,6.0,270,5.0,1.0,2787.969717600678,1.1673796733529376,-0.2253288049067384,0.6562602055386326,0.4894119439804447,0.4345707895498645,0.5060000195394122,0.5375243311402619,0.4926983800765128
ELM_mae,PAC,1.0,6.0,270,5.0,2.0,2360.4180158041468,0.9883550724637052,-0.1200824471614034,0.5593159602887607,0.6340073293779434,0.3703750073814568,0.4284019136140233,0.4571795479193788,0.418652156304953
ELM_mae,PAC,1.0,6.0,270,5.0,3.0,2619.3000219215014,1.096754238290483,-0.2189962449658445,0.6186940022862967,0.5493233680816754,0.409694719859856,0.4753874670534335,0.5088190317912958,0.4646337395681951
ELM_mae,PAC,1.0,6.0,270,5.0,4.0,2324.9476135379023,0.9735028929906436,-0.155646259405203,0.5214182721342149,0.6449243504352613,0.3452794307726051,0.4219642453257047,0.4642570109892609,0.4105002290291903
ELM_mae,PAC,1.0,6.0,540,10.0,0.0,2199.8260462400326,0.921111945757796,-0.0724629992405382,0.5073988358661793,0.6821141281256561,0.3359958608766614,0.3992554206574046,0.4317097904382759,0.3889870239907806
ELM_mae,PAC,1.0,6.0,540,10.0,1.0,2237.250678112287,0.9367824009476696,-0.1054232302056369,0.5215825579261221,0.67120603034306,0.3453882196427794,0.4060477700645973,0.435554329927696,0.3956634398783576
ELM_mae,PAC,1.0,6.0,540,10.0,2.0,2246.777364166936,0.9407714183263028,-0.1220961899182499,0.513332213092798,0.6683999201562023,0.3399249006147217,0.407776807255843,0.4505552311117631,0.3994189796607759
ELM_mae,PAC,1.0,6.0,540,10.0,3.0,2260.48190624432,0.946509789067114,-0.1128328081669076,0.5195845268396484,0.6643422978799716,0.3440651378233029,0.4102641006131404,0.4512503366721546,0.4018598583695327
ELM_mae,PAC,1.0,6.0,540,10.0,4.0,2259.207138782297,0.9459760179812872,-0.1246759755314271,0.5248470460995185,0.6647207701568807,0.3475499402392991,0.4100327378559989,0.4463602443143995,0.4013143074698992
ELM_mae,PAC,1.0,6.0,1350,25.0,0.0,2060.914881737587,0.8629470134709785,-0.0570468133836898,0.460714648267118,0.7209932839741053,0.3050819275112111,0.3740438656291203,0.4163893027989163,0.3651716986464159
ELM_mae,PAC,1.0,6.0,1350,25.0,1.0,2035.8614258438704,0.8524566214940028,-0.0530956009000488,0.4482179075517428,0.7277355275685748,0.2968066756619492,0.3694968115159714,0.4129849858728623,0.359762824350261
ELM_mae,PAC,1.0,6.0,1350,25.0,2.0,2095.864533570156,0.8775811441369364,-0.0587859202318598,0.4686043737071975,0.7114500762020171,0.3103064469699415,0.380387020792726,0.4217890428971713,0.3708275035532796
ELM_mae,PAC,1.0,6.0,1350,25.0,3.0,2075.0715085381225,0.8688746812881206,-0.0594571562536923,0.4667277230592278,0.7171470700910355,0.3090637424041083,0.3766132096906647,0.41944721113693,0.3683747210772343
ELM_mae,PAC,1.0,6.0,1350,25.0,4.0,2100.433947281017,0.8794944506737776,-0.0546829975171405,0.4684386317231324,0.710190508838559,0.3101966938197903,0.3812163423640413,0.4220468540073852,0.3711532967304056
ELM_mae,PAC,1.0,6.0,2700,50.0,0.0,2011.916342088816,0.8424303274937793,-0.0414668088653071,0.43662246986239,0.7341024208141365,0.2891282601960862,0.3651509203926067,0.4152392632928205,0.3565061479605045
ELM_mae,PAC,1.0,6.0,2700,50.0,1.0,1999.820390257928,0.8373655062340324,-0.0466940674323319,0.4254733487018714,0.7372900443188062,0.2817453923265693,0.3629555766540656,0.4143145694813399,0.3530051794873249
ELM_mae,PAC,1.0,6.0,2700,50.0,2.0,1984.8163498375789,0.8310830090841153,-0.0295346736350278,0.4294582822137674,0.7412173210763187,0.2843841866461899,0.3602324320309595,0.4081513190698229,0.3509226459156574
ELM_mae,PAC,1.0,6.0,2700,50.0,3.0,2007.2797358745272,0.8404888860879665,-0.0415896720786719,0.4295030858491155,0.7353265688884522,0.2844138552913761,0.3643094037792033,0.4155286435165753,0.3547506341957183
ELM_mae,PAC,1.0,6.0,2700,50.0,4.0,2012.614653839557,0.8427227248388195,-0.0416050271024844,0.4334323133137105,0.7339178091345271,0.2870157614670044,0.3652776598465143,0.4158926347934237,0.3560620187023142
ELM_mae,PAC,1.0,6.0,5400,100.0,0.0,1946.9857727764036,0.8152425763801208,-0.0396059314825895,0.4141242019463898,0.7509880995212788,0.2742300689462664,0.3533664059721773,0.4046512097085472,0.3440825615423303
ELM_mae,PAC,1.0,6.0,5400,100.0,1.0,1943.566835487972,0.8138109977407306,-0.0365512747742289,0.4198475629695897,0.7518618692082011,0.2780200374644542,0.3527458890692034,0.4013710010833974,0.3440456425390183
ELM_mae,PAC,1.0,6.0,5400,100.0,2.0,1944.6232803444325,0.8142533527073806,-0.0367273596475349,0.4123795953181085,0.7515920400541722,0.2730748029808649,0.3529376275642942,0.405900829908224,0.3439710868177943
ELM_mae,PAC,1.0,6.0,5400,100.0,3.0,1947.1121501879331,0.8152954931748978,-0.0418967566861149,0.4137351285816826,0.7509557721142756,0.2739724273616226,0.3533893427251484,0.4047052241311836,0.3440223314059848
ELM_mae,PAC,1.0,6.0,5400,100.0,4.0,1938.8650428522687,0.8118422614533208,-0.0333522962075877,0.4178426060909147,0.7530609870434087,0.276692369435179,0.3518925415057358,0.4010994886612647,0.3432281332007265
ELM_mae,PAC,1.0,6.0,13500,250.0,0.0,1903.380550082187,0.796984181999473,-0.0362586212150702,0.397888591927625,0.7620170733406542,0.2634789647270376,0.3454523158742825,0.3977269921270231,0.3355527575761144
ELM_mae,PAC,1.0,6.0,13500,250.0,1.0,1894.4059008739648,0.7932263136858357,-0.0357305842984218,0.3949977930866921,0.7642560139315199,0.2615646985196223,0.3438234701066793,0.3961178715562104,0.333835346727504
ELM_mae,PAC,1.0,6.0,13500,250.0,2.0,1904.0804725934452,0.7972772538027307,-0.0328033511359606,0.398509673683345,0.7618420161418775,0.2638902406000531,0.3455793476717002,0.3980851487043024,0.3358515789920186
ELM_mae,PAC,1.0,6.0,13500,250.0,3.0,1896.6049141122123,0.7941470852923413,-0.0329408113372451,0.3962242530865364,0.7637083963106792,0.2623768515131841,0.3442225780074919,0.39744301222728,0.3346808139159853
ELM_mae,PAC,1.0,6.0,13500,250.0,4.0,1900.980803146131,0.7959793591075106,-0.0351626969570857,0.398407819038754,0.762616783980407,0.2638227931867472,0.3450167759941798,0.3971790155055038,0.3353395282288103
ELM_mae,PAC,1.0,6.0,27000,500.0,0.0,1881.1200484737203,0.7876632568357922,-0.0311679248306909,0.3876591434542403,0.7675510595357644,0.2567050974984285,0.3414121664502297,0.3951839044420085,0.3311003894635556
ELM_mae,PAC,1.0,6.0,27000,500.0,1.0,1867.275296142124,0.7818661772073877,-0.0268506330835179,0.387053199228128,0.7709600448299296,0.2563038455886792,0.3388994257608025,0.3909395536681878,0.3287142750058898
ELM_mae,PAC,1.0,6.0,27000,500.0,2.0,1878.5044585885616,0.7865680561072887,-0.0299055447538734,0.3889901829616655,0.7681970240605226,0.2575865022899762,0.3409374523510621,0.3935415166234789,0.3306884904215058
ELM_mae,PAC,1.0,6.0,27000,500.0,3.0,1863.5577433774945,0.7803095621894238,-0.0294450046874665,0.3842844346502773,0.771871126905137,0.2544703895928419,0.3382247119144985,0.3906149156829761,0.3277700057301055
ELM_mae,PAC,1.0,6.0,27000,500.0,4.0,1880.75478842433,0.7875103150177895,-0.0332487745803502,0.3891255044217824,0.7676413207272725,0.2576761111878946,0.3413458739109091,0.3940622317706522,0.3310280722898187
ELM_mae,PAC,1.0,6.0,54000,1000.0,0.0,1858.0063798008357,0.7779850932549619,-0.0241846391100838,0.3803525662561081,0.7732282515113592,0.251866734612638,0.3372171722484374,0.3899961414705173,0.3263600161105309
ELM_mae,PAC,1.0,6.0,54000,1000.0,1.0,1861.6049300406687,0.7794918794933492,-0.02634555864122,0.3816452213138206,0.7723489867325758,0.2527227214975729,0.3378702878401076,0.390499676417059,0.3270308952515798
ELM_mae,PAC,1.0,6.0,54000,1000.0,2.0,1863.801475987069,0.7804116179945332,-0.0240780962307653,0.3826918723045679,0.7718114495682296,0.2534158062581503,0.338268947942038,0.3908736579258681,0.3275194707086855
ELM_mae,PAC,1.0,6.0,54000,1000.0,3.0,1852.522834278121,0.7756890211202074,-0.0211011623834765,0.3798173962281889,0.7745648219618807,0.2515123488680607,0.3362219411581849,0.3888497908953262,0.3255280269738572
ELM_mae,PAC,1.0,6.0,54000,1000.0,4.0,1860.3437451789027,0.7789637957187401,-0.0235849973672646,0.3810158293523705,0.7726573365361217,0.2523059426660738,0.3376413902446036,0.3902442268262427,0.3267305199123067
ELM_ols,PAC,1.0,6.0,270,5.0,0.0,2418.8435506404803,1.0128190332241565,-0.1765415418480796,0.5543578303109163,0.6156648498337483,0.3670917693594375,0.4390058027388405,0.4754155548224028,0.4271710423068937
ELM_ols,PAC,1.0,6.0,270,5.0,1.0,2745.505897889813,1.1495992076360972,-0.1660901752434641,0.6524095911317461,0.5048471206459706,0.4320209403758173,0.4982930873343137,0.5267629469767353,0.4856923248956221
ELM_ols,PAC,1.0,6.0,270,5.0,2.0,2304.953992932185,0.9651311570479983,-0.0651483874348092,0.5517061475301586,0.6510051089307051,0.3653358440878084,0.4183355214004453,0.4442417609205583,0.409304375469604
ELM_ols,PAC,1.0,6.0,270,5.0,3.0,2529.303665571007,1.059070931898687,-0.1469739123569167,0.6073062886048622,0.5797608651643595,0.402153857738486,0.4590536604900623,0.4871156396248813,0.4494410526178098
ELM_ols,PAC,1.0,6.0,270,5.0,4.0,2290.101785411928,0.9589122354240972,-0.1071624100693907,0.5190182318017682,0.6554881874262779,0.3436901413209205,0.4156399335509756,0.4558882601441228,0.405072778338673
ELM_ols,PAC,1.0,6.0,540,10.0,0.0,2184.608677925776,0.9147401238761448,-0.0434542263921278,0.5076190694266641,0.6864968883111644,0.3361416979569194,0.3964935582828811,0.4277614091323505,0.3867988884573837
ELM_ols,PAC,1.0,6.0,540,10.0,1.0,2203.2212728965465,0.9225335962729424,-0.0651363497083063,0.5178410161536678,0.6811321164042219,0.3429105975830132,0.3998716342208774,0.4276767001911519,0.3901529773316808
ELM_ols,PAC,1.0,6.0,540,10.0,2.0,2229.4246469598447,0.9335054823955375,-0.0909806272467641,0.5134466040728594,0.6735022874036082,0.3400006494992389,0.4046273916827762,0.4458092601923118,0.3968124337914423
ELM_ols,PAC,1.0,6.0,540,10.0,3.0,2204.564495276071,0.9230960308262128,-0.0501626219360946,0.517922970487489,0.6807431940157695,0.3429648671536121,0.4001154211407977,0.4362076049840172,0.3930959644261424
ELM_ols,PAC,1.0,6.0,540,10.0,4.0,2211.6420635640607,0.9260595527411054,-0.0688404611251046,0.5216798106973574,0.6786900094372017,0.345452619728637,0.4013999579380971,0.4340855517291259,0.3936460431319533
ELM_ols,PAC,1.0,6.0,1350,25.0,0.0,2046.7574882437964,0.8570190246237633,-0.0454727448004884,0.4645001364444872,0.7248133744303238,0.3075886505643342,0.3714743824172831,0.4103020537955461,0.3631216955923879
ELM_ols,PAC,1.0,6.0,1350,25.0,1.0,2017.045146768464,0.8445778624163507,-0.0402139779715832,0.4524108033218205,0.7327450333839898,0.2995831810936741,0.3660817681172905,0.4054158196336671,0.3570269229482106
ELM_ols,PAC,1.0,6.0,1350,25.0,2.0,2081.0383718237576,0.8713731284087446,-0.0413133439626751,0.472185831394416,0.7155180454441072,0.3126780624994806,0.3776961600972132,0.4162092363609701,0.368861152985888
ELM_ols,PAC,1.0,6.0,1350,25.0,3.0,2055.0244771794737,0.8604805811759804,-0.0438003039829915,0.4691209968453357,0.7225858910390706,0.3106485510974592,0.3729747920295456,0.4122641356822343,0.3652958262697464
ELM_ols,PAC,1.0,6.0,1350,25.0,4.0,2079.99583724051,0.8709365979566498,-0.0400560540325018,0.4706533840050854,0.715803007019796,0.3116632868566722,0.3775069462344644,0.4153855032253008,0.3681852454388125
ELM_ols,PAC,1.0,6.0,2700,50.0,0.0,1988.100788373609,0.8324582703579854,-0.0313190748237454,0.4451463575603319,0.7403601545691993,0.294772717342301,0.3608285382056125,0.4042555880555591,0.3532856145344909
ELM_ols,PAC,1.0,6.0,2700,50.0,1.0,1967.7621883919444,0.8239420845281461,-0.0354442617234477,0.4331830141096768,0.7456452987760496,0.2868506773265724,0.3571372025633504,0.4017047422444059,0.3485642073781096
ELM_ols,PAC,1.0,6.0,2700,50.0,2.0,1956.1148222156944,0.8190650952135152,-0.0177754912710908,0.4359677445420459,0.7486474852405853,0.2886947057964761,0.3550232744688096,0.3964310715829247,0.3467163506160701
ELM_ols,PAC,1.0,6.0,2700,50.0,3.0,1980.6203784819024,0.8293260704632742,-0.0322789022502477,0.4358891918134482,0.7423103158526919,0.2886426887443986,0.3594708880390878,0.4046211442704869,0.3509115736846578
ELM_ols,PAC,1.0,6.0,2700,50.0,4.0,1989.457770676542,0.8330264664712871,-0.0302291018293799,0.4404114064979842,0.7400055981824234,0.2916372667934512,0.3610748224702743,0.4058652389628887,0.3528591094088715
ELM_ols,PAC,1.0,6.0,5400,100.0,0.0,1921.1292395889932,0.8044159195926379,-0.0315111195692143,0.4230755873197472,0.7575580821353124,0.2801576119794026,0.3486735980785139,0.3923902446198535,0.3404071515592566
ELM_ols,PAC,1.0,6.0,5400,100.0,1.0,1939.788068119009,0.8122287509218331,-0.0329819499367657,0.4275868167192649,0.7528258131677579,0.2831449156517011,0.3520600651341517,0.3964195353728232,0.3438748387195587
ELM_ols,PAC,1.0,6.0,5400,100.0,2.0,1911.958138688888,0.8005757929565905,-0.0256927040883678,0.4221544735842811,0.7598672990919646,0.2795476570866506,0.3470090974903781,0.391620364005682,0.3393923728609036
ELM_ols,PAC,1.0,6.0,5400,100.0,3.0,1916.6851822369067,0.8025551023150007,-0.0319070638100935,0.4234730760709584,0.758678443625129,0.2804208261724821,0.3478670279451319,0.3909132815986974,0.3397337119054371
ELM_ols,PAC,1.0,6.0,5400,100.0,4.0,1913.0986404970947,0.8010533442800204,-0.0223249626144992,0.4258162589406916,0.7595807306178387,0.2819724650211669,0.3472160918252139,0.3892827224178451,0.3394904264214086
ELM_ols,PAC,1.0,6.0,13500,250.0,0.0,1877.2345076958636,0.7860363018170848,-0.0259540281491947,0.4056678696392332,0.7685103359492068,0.2686303464941014,0.3407069637727742,0.3863694849339167,0.3319022650669307
ELM_ols,PAC,1.0,6.0,13500,250.0,1.0,1880.8903896382471,0.787567094006388,-0.0274568451215749,0.4089617415627843,0.7676078136959199,0.2708115247987022,0.3413704847294767,0.3861245647762147,0.3327688581014645
ELM_ols,PAC,1.0,6.0,13500,250.0,2.0,1874.597651900528,0.7849321966190964,-0.0227545761979005,0.4055907213677251,0.769160202715864,0.2685792594634104,0.3402283900366468,0.3860203662376671,0.3316093385792414
ELM_ols,PAC,1.0,6.0,13500,250.0,3.0,1874.353625772137,0.7848300179116836,-0.021564218254896,0.4062923814490676,0.7692202980387264,0.2690438937242891,0.3401841007371776,0.386274098303542,0.3318340309216696
ELM_ols,PAC,1.0,6.0,13500,250.0,4.0,1878.5191803837947,0.7865742204226333,-0.0245442166096494,0.4074298782015944,0.7681933907773514,0.2697971358951294,0.3409401242698525,0.3864462994114031,0.332394519858795
ELM_ols,PAC,1.0,6.0,27000,500.0,0.0,1859.577869065327,0.7786431077996243,-0.0177401205830014,0.3994791844474717,0.7728444852557428,0.2645322436572061,0.337502388258324,0.3836452722212162,0.3285599680455821
ELM_ols,PAC,1.0,6.0,27000,500.0,1.0,1853.2495336532409,0.7759933049414401,-0.0191192375930129,0.3978751287979598,0.7743879218643772,0.2634700495393741,0.3363538327980719,0.3818831911988351,0.3272356911787604
ELM_ols,PAC,1.0,6.0,27000,500.0,2.0,1865.7629112646923,0.7812329108727306,-0.0230759686012937,0.3994269314984223,0.7713309127835317,0.264497642130048,0.3386249368477055,0.3851335652851316,0.329418714754295
ELM_ols,PAC,1.0,6.0,27000,500.0,3.0,1848.123524597546,0.7738469406035267,-0.0196487031243864,0.3950944966124987,0.7756342625586741,0.2616287348991061,0.3354234924626063,0.3813543874484604,0.3261355382700576
ELM_ols,PAC,1.0,6.0,27000,500.0,4.0,1865.3625181139969,0.7810652581100334,-0.024169055606074,0.3998400383013244,0.7714290471301954,0.2647711984846624,0.3385522678582267,0.3850398531681028,0.3294544398369973
ELM_ols,PAC,1.0,6.0,54000,1000.0,0.0,1866.9921428407345,0.781747615156158,-0.0152091774957261,0.395047712463736,0.7710295027212324,0.2615977547721768,0.3388480351107781,0.3869064203805689,0.3291174034211746
ELM_ols,PAC,1.0,6.0,54000,1000.0,1.0,1858.771888961148,0.7783056275232765,-0.0144453849583973,0.3958190360469326,0.7730413505255574,0.2621085197030979,0.3373561076348695,0.3840704046148563,0.3278450106509412
ELM_ols,PAC,1.0,6.0,54000,1000.0,2.0,1868.1991189886403,0.782253000638788,-0.0185246655657489,0.3983924768838892,0.7707333565791004,0.2638126337221069,0.3390670941452319,0.3858649746988428,0.3295815675220605
ELM_ols,PAC,1.0,6.0,54000,1000.0,3.0,1854.8317986066893,0.7766558314864216,-0.0140883852797828,0.3947931576534089,0.7740025118394847,0.2614291904070455,0.3366410045317917,0.3835496014828747,0.3272065988072373
ELM_ols,PAC,1.0,6.0,54000,1000.0,4.0,1859.088717883208,0.7784382902423901,-0.0136579164790307,0.3947887399866948,0.7729639734218945,0.2614262650599108,0.3374136102109344,0.3841007799565039,0.327646885075783
ELM_ridge,PAC,1.0,6.0,270,5.0,0.0,2423.987662143281,1.0149729774251712,-0.1799316713037559,0.5551136777438219,0.6140283941327818,0.3675922860949104,0.439939428561423,0.476616709470934,0.4280494747090891
ELM_ridge,PAC,1.0,6.0,270,5.0,1.0,2745.5391684022643,1.1496131386769233,-0.166157915345815,0.6524145217988778,0.5048351198778296,0.43202420542814,0.4982991257356078,0.5267720576842063,0.485698462949318
ELM_ridge,PAC,1.0,6.0,270,5.0,2.0,2307.134798919663,0.9660443049079752,-0.0671935864972159,0.5522484561662468,0.6503444014295848,0.3656949569673882,0.4187313247928957,0.4446657622057617,0.4096973479886818
ELM_ridge,PAC,1.0,6.0,270,5.0,3.0,2533.8158305542934,1.0609602672279232,-0.1499484669555756,0.6081373097250999,0.5782601519899381,0.4027041539492061,0.4598725917558124,0.4881010587188046,0.4502259348079411
ELM_ridge,PAC,1.0,6.0,270,5.0,4.0,2290.24089393327,0.9589704829937102,-0.1073000824902247,0.5190595882789273,0.655446332531717,0.3437175272827392,0.4156651809251034,0.4559059852753364,0.4050962311610597
ELM_ridge,PAC,1.0,6.0,540,10.0,0.0,2184.727480086252,0.914789868759102,-0.0435389628826262,0.5076859647770062,0.686462789884224,0.3361859955769336,0.3965151201725755,0.4277647104440086,0.386821942064506
ELM_ridge,PAC,1.0,6.0,540,10.0,1.0,2203.3420260859143,0.9225841580914124,-0.0652348947251771,0.5178879950612884,0.6810971627029583,0.3429417066778578,0.3998935502107799,0.4276885546741997,0.3901746038542791
ELM_ridge,PAC,1.0,6.0,540,10.0,2.0,2230.3853702008,0.9339077567732428,-0.09189814625534,0.5138838614761687,0.6732208322518478,0.3402901982077984,0.4048017572706182,0.4459155934318053,0.3970025163034074
ELM_ridge,PAC,1.0,6.0,540,10.0,3.0,2204.737391848358,0.9231684261405544,-0.0502717394693247,0.5179929590599786,0.6806931155789036,0.3430112130830918,0.4001468008463962,0.4362268747322553,0.3931282962205811
ELM_ridge,PAC,1.0,6.0,540,10.0,4.0,2211.8942100532686,0.9261651316088924,-0.0689810991585452,0.5217712937562616,0.6786167409768704,0.3455131991524737,0.401445721035042,0.4341162757816205,0.3936917319897121
ELM_ridge,PAC,1.0,6.0,1350,25.0,0.0,2046.9065667799612,0.8570814468415348,-0.0455241688229757,0.4645471515183809,0.7247732857402036,0.3076197836082249,0.3715014392901524,0.410324185663562,0.3631484695206464
ELM_ridge,PAC,1.0,6.0,1350,25.0,1.0,2017.1552566112327,0.8446239676489408,-0.0402454460138422,0.4524473660099689,0.732715853863029,0.2996073926428776,0.3661017524027154,0.405432810177183,0.357047318407592
ELM_ridge,PAC,1.0,6.0,1350,25.0,2.0,2081.1418761834034,0.8714164677910884,-0.0413660695930989,0.4722317052074032,0.7154897462496378,0.3127084398086047,0.377714945526507,0.4162197791545013,0.368881054829871
ELM_ridge,PAC,1.0,6.0,1350,25.0,3.0,2055.128129275334,0.8605239824184844,-0.0438597543306785,0.4691701362600886,0.7225579056994305,0.3106810908645928,0.3729936042720888,0.4122751024116727,0.3653165991827847
ELM_ridge,PAC,1.0,6.0,1350,25.0,4.0,2080.076757809752,0.8709704810462302,-0.040063824303261,0.4706997092848304,0.7157808936776591,0.3116939631238373,0.3775216328393292,0.4153882611931727,0.3682012857187797
ELM_ridge,PAC,1.0,6.0,2700,50.0,0.0,1988.148886371008,0.8324784099685908,-0.0313508763031157,0.4451952722743596,0.7403475915163141,0.2948051083142299,0.3608372677077552,0.4042482746468855,0.3532968835562902
ELM_ridge,PAC,1.0,6.0,2700,50.0,1.0,1967.8901851001076,0.8239956793553863,-0.0354595109716724,0.4332410237127016,0.7456122077617946,0.2868890908686022,0.3571604332090862,0.401718645854868,0.3485893899775188
ELM_ridge,PAC,1.0,6.0,2700,50.0,2.0,1957.06202360829,0.8194617077180584,-0.0182573500993747,0.4363138285608334,0.7484040035268265,0.2889238801453484,0.355195185921124,0.3965581482142777,0.34689240476025
ELM_ridge,PAC,1.0,6.0,2700,50.0,3.0,1980.7159788498705,0.8293661002834068,-0.0323149812833167,0.4359257929442459,0.7422854389773059,0.288666925750048,0.3594882389406253,0.4046314886209551,0.3509288844372095
ELM_ridge,PAC,1.0,6.0,2700,50.0,4.0,1989.558772317766,0.8330687579144817,-0.0302772132538117,0.4404680537747753,0.7399791984987854,0.2916747782128443,0.3610931536709721,0.4058644915300059,0.3528774744712741
ELM_ridge,PAC,1.0,6.0,5400,100.0,0.0,1921.227440910932,0.8044570384851435,-0.0315434693865968,0.4231171824994344,0.7575332959576516,0.2801851560083191,0.3486914210378186,0.3924052221240734,0.3404272663900704
ELM_ridge,PAC,1.0,6.0,5400,100.0,1.0,1939.8654425741256,0.8122611491812437,-0.0330210582242719,0.4276292277355102,0.752806094158482,0.2831729999217205,0.3520741081402696,0.3964273122636393,0.3438914734418765
ELM_ridge,PAC,1.0,6.0,5400,100.0,2.0,1912.090205669738,0.8006310920898602,-0.0257240096736856,0.4222307878811531,0.7598341239973155,0.2795981918653339,0.3470330668665405,0.3916287609009388,0.3394200065442711
ELM_ridge,PAC,1.0,6.0,5400,100.0,3.0,1917.8761346030544,0.8030537783140242,-0.0322293474390301,0.4239282711796839,0.7583784551121504,0.2807222531005947,0.3480831787579391,0.3910633418143484,0.3399562578909607
ELM_ridge,PAC,1.0,6.0,5400,100.0,4.0,1913.2102920982884,0.8011000950782475,-0.0223747352126496,0.425877254736191,0.7595526672664539,0.2820128559983825,0.3472363559306771,0.3892862833465246,0.339511831758528
ELM_ridge,PAC,1.0,6.0,13500,250.0,0.0,1878.2251569169969,0.7864511068118712,-0.0264492836040509,0.4066990967214744,0.7682659492581916,0.269313217653365,0.3408867607490776,0.3863740389419802,0.3321913391148076
ELM_ridge,PAC,1.0,6.0,13500,250.0,1.0,1866.532414190744,0.7815551174120582,-0.0244850903324657,0.4049014497286037,0.7711422523520765,0.2681228287398965,0.3387645970790056,0.3838328174573117,0.3302400810920713
ELM_ridge,PAC,1.0,6.0,13500,250.0,2.0,1876.3033136537408,0.7856463919160344,-0.024577531299078,0.4070005670414178,0.7687399378778377,0.2695128491316384,0.3405379575599253,0.3859810767874795,0.3320106278263477
ELM_ridge,PAC,1.0,6.0,13500,250.0,3.0,1874.9265274021627,0.785069903486301,-0.024159564220821,0.4073112103895764,0.7690791995059638,0.2697185549232411,0.3402880789956776,0.3862792534377144,0.3320952957855443
ELM_ridge,PAC,1.0,6.0,13500,250.0,4.0,1878.3771158509155,0.7865147351108163,-0.0249060360249072,0.4078120821665022,0.7682284505763312,0.2700502286126175,0.3409143403971085,0.3863047274009569,0.332423098803561
ELM_ridge,PAC,1.0,6.0,27000,500.0,0.0,1856.847437055938,0.7774998203359513,-0.0222914344392629,0.3998398146997522,0.7735110637870787,0.264771050417309,0.3370068309926264,0.3828078289023576,0.3281952367707644
ELM_ridge,PAC,1.0,6.0,27000,500.0,1.0,1847.8124407960129,0.7737166834833267,-0.0211221598486513,0.3968895870054527,0.7757097885409869,0.262817430850492,0.3353670325919483,0.3808149675935879,0.326333143678676
ELM_ridge,PAC,1.0,6.0,27000,500.0,2.0,1861.833437693224,0.7795875602990316,-0.0242450253778541,0.399200777084996,0.7722930960433424,0.2643478843035436,0.3379117606279674,0.3842295114674529,0.3288297187996546
ELM_ridge,PAC,1.0,6.0,27000,500.0,3.0,1843.379645459048,0.7718605818406732,-0.0218976964405234,0.3945733977084308,0.7767846162975903,0.2612836669515708,0.3345625064477228,0.3803047420219321,0.3253836384737419
ELM_ridge,PAC,1.0,6.0,27000,500.0,4.0,1853.456560748576,0.7760799914005513,-0.0212171532753808,0.3976165455794598,0.7743375126547882,0.2632988175913153,0.3363914069918027,0.3819814632900684,0.3272238959577289
ELM_ridge,PAC,1.0,6.0,54000,1000.0,0.0,1845.070312517918,0.7725684985538545,-0.0189687918015721,0.3911513540911434,0.7763749817909718,0.2590176142729414,0.3348693525226361,0.3817444600450047,0.3252104756135274
ELM_ridge,PAC,1.0,6.0,54000,1000.0,1.0,1839.7538297696728,0.7703423790035409,-0.0184247268358533,0.3921374556287273,0.7776618548883133,0.2596706036209889,0.3339044423381711,0.3798581120205529,0.3244777193265709
ELM_ridge,PAC,1.0,6.0,54000,1000.0,2.0,1853.6419818042311,0.7761576309710305,-0.0182689695490164,0.3932566317206074,0.7742923595387224,0.2604117139820758,0.33642505981708,0.3835367227963709,0.3267911655318422
ELM_ridge,PAC,1.0,6.0,54000,1000.0,3.0,1844.1216558902088,0.7721712767127464,-0.0188197018518644,0.3932346201809281,0.7766048796075095,0.2603971380987647,0.334697176953753,0.381180640251631,0.3254249851013829
ELM_ridge,PAC,1.0,6.0,54000,1000.0,4.0,1846.432662213899,0.7731389421038853,-0.0214581903082639,0.3917681813274359,0.7760446226191198,0.2594260728337824,0.3351166109374008,0.3819426974114602,0.3254951270608812
ELM_robust_risk,PAC,1.0,6.0,270,5.0,0.0,2423.987662143281,1.0149729774251712,-0.1799316713037559,0.5551136777438219,0.6140283941327818,0.3675922860949104,0.439939428561423,0.476616709470934,0.4280494747090891
ELM_robust_risk,PAC,1.0,6.0,270,5.0,1.0,2745.5058978898123,1.149599207636097,-0.1660901752434638,0.652409591131746,0.5048471206459708,0.4320209403758172,0.4982930873343136,0.5267629469767352,0.485692324895622
ELM_robust_risk,PAC,1.0,6.0,270,5.0,2.0,2313.9067479819923,0.9688798578318244,-0.0731323039566123,0.5538838015157984,0.6482887564931695,0.3667778708996113,0.419960393507748,0.4460145001204366,0.4109175881759319
ELM_robust_risk,PAC,1.0,6.0,270,5.0,3.0,2533.8158305542934,1.0609602672279232,-0.1499484669555756,0.6081373097250999,0.5782601519899381,0.4027041539492061,0.4598725917558124,0.4881010587188046,0.4502259348079411
ELM_robust_risk,PAC,1.0,6.0,270,5.0,4.0,2290.1017854119277,0.958912235424097,-0.1071624100693901,0.519018231801768,0.6554881874262781,0.3436901413209204,0.4156399335509755,0.4558882601441227,0.4050727783386729
ELM_robust_risk,PAC,1.0,6.0,540,10.0,0.0,2184.608677925776,0.914740123876145,-0.043454226392128,0.5076190694266643,0.6864968883111644,0.3361416979569195,0.3964935582828812,0.4277614091323505,0.3867988884573837
ELM_robust_risk,PAC,1.0,6.0,540,10.0,1.0,2203.221272896548,0.922533596272943,-0.0651363497083065,0.5178410161536681,0.6811321164042217,0.3429105975830133,0.3998716342208775,0.4276767001911521,0.390152977331681
ELM_robust_risk,PAC,1.0,6.0,540,10.0,2.0,2230.3853702008,0.9339077567732428,-0.09189814625534,0.5138838614761687,0.6732208322518478,0.3402901982077984,0.4048017572706182,0.4459155934318053,0.3970025163034074
ELM_robust_risk,PAC,1.0,6.0,540,10.0,3.0,2204.564495276071,0.9230960308262128,-0.0501626219360951,0.5179229704874889,0.6807431940157695,0.342964867153612,0.4001154211407977,0.4362076049840172,0.3930959644261423
ELM_robust_risk,PAC,1.0,6.0,540,10.0,4.0,2211.64206356406,0.9260595527411052,-0.0688404611251044,0.5216798106973569,0.6786900094372019,0.3454526197286368,0.401399957938097,0.4340855517291259,0.3936460431319532
ELM_robust_risk,PAC,1.0,6.0,1350,25.0,0.0,2046.7589799210089,0.8570196492193771,-0.0454732594255789,0.464500605939841,0.7248129733180566,0.3075889614607818,0.3714746531478775,0.4103022753130259,0.3631219633072284
ELM_robust_risk,PAC,1.0,6.0,1350,25.0,1.0,2017.045146768464,0.8445778624163505,-0.040213977971582,0.4524108033218206,0.7327450333839899,0.2995831810936742,0.3660817681172904,0.4054158196336669,0.3570269229482106
ELM_robust_risk,PAC,1.0,6.0,1350,25.0,2.0,2081.0383718237586,0.871373128408745,-0.0413133439626783,0.472185831394416,0.715518045444107,0.3126780624994806,0.3776961600972133,0.4162092363609702,0.368861152985888
ELM_robust_risk,PAC,1.0,6.0,1350,25.0,3.0,2055.024477179475,0.8604805811759809,-0.0438003039829933,0.4691209968453357,0.7225858910390703,0.3106485510974592,0.3729747920295459,0.4122641356822346,0.3652958262697465
ELM_robust_risk,PAC,1.0,6.0,1350,25.0,4.0,2079.995837240509,0.8709365979566496,-0.040056054032496,0.4706533840050858,0.715803007019796,0.3116632868566725,0.3775069462344643,0.4153855032253006,0.3681852454388125
ELM_robust_risk,PAC,1.0,6.0,2700,50.0,0.0,1988.100788373608,0.8324582703579848,-0.031319074823741,0.4451463575603323,0.7403601545691997,0.2947727173423013,0.3608285382056123,0.4042555880555586,0.3532856145344907
ELM_robust_risk,PAC,1.0,6.0,2700,50.0,1.0,1967.7621883919448,0.8239420845281463,-0.0354442617234495,0.4331830141096764,0.7456452987760493,0.2868506773265721,0.3571372025633506,0.4017047422444061,0.3485642073781096
ELM_robust_risk,PAC,1.0,6.0,2700,50.0,2.0,1957.0620236082905,0.8194617077180585,-0.0182573500993746,0.4363138285608336,0.7484040035268263,0.2889238801453486,0.355195185921124,0.3965581482142777,0.3468924047602501
ELM_robust_risk,PAC,1.0,6.0,2700,50.0,3.0,1980.6203784819031,0.8293260704632746,-0.0322789022502491,0.4358891918134484,0.7423103158526918,0.2886426887443986,0.3594708880390879,0.404621144270487,0.3509115736846578
ELM_robust_risk,PAC,1.0,6.0,2700,50.0,4.0,1989.4577706765424,0.8330264664712871,-0.0302291018293814,0.4404114064979839,0.7400055981824234,0.291637266793451,0.3610748224702743,0.4058652389628889,0.3528591094088714
ELM_robust_risk,PAC,1.0,6.0,5400,100.0,0.0,1921.130209118195,0.8044163255542505,-0.0315114444307162,0.4230759985890135,0.7575578374307153,0.2801578843189536,0.3486737740423314,0.3923903922759541,0.340407350212413
ELM_robust_risk,PAC,1.0,6.0,5400,100.0,1.0,1939.78806811901,0.8122287509218334,-0.0329819499367732,0.4275868167192642,0.7528258131677577,0.2831449156517006,0.3520600651341518,0.3964195353728237,0.3438748387195587
ELM_robust_risk,PAC,1.0,6.0,5400,100.0,2.0,1911.958138688888,0.8005757929565905,-0.0256927040883735,0.4221544735842808,0.7598672990919646,0.2795476570866503,0.3470090974903781,0.391620364005682,0.3393923728609035
ELM_robust_risk,PAC,1.0,6.0,5400,100.0,3.0,1917.8761346030544,0.8030537783140242,-0.0322293474390301,0.4239282711796839,0.7583784551121504,0.2807222531005947,0.3480831787579391,0.3910633418143484,0.3399562578909607
ELM_robust_risk,PAC,1.0,6.0,5400,100.0,4.0,1913.0986404970915,0.801053344280019,-0.0223249626144935,0.4258162589406913,0.7595807306178395,0.2819724650211668,0.3472160918252133,0.3892827224178443,0.3394904264214082
ELM_robust_risk,PAC,1.0,6.0,13500,250.0,0.0,1878.2251569169969,0.7864511068118712,-0.0264492836040509,0.4066990967214744,0.7682659492581916,0.269313217653365,0.3408867607490776,0.3863740389419802,0.3321913391148076
ELM_robust_risk,PAC,1.0,6.0,13500,250.0,1.0,1866.532414190744,0.7815551174120582,-0.0244850903324657,0.4049014497286037,0.7711422523520765,0.2681228287398965,0.3387645970790056,0.3838328174573117,0.3302400810920713
ELM_robust_risk,PAC,1.0,6.0,13500,250.0,2.0,1876.3033136537408,0.7856463919160344,-0.024577531299078,0.4070005670414178,0.7687399378778377,0.2695128491316384,0.3405379575599253,0.3859810767874795,0.3320106278263477
ELM_robust_risk,PAC,1.0,6.0,13500,250.0,3.0,1874.9265274021627,0.785069903486301,-0.024159564220821,0.4073112103895764,0.7690791995059638,0.2697185549232411,0.3402880789956776,0.3862792534377144,0.3320952957855443
ELM_robust_risk,PAC,1.0,6.0,13500,250.0,4.0,1878.3771158509155,0.7865147351108163,-0.0249060360249072,0.4078120821665022,0.7682284505763312,0.2700502286126175,0.3409143403971085,0.3863047274009569,0.332423098803561
ELM_robust_risk,PAC,1.0,6.0,27000,500.0,0.0,1861.3308891569848,0.7793771329969073,-0.0251794567326799,0.4028824454396701,0.7724160053486555,0.2667858586165499,0.3378205510400185,0.3833426840272929,0.3293163645612871
ELM_robust_risk,PAC,1.0,6.0,27000,500.0,1.0,1852.111335262033,0.7755167181055966,-0.0238504862250132,0.3993430844547546,0.7746649622129913,0.2644421192205975,0.3361472565198021,0.3814541072348786,0.3273478276584261
ELM_robust_risk,PAC,1.0,6.0,27000,500.0,2.0,1856.6564086488845,0.777419832853297,-0.0289462580686028,0.3996301228473754,0.7735576627636991,0.2646321939803644,0.3369721604662245,0.3833264591125826,0.3283102711863905
ELM_robust_risk,PAC,1.0,6.0,27000,500.0,3.0,1848.785892328185,0.7741242874556646,-0.0245897081212386,0.3978025227653656,0.7754734083151601,0.2634219703466329,0.3355437082893886,0.3810483177593844,0.326671332131802
ELM_robust_risk,PAC,1.0,6.0,27000,500.0,4.0,1855.6134515599688,0.7769831254894783,-0.023812319280345,0.4002239939451665,0.7738119944826463,0.265025451151346,0.3367828699211951,0.3820765312040039,0.327961617425515
ELM_robust_risk,PAC,1.0,6.0,54000,1000.0,0.0,1841.1613924330145,0.770931754143372,-0.0224133537348834,0.392079462241741,0.7773215108871648,0.2596322008171032,0.3341599066391847,0.3804538538891234,0.3247486537818038
ELM_robust_risk,PAC,1.0,6.0,54000,1000.0,1.0,1838.278819585192,0.7697247622136307,-0.0225000497151247,0.3934035400116198,0.7780182281779074,0.2605089955961031,0.3336367367108624,0.3791742323287275,0.3244399882118976
ELM_robust_risk,PAC,1.0,6.0,54000,1000.0,2.0,1847.905744638,0.7737557517012825,-0.0213868107102651,0.3942659268167075,0.7756871372519958,0.2610800619378093,0.3353839666875988,0.3819413501338892,0.3261351262530991
ELM_robust_risk,PAC,1.0,6.0,54000,1000.0,3.0,1842.16966345417,0.7713539377445413,-0.0229765623729644,0.3935955871492208,0.7770775542788071,0.2606361678297898,0.3343429018680011,0.3805452258474032,0.3251747651817314
ELM_robust_risk,PAC,1.0,6.0,54000,1000.0,4.0,1843.763017715327,0.7720211076083968,-0.0242951427729765,0.3936896831165168,0.7766917613243058,0.2606984775027765,0.3346320862455031,0.3809113374646527,0.3254139670709775
ELM_tikhonov,PAC,1.0,6.0,270,5.0,0.0,2421.20412560791,1.013807454015461,-0.1779741416357269,0.5547259392713746,0.6149143303280796,0.3673355284663231,0.4394342331382466,0.4759571778073092,0.4275756464706263
ELM_tikhonov,PAC,1.0,6.0,270,5.0,1.0,2745.647504304153,1.1496585011243563,-0.1663790583714835,0.6524319866981247,0.5047960418032147,0.4320357705588475,0.4983187880612516,0.5268032345699097,0.4857192643966696
ELM_tikhonov,PAC,1.0,6.0,270,5.0,2.0,2305.8699259546597,0.9655146768494648,-0.06599864429293,0.5519437836321668,0.6507276895477935,0.3654932050059378,0.4185017578284605,0.4444160843181151,0.4094703490508378
ELM_tikhonov,PAC,1.0,6.0,270,5.0,3.0,2531.331053244729,1.059919840387674,-0.148240511870677,0.6076933036582246,0.5790869017229374,0.4024101363241567,0.4594216193656702,0.487549989828193,0.4497939151726733
ELM_tikhonov,PAC,1.0,6.0,270,5.0,4.0,2290.7486557439324,0.9591830931999584,-0.1078333862826862,0.5191980347922419,0.6552935358643832,0.3438092055684159,0.4157573366915361,0.4559763762181364,0.4051809728260294
ELM_tikhonov,PAC,1.0,6.0,540,10.0,0.0,2185.1522363955705,0.914967722872257,-0.0438219649719389,0.507931371337474,0.6863408617667882,0.3363485020367847,0.3965922109312942,0.4277749375987377,0.3869052168556055
ELM_tikhonov,PAC,1.0,6.0,540,10.0,1.0,2203.782226583088,0.9227684790004076,-0.0656143459709023,0.5180676127083789,0.6809697242852468,0.3430606481922974,0.3999734439982786,0.4277282941311917,0.3902541287739225
ELM_tikhonov,PAC,1.0,6.0,540,10.0,2.0,2230.344841246121,0.9338907864749016,-0.0919499062256866,0.5138833101519034,0.6732327081347569,0.3402898331248339,0.4047944015049764,0.4458964238513708,0.3969935528270604
ELM_tikhonov,PAC,1.0,6.0,540,10.0,3.0,2205.4361006939403,0.9234609897572876,-0.0507064101420752,0.5182806789513371,0.6804906988217712,0.3432017391264228,0.4002736123706695,0.4363014037837588,0.3932589184269504
ELM_tikhonov,PAC,1.0,6.0,540,10.0,4.0,2212.7521144789957,0.9265243536556564,-0.0694743698133835,0.5220736713959441,0.6783673894585287,0.3457134314513546,0.4016014256158486,0.4342259734472117,0.393846943504805
ELM_tikhonov,PAC,1.0,6.0,1350,25.0,0.0,2047.484965737261,0.8573236342589867,-0.0457315408593686,0.4647320366631869,0.7246177209102413,0.3077422132217779,0.3716064152810491,0.4104090057550971,0.3632525447526414
ELM_tikhonov,PAC,1.0,6.0,1350,25.0,1.0,2017.532586205132,0.8447819632309198,-0.0403502726848397,0.4525853316135292,0.7326158480247127,0.2996987524735727,0.3661702354930016,0.4054854447866345,0.3571181442510696
ELM_tikhonov,PAC,1.0,6.0,1350,25.0,2.0,2081.497517011273,0.871565381845229,-0.0415395206910105,0.4724112479280635,0.7153924995325098,0.312827331707301,0.3777794922339962,0.4162481622969215,0.3689516620794063
ELM_tikhonov,PAC,1.0,6.0,1350,25.0,3.0,2055.4866555591084,0.8606741046717495,-0.0440852526078147,0.4693422002480357,0.7224610952299197,0.3107950304002589,0.3730586746727642,0.4123120149071721,0.3653885733267317
ELM_tikhonov,PAC,1.0,6.0,1350,25.0,4.0,2080.383081082356,0.871098744836061,-0.0400926443823323,0.4708728951696666,0.7156971762502754,0.3118086455715569,0.3775772287021338,0.4154054524036303,0.368263775559107
ELM_tikhonov,PAC,1.0,6.0,2700,50.0,0.0,1988.2991253254563,0.8325413180771193,-0.0314520547036836,0.4453737698843259,0.740308347593916,0.294923308148139,0.3608645351896818,0.4042121061434903,0.3533333164937703
ELM_tikhonov,PAC,1.0,6.0,2700,50.0,1.0,1968.2940781257764,0.8241647975869791,-0.0355317983101706,0.4334392893407624,0.7455077751062513,0.28702038094196,0.3572337374051791,0.4017510328804798,0.3486683837425396
ELM_tikhonov,PAC,1.0,6.0,2700,50.0,2.0,1957.264495480759,0.8195464868126281,-0.0183140880087718,0.4363730351728559,0.7483519420724567,0.2889630863381299,0.3552319333688379,0.3965829030351468,0.3469259742473716
ELM_tikhonov,PAC,1.0,6.0,2700,50.0,3.0,1981.0773399000752,0.8295174095110817,-0.0324185942618071,0.4360660977515675,0.7421913957116008,0.2887598345846548,0.359553823834647,0.4046722336713335,0.3509952973635451
ELM_tikhonov,PAC,1.0,6.0,2700,50.0,4.0,1989.914546433751,0.8332177277790694,-0.0304433148034717,0.4406508434425351,0.7398861960267723,0.291795820216564,0.3611577245694663,0.4058722615016413,0.352941935429224
ELM_tikhonov,PAC,1.0,6.0,5400,100.0,0.0,1921.5809539833692,0.8046050616047719,-0.0316479354631088,0.4232521605461729,0.7574440581780537,0.2802745375003675,0.3487555815702777,0.3924644133375434,0.3404981774693962
ELM_tikhonov,PAC,1.0,6.0,5400,100.0,1.0,1940.160500750534,0.8123846960459824,-0.0331317792970608,0.4277934558242791,0.7527308908702637,0.2832817505812915,0.3521276594547209,0.3964537310318137,0.3439543803559421
ELM_tikhonov,PAC,1.0,6.0,5400,100.0,2.0,1912.5249876589176,0.8008131441592582,-0.0258181876638965,0.4224687372896691,0.759724891003206,0.2797557602527799,0.347111977226876,0.391657768268055,0.3395085019159036
ELM_tikhonov,PAC,1.0,6.0,5400,100.0,3.0,1918.081699999808,0.8031398527301845,-0.0322616782915895,0.4240134568272856,0.7583266564691594,0.2807786624239456,0.3481204876620198,0.3910974715341379,0.3399988738733677
ELM_tikhonov,PAC,1.0,6.0,5400,100.0,4.0,1913.6139196834315,0.8012691021644888,-0.0225319230728437,0.4261048647627806,0.7594512028178787,0.2821635777214578,0.3473096119508841,0.3892978805402406,0.3395903567375275
ELM_tikhonov,PAC,1.0,6.0,13500,250.0,0.0,1877.1065990121383,0.7859827438474688,-0.0262051401745812,0.4060142017523397,0.7685418807874826,0.2688596851292479,0.3406837491029535,0.3862419117197516,0.331928448650651
ELM_tikhonov,PAC,1.0,6.0,13500,250.0,1.0,1880.0613364802757,0.7872199525727364,-0.0279410783600631,0.4089605152304049,0.7678126347910275,0.270810712730218,0.3412200164831809,0.3859467957514055,0.3326591749882681
ELM_tikhonov,PAC,1.0,6.0,13500,250.0,2.0,1876.6001133388384,0.7857706679859118,-0.0243561839975754,0.4068269602552543,0.7686667691723338,0.2693978879660861,0.3405918249479068,0.3861172432101206,0.3320356520413712
ELM_tikhonov,PAC,1.0,6.0,13500,250.0,3.0,1874.175208602834,0.7847553110109927,-0.0229307673288811,0.406619538974881,0.7692642311588074,0.2692605350855968,0.3401517190758619,0.3862101062971281,0.3318741201528623
ELM_tikhonov,PAC,1.0,6.0,13500,250.0,4.0,1878.4541873559976,0.7865470065188807,-0.0249615898775771,0.4078974179192118,0.768209430595236,0.2701067373344916,0.3409283284195864,0.3863003156424978,0.332445127132192
ELM_tikhonov,PAC,1.0,6.0,27000,500.0,0.0,1854.4736960900057,0.7765058866730637,-0.0223655846239415,0.3960282510498118,0.7740897676833264,0.2622470603737337,0.3365760110423376,0.3829514116260405,0.3272581610140373
ELM_tikhonov,PAC,1.0,6.0,27000,500.0,1.0,1849.3107986171851,0.77434407640399,-0.0201638410966048,0.3970339436313695,0.7753458952794583,0.2629130227702397,0.3356389756772709,0.3811280730729878,0.3265600238401662
ELM_tikhonov,PAC,1.0,6.0,27000,500.0,2.0,1862.7334745988228,0.7799644240727772,-0.0237984270206852,0.3989664254674431,0.7720728892840807,0.264192698347405,0.3380751120047575,0.3845006676945642,0.3289228260155756
ELM_tikhonov,PAC,1.0,6.0,27000,500.0,3.0,1844.3597648201444,0.7722709777687139,-0.0208759158765784,0.3942953888419381,0.7765471873105392,0.2610995714790829,0.3347403923166887,0.3805813887121682,0.3254737841693133
ELM_tikhonov,PAC,1.0,6.0,27000,500.0,4.0,1855.58821470053,0.7769725583027037,-0.0202746486500396,0.3975708882181756,0.7738181468804747,0.2632685836149526,0.3367782895804229,0.3824917053735406,0.3275128595229721
ELM_tikhonov,PAC,1.0,6.0,54000,1000.0,0.0,1852.155022433207,0.775535010813474,-0.0174066915718367,0.3921721795110566,0.7746543317867508,0.2596935975262002,0.3361551854830646,0.3834590459534596,0.3264359429875748
ELM_tikhonov,PAC,1.0,6.0,54000,1000.0,1.0,1845.4494080077557,0.7727272335524099,-0.0167333883216381,0.3930990439681046,0.7762830785779925,0.2603073605054356,0.3349381561125941,0.3811533189730219,0.3254662785303505
ELM_tikhonov,PAC,1.0,6.0,54000,1000.0,2.0,1861.1023129204036,0.7792814234736969,-0.0169686527396257,0.3945144071216859,0.7724718977202844,0.2612446038091748,0.3377790658045633,0.3851435622690913,0.3280557439609432
ELM_tikhonov,PAC,1.0,6.0,54000,1000.0,3.0,1842.7867743997328,0.7716123346595098,-0.0156614458659701,0.3919524301736398,0.7769281750701245,0.2595480810949762,0.3344549038558784,0.3809653652106469,0.3249894500538338
ELM_tikhonov,PAC,1.0,6.0,54000,1000.0,4.0,1851.966297176597,0.7754559877067939,-0.0208554374870794,0.3927833934363563,0.7747002526214852,0.2600983389928618,0.3361209329648505,0.3831566258389681,0.3264586325988935
Persistence_P,PAC,1.0,6.0,0,,,4786.72320980936,2.004298447655713,-0.4078036935244834,1.1026918420481029,-0.5051201760998218,0.7301946093710374,0.8687619605057022,0.9171726091882584,0.8387097263549993
