Method,quantity,LB_days,FH_hours,N_params,n_hidden,seed,RMSE,nRMSE,nMBE,nMAE,R2,NICE1,NICE2,NICE3,NICE_Sigma
AR_OLS,PAC,1.0,1.0,53,,,1792.6398018341886,0.3769145972497413,0.0035963093277374,0.266896481345064,0.8313925192790087,0.7090677742159144,0.7476843466603602,0.7844675625113001,0.7470732277958582
ELM_corr,PAC,1.0,1.0,270,5.0,0.0,2966.562300645577,0.62373971258478,-0.0300784700805935,0.498552223572325,0.5382597683479554,1.3245109628919471,1.2373105814765366,1.1769235526783837,1.2462483656822891
ELM_corr,PAC,1.0,1.0,270,5.0,1.0,2831.5059425035997,0.5953432032676177,-0.056673526580446,0.4785123263273577,0.5793453204205015,1.2712706756337826,1.1809805118237306,1.1327283387558635,1.194993175404459
ELM_corr,PAC,1.0,1.0,270,5.0,2.0,2911.784742739452,0.6122223619405588,-0.1229488235147361,0.5000110160471675,0.5551543973208728,1.328386558133842,1.2144636478355535,1.140340995607127,1.227730400525508
ELM_corr,PAC,1.0,1.0,270,5.0,3.0,3177.105046772474,0.6680077436075643,-0.0584190960771378,0.5318086598465843,0.4703927537469875,1.4128638221297394,1.3251249407364944,1.2480618919654396,1.3286835516105575
ELM_corr,PAC,1.0,1.0,270,5.0,4.0,2719.3445670541387,0.5717605183293187,-0.0212139134307386,0.4464952857227377,0.6120111451636814,1.186210536945977,1.134199611032812,1.0904024272979982,1.1369375250922624
ELM_corr,PAC,1.0,1.0,540,10.0,0.0,2782.011502601829,0.5849366637817769,0.0106630708121394,0.4658533241786354,0.5939227939125202,1.237639320015482,1.160337090918197,1.1026309165796355,1.166869109171105
ELM_corr,PAC,1.0,1.0,540,10.0,1.0,2702.9092596972296,0.5683048842154456,-0.0508378754501148,0.4497385976416906,0.6166868646024364,1.1948270910191896,1.1273446800920064,1.082476177044813,1.1348826493853366
ELM_corr,PAC,1.0,1.0,540,10.0,2.0,2627.534147984657,0.5524567590958703,-0.0108682430353471,0.4331066436402666,0.6377674212934726,1.1506407362751414,1.0959068022218377,1.055510405877178,1.1006859814580523
ELM_corr,PAC,1.0,1.0,540,10.0,3.0,2456.169930786501,0.5164262777676228,0.0060159019780121,0.4139862727401125,0.6834753113001342,1.0998433680669533,1.0244332453780862,0.971640950368328,1.0319725212711226
ELM_corr,PAC,1.0,1.0,540,10.0,4.0,2763.363747047845,0.5810158475268606,-0.0022447055252869,0.4563625212440945,0.5993484002164492,1.2124249654522374,1.1525593795710558,1.0983397599224518,1.1544413683152484
ELM_corr,PAC,1.0,1.0,1350,25.0,0.0,2202.52000235979,0.4630946712075323,-0.0187262677643368,0.3527690139583859,0.7454749730420569,0.9372065839130312,0.918639498735773,0.9054162451383488,0.9204207759290508
ELM_corr,PAC,1.0,1.0,1350,25.0,1.0,2259.7773704558144,0.4751334186532891,-0.0082573134241872,0.3649137961184828,0.732069545800687,0.969471803788536,0.9425207256351006,0.9261226290632606,0.9460383861622992
ELM_corr,PAC,1.0,1.0,1350,25.0,2.0,2076.1052358392462,0.4365151147563373,-0.0113372372012459,0.3254666843628248,0.773853694492042,0.8646720867189495,0.8659137129881702,0.8725942628789624,0.8677266875286941
ELM_corr,PAC,1.0,1.0,1350,25.0,3.0,2198.461512707825,0.462241346411861,-0.0070327487866365,0.363235828273573,0.7464121136503203,0.9650139221446868,0.9169467609193126,0.8943884936122287,0.9254497255587428
ELM_corr,PAC,1.0,1.0,1350,25.0,4.0,2056.6034721432784,0.432414737535211,-0.0088313597422793,0.3265326792270194,0.7780823222356965,0.8675041308203584,0.857779807095405,0.8547975554140703,0.8600271644432779
ELM_corr,PAC,1.0,1.0,2700,50.0,0.0,1983.239300804667,0.4169894261790976,-0.0080822272398885,0.3126955986710018,0.7936326393279518,0.8307429571171472,0.8271806636090985,0.8345199465340514,0.830814522420099
ELM_corr,PAC,1.0,1.0,2700,50.0,1.0,2018.5796945158047,0.4244199820825489,-0.0079554329106585,0.3186838874518361,0.7862123712687245,0.8466521312500901,0.8419206348825222,0.8457280758740613,0.8447669473355578
ELM_corr,PAC,1.0,1.0,2700,50.0,2.0,1906.4859127216444,0.4008515091657268,-0.0068169744120188,0.2876306249938715,0.8092968042562758,0.7641524760195517,0.795167926435626,0.8222104966758671,0.7938436330436817
ELM_corr,PAC,1.0,1.0,2700,50.0,3.0,1917.855020222872,0.4032419406235856,-0.0088652829812548,0.2949703907406126,0.807015549724005,0.7836521387167878,0.7999098180891914,0.8195124041080499,0.8010247869713432
ELM_corr,PAC,1.0,1.0,2700,50.0,4.0,1907.276484748632,0.4010177322613225,0.0053365170472714,0.2967122012712969,0.8091386117722267,0.7882796321549699,0.7954976626876501,0.8125013639639523,0.7987595529355241
ELM_corr,PAC,1.0,1.0,5400,100.0,0.0,1800.9782292463628,0.3786678077979731,-0.0144294705061429,0.2680137957075064,0.8298203227399614,0.7120361595767246,0.7511621851226477,0.7877286972242296,0.750309013974534
ELM_corr,PAC,1.0,1.0,5400,100.0,1.0,1791.4636789701965,0.3766673094928008,-0.0043172174040842,0.2627878140907671,0.8316136881508944,0.6981522180035731,0.7471938026847905,0.7879922843397824,0.7444461016760487
ELM_corr,PAC,1.0,1.0,5400,100.0,2.0,1811.2139678995893,0.3808199408188327,-0.0078860468627637,0.270040535531013,0.8278804161939672,0.7174206288223518,0.7554313648874245,0.7910693816288854,0.7546404584462204
ELM_corr,PAC,1.0,1.0,5400,100.0,3.0,1816.5216998120704,0.3819359272172465,-0.0018623370496718,0.2680902521771752,0.8268701510162861,0.7122392825946801,0.757645143730877,0.7980804515143752,0.7559882926133108
ELM_corr,PAC,1.0,1.0,5400,100.0,4.0,1793.7352759570158,0.3771449280654358,-0.0045186067240241,0.2632221849500469,0.8311863857678663,0.6993062173999741,0.7481412532028632,0.7921932597141386,0.7465469101056587
ELM_corr,PAC,1.0,1.0,13500,250.0,0.0,1730.671383732744,0.3638853197970085,-0.0033895429567093,0.2446311910206078,0.8428479700203012,0.6499152527099381,0.7218382083818572,0.7816536092077451,0.7178023567665135
ELM_corr,PAC,1.0,1.0,13500,250.0,1.0,1724.821473596365,0.3626553367737907,-0.0005523941114395,0.2428305887463881,0.8439085659694892,0.645131566389329,0.7193982947785416,0.7806284510595631,0.7150527707424779
ELM_corr,PAC,1.0,1.0,13500,250.0,2.0,1714.1102810834657,0.3604032363752985,-0.0031196614184685,0.24452119098678,0.8458412112569788,0.6496230140159063,0.7149308100290864,0.7703550136016813,0.711636279215558
ELM_corr,PAC,1.0,1.0,13500,250.0,3.0,1726.0941774591283,0.3629229313364914,-0.0035562847276967,0.2453961510283888,0.8436781288296504,0.6519475331182368,0.7199291213032838,0.7745306221796545,0.7154690922003918
ELM_corr,PAC,1.0,1.0,13500,250.0,4.0,1723.448304513303,0.3623666187215816,0.0034480367240623,0.2444012559270573,0.844157002824209,0.6493043807936943,0.7188255656515451,0.7772632594179861,0.7151310686210751
ELM_corr,PAC,1.0,1.0,27000,500.0,0.0,1698.3389499450732,0.3570872077352798,-0.0014539371187202,0.2364002929251099,0.8486649552430301,0.6280481057061258,0.7083528140445569,0.7722519991589344,0.7028843063032056
ELM_corr,PAC,1.0,1.0,27000,500.0,1.0,1689.829315435402,0.3552979997411957,0.0004337267992698,0.2345206530646343,0.8501777034526906,0.6230544390774834,0.7048035675577993,0.7689636186978531,0.6989405417777119
ELM_corr,PAC,1.0,1.0,27000,500.0,2.0,1684.7713268644986,0.354234523563134,0.0001867429389229,0.2339441715557235,0.8510732558447908,0.6215228922457682,0.7026939530796524,0.7654110604588651,0.6965426352614287
ELM_corr,PAC,1.0,1.0,27000,500.0,3.0,1680.9642210059517,0.3534340539038677,-0.0029412557593683,0.2347003110171996,0.8517455598710912,0.6235317389800663,0.7011060638374287,0.7631814023895857,0.695939735069027
ELM_corr,PAC,1.0,1.0,27000,500.0,4.0,1684.7157426881065,0.354222836615518,-0.0022227810020538,0.2341427625902536,0.8510830825004689,0.6220504919433131,0.7026707697170116,0.767536435452673,0.6974192323709992
ELM_corr,PAC,1.0,1.0,54000,1000.0,0.0,1675.0176829886186,0.352183754217595,-0.0003086758965919,0.2289087374917591,0.8527926271304256,0.6081451811348821,0.6986258481310545,0.7657268452045073,0.6908326248234813
ELM_corr,PAC,1.0,1.0,54000,1000.0,1.0,1677.1554646256086,0.3526332372112725,-0.0008486086229275,0.2291746691649667,0.8524166334418833,0.6088516856892491,0.69951748618624,0.7669346644945484,0.6917679454566792
ELM_corr,PAC,1.0,1.0,54000,1000.0,2.0,1664.6437733456955,0.3500025698151473,-0.0031588008832791,0.227764965217752,0.8546103834996307,0.6051065046545746,0.6942990392284818,0.7612351002454687,0.6868802147095083
ELM_corr,PAC,1.0,1.0,54000,1000.0,3.0,1674.7986292523096,0.3521376966935388,2.1317833545177078e-05,0.2290941334737576,0.8528311272809953,0.6086377253439393,0.6985344839598764,0.7650963283688188,0.6907561792242115
ELM_corr,PAC,1.0,1.0,54000,1000.0,4.0,1665.8538159370073,0.3502569894233099,-0.0012325181892206,0.2278819470524225,0.8543989369755117,0.6054172920007228,0.6948037306357518,0.763467314811765,0.6878961124827465
ELM_elastic_net,PAC,1.0,1.0,270,5.0,0.0,3071.160707729067,0.6457322324644008,-0.0896756798761065,0.5156694637293072,0.5051246118888412,1.3699865844425312,1.2809370766496966,1.2171500785773657,1.2893579132231978
ELM_elastic_net,PAC,1.0,1.0,270,5.0,1.0,2875.7261061621834,0.6046407906349401,-0.0855651393453978,0.4904257561509724,0.5661038368478606,1.3029212583830787,1.1994241077655663,1.1358469899511143,1.2127307853665863
ELM_elastic_net,PAC,1.0,1.0,270,5.0,2.0,2959.0679943310724,0.6221639841850716,-0.1395114040993026,0.5054314740484893,0.5405897728585676,1.3427871679540182,1.2341848138155154,1.1613649098855237,1.2461122972183525
ELM_elastic_net,PAC,1.0,1.0,270,5.0,3.0,3226.6136844125704,0.6784172682635534,-0.0936930719156424,0.5364511781148955,0.4537584742754484,1.4251976681163117,1.3457742833150232,1.273359115229949,1.3481103555537617
ELM_elastic_net,PAC,1.0,1.0,270,5.0,4.0,2801.5523199541067,0.5890452522972883,-0.1146579814894148,0.460301274547531,0.5881981961058184,1.2228891087934248,1.1684872855308002,1.1210910571063315,1.1708224838101855
ELM_elastic_net,PAC,1.0,1.0,540,10.0,0.0,2847.3838910686663,0.5986816489399893,-0.0304646427955331,0.475034229938153,0.5746143677393121,1.262030366234524,1.1876029764075429,1.1321136593651435,1.1939156673357367
ELM_elastic_net,PAC,1.0,1.0,540,10.0,1.0,2744.3725532392205,0.5770228210647986,-0.0577912378272521,0.4608761402121764,0.6048364263971724,1.224416362788116,1.1446384250543853,1.0922381350158132,1.1537643076194382
ELM_elastic_net,PAC,1.0,1.0,540,10.0,2.0,2654.7522494535506,0.5581795483268994,-0.0263540837946409,0.4362437150354707,0.6302239621438706,1.158975039599575,1.1072590819119812,1.0677814184917125,1.111338513334423
ELM_elastic_net,PAC,1.0,1.0,540,10.0,3.0,2486.495973891148,0.5228025326690654,-0.0119667964735282,0.4179845698562268,0.6756108718444513,1.1104657023236262,1.037081802942351,0.984493218429493,1.0440135745651566
ELM_elastic_net,PAC,1.0,1.0,540,10.0,4.0,2792.318632214896,0.5871038072329795,-0.0809404698342556,0.4652768460632507,0.5909082529263743,1.2361077821993969,1.164636046828249,1.1079402937710958,1.1695613742662472
ELM_elastic_net,PAC,1.0,1.0,1350,25.0,0.0,2260.2461064009026,0.4752319735441147,-0.0304023524265094,0.3670805788450607,0.7319583829388356,0.9752283270570374,0.9427162286739714,0.9164159872616494,0.9447868476642194
ELM_elastic_net,PAC,1.0,1.0,1350,25.0,1.0,2291.1852336396646,0.4817371335157525,-0.0148913058431204,0.3745477157032733,0.724570043770316,0.9950663784436088,0.9556204948361344,0.9303370392696432,0.9603413041831288
ELM_elastic_net,PAC,1.0,1.0,1350,25.0,2.0,2145.1919777623307,0.4510410677562612,-0.0269892002698134,0.3419593317668898,0.7585522858721547,0.9084883435942464,0.8947288020232357,0.8885210974877585,0.8972460810350803
ELM_elastic_net,PAC,1.0,1.0,1350,25.0,3.0,2266.789201155392,0.4766077033040096,-0.0114760438208605,0.3819866773556968,0.7304042510881094,1.0148295763500732,0.9454452596380511,0.9067804527487868,0.9556850962456372
ELM_elastic_net,PAC,1.0,1.0,1350,25.0,4.0,2132.98735710398,0.4484749640273797,-0.0161259438085025,0.3417531343681443,0.7612918031299485,0.9079405359579646,0.8896384298169288,0.8768279981405697,0.8914689879718211
ELM_elastic_net,PAC,1.0,1.0,2700,50.0,0.0,2044.1836650835464,0.4298033894155003,-0.0139045381496539,0.3286342471457457,0.7807545461455013,0.8730873969577949,0.8525996837278428,0.8443556830347981,0.8566809212401453
ELM_elastic_net,PAC,1.0,1.0,2700,50.0,1.0,2069.2221296766197,0.4350678953068644,-0.0119382527271165,0.3319721396432556,0.7753507367898617,0.881955224633355,0.8630428681430808,0.8547611394686748,0.8665864107483702
ELM_elastic_net,PAC,1.0,1.0,2700,50.0,2.0,1940.8234792904889,0.4080712139054018,-0.0119368174377307,0.300466627132482,0.8023654611567583,0.7982540700922292,0.8094896328931444,0.8222073165038162,0.8099836731630633
ELM_elastic_net,PAC,1.0,1.0,2700,50.0,3.0,1967.7852718607792,0.4137401124634747,-0.0147247884781898,0.3101449558662836,0.7968362683678848,0.823966627181111,0.8207350098183267,0.826474675755212,0.8237254375848831
ELM_elastic_net,PAC,1.0,1.0,2700,50.0,4.0,1945.2392951711568,0.4089996689483436,-0.0010363545269877,0.3097244917334187,0.8014651108050448,0.8228495739875821,0.8113314063538986,0.8102261969398082,0.8148023924270963
ELM_elastic_net,PAC,1.0,1.0,5400,100.0,0.0,1821.9776326078984,0.3830830738499706,-0.0173807249008362,0.2779363626465465,0.8258285963198284,0.738397587867258,0.7599207350368927,0.7833485710542631,0.7605556313194713
ELM_elastic_net,PAC,1.0,1.0,5400,100.0,1.0,1822.2333910072784,0.3831368487767556,-0.0093683190713259,0.2733923859510326,0.8257796945933055,0.7263255387141956,0.7600274081965245,0.7873031150079213,0.7578853539728806
ELM_elastic_net,PAC,1.0,1.0,5400,100.0,2.0,1833.3082011335116,0.3854654022285285,-0.0122627633131058,0.2793171053601363,0.8236555758632221,0.7420658271702115,0.7646465526365551,0.7880735768469358,0.7649286522179009
ELM_elastic_net,PAC,1.0,1.0,5400,100.0,3.0,1845.5684809417896,0.388043208668717,-0.0055015563905654,0.2806234731454902,0.8212890765544294,0.7455364735166902,0.7697601394758892,0.792329449065009,0.7692086873525295
ELM_elastic_net,PAC,1.0,1.0,5400,100.0,4.0,1805.4892018389023,0.3796162701807574,-0.0093951588312914,0.2733186255370677,0.8289667452123576,0.7261295783467461,0.7530436470829392,0.7793104922348155,0.7528279058881671
ELM_elastic_net,PAC,1.0,1.0,13500,250.0,0.0,1727.9557401743962,0.3633143374406973,-0.0071631953306988,0.2524680324525547,0.8433407661392629,0.6707355036290549,0.7207055524084663,0.7630032421274954,0.7181480993883388
ELM_elastic_net,PAC,1.0,1.0,13500,250.0,1.0,1716.198512300142,0.3608423010592314,-0.0040041340118383,0.2510016778729378,0.8454653716285727,0.6668398180331253,0.7158017813147395,0.7577682999837405,0.7134699664438684
ELM_elastic_net,PAC,1.0,1.0,13500,250.0,2.0,1718.0565669235864,0.3612329695634937,-0.0076365348928789,0.2524723472228358,0.84513057444469,0.6707469667421843,0.7165767492451446,0.7554966424763695,0.7142734528212328
ELM_elastic_net,PAC,1.0,1.0,13500,250.0,3.0,1743.4042772058322,0.3665624964447224,-0.0101925108084514,0.2537786285754808,0.8405270661753274,0.6742173834616245,0.7271489156013338,0.7698995387049549,0.723755279255971
ELM_elastic_net,PAC,1.0,1.0,13500,250.0,4.0,1727.2259883112256,0.363160902194354,-0.0011758348477278,0.2539450724168779,0.8434730591428062,0.6746595772423618,0.7204011833743299,0.7591803001896993,0.7180803536021303
ELM_elastic_net,PAC,1.0,1.0,27000,500.0,0.0,1690.2211941417931,0.3553803948797165,-0.005782932655776,0.2438711162364804,0.8501082065218165,0.6478959509465623,0.7049670145448952,0.7510450629525746,0.7013026761480107
ELM_elastic_net,PAC,1.0,1.0,27000,500.0,1.0,1677.184467244954,0.3526393352074113,-0.0029911239667763,0.2417107186791654,0.8524115291551295,0.6421563912503581,0.6995295827627382,0.7461410576033709,0.6959423438721558
ELM_elastic_net,PAC,1.0,1.0,27000,500.0,2.0,1680.3663924234995,0.3533083564162024,-0.0045322927220056,0.242110870845614,0.8518509933836939,0.6432194813464938,0.7008567181112945,0.7451813827720597,0.6964191940766161
ELM_elastic_net,PAC,1.0,1.0,27000,500.0,3.0,1677.949347887255,0.3528001565162665,-0.0068993760379645,0.2422892677649919,0.8522768828979163,0.6436934310438174,0.699848603506742,0.744415452291211,0.6959858289472569
ELM_elastic_net,PAC,1.0,1.0,27000,500.0,4.0,1686.1583171684576,0.3545261476201649,-0.0069081342922341,0.2412683856493496,0.8508279466182751,0.6409812386393794,0.7032724468396252,0.7500631713311557,0.6981056189367201
ELM_elastic_net,PAC,1.0,1.0,54000,1000.0,0.0,1661.4886225832984,0.349339178107759,-0.0035294724626773,0.2338569994470988,0.8551610015165011,0.6212913008335295,0.6929830711048329,0.7451661665809467,0.6864801795064364
ELM_elastic_net,PAC,1.0,1.0,54000,1000.0,1.0,1655.2922186842331,0.3480363424362407,-0.0040168051559109,0.2345970704405484,0.8562393205336022,0.6232574582344905,0.6903986399234122,0.7405161098411629,0.6847240693330218
ELM_elastic_net,PAC,1.0,1.0,54000,1000.0,2.0,1650.2103886793177,0.346967853436033,-0.0054239356410964,0.2340891624539768,0.8571206705297596,0.6219080916796007,0.6882790815251345,0.7379052070280584,0.6826974600775979
ELM_elastic_net,PAC,1.0,1.0,54000,1000.0,3.0,1648.3715750228268,0.3465812304747195,-0.0030342201868352,0.2344045666411897,0.8574389112657953,0.6227460305833973,0.687512138726042,0.7357137133344748,0.6819906275479714
ELM_elastic_net,PAC,1.0,1.0,54000,1000.0,4.0,1651.7862083314433,0.3472991801358594,-0.00433807913845,0.2343677034564414,0.8568476634538639,0.6226480956228901,0.6889363332975479,0.7404179785034117,0.6840008024746167
ELM_huber,PAC,1.0,1.0,270,5.0,0.0,3164.570552588561,0.665372281747226,-0.152375229796369,0.5245144146822383,0.4745633831949578,1.3934850946275914,1.3198969830145764,1.2639101988322687,1.3257640921581455
ELM_huber,PAC,1.0,1.0,270,5.0,1.0,2938.178621959527,0.6177718528901148,-0.1383756528099511,0.4943002849710272,0.5470532386004205,1.3132147756026624,1.2254721562488455,1.1685937661441703,1.2357602326652264
ELM_huber,PAC,1.0,1.0,270,5.0,2.0,3100.220927084156,0.6518423393933028,-0.2014485195135823,0.5206285549682125,0.4957149923971566,1.3831614744567535,1.2930576772857445,1.2293695567997265,1.3018629028474082
ELM_huber,PAC,1.0,1.0,270,5.0,3.0,3326.4982204565217,0.6994186649947666,-0.1599381304287263,0.5451830545471752,0.4194156023121491,1.44839577157336,1.3874346904961434,1.3249354051300266,1.3869219557331764
ELM_huber,PAC,1.0,1.0,270,5.0,4.0,2901.53462519108,0.6100672056601091,-0.15772987188882,0.4721592249905333,0.558280791966352,1.2543922986631768,1.210188470839871,1.167792222240756,1.2107909972479345
ELM_huber,PAC,1.0,1.0,540,10.0,0.0,2794.203610835524,0.5875001366890651,-0.1057590461903881,0.4720478766016891,0.590355744722693,1.2540964777747097,1.1654222443716655,1.1013272973352162,1.1736153398271971
ELM_huber,PAC,1.0,1.0,540,10.0,1.0,2797.152856704869,0.5881202355052897,-0.0981118540651611,0.4639285408913684,0.5894905399022266,1.2325257201865434,1.1666523325180438,1.1191959287727418,1.1727913271591095
ELM_huber,PAC,1.0,1.0,540,10.0,2.0,2712.7450323050143,0.5703729216802558,-0.0613701564386077,0.4413409601093979,0.6138920681525062,1.1725169649220362,1.1314470397565786,1.096939314942162,1.1336344398735922
ELM_huber,PAC,1.0,1.0,540,10.0,3.0,2535.525151294231,0.5331112475795906,-0.0423715023112267,0.4227521820195106,0.662692020174294,1.1231318870852518,1.0575311695336824,1.0075046661644529,1.062722574261129
ELM_huber,PAC,1.0,1.0,540,10.0,4.0,2891.344011755348,0.6079245605202841,-0.1258876951764206,0.4772332032500946,0.561378108047385,1.267872410700606,1.2059381121560082,1.1544186834512755,1.2094097354359634
ELM_huber,PAC,1.0,1.0,1350,25.0,0.0,2302.05725342045,0.4840230489309815,-0.0343686555327858,0.370940617708823,0.7219499286282287,0.9854833485984278,0.9601550583320234,0.9363987220079756,0.9606790429794756
ELM_huber,PAC,1.0,1.0,1350,25.0,1.0,2314.65758298872,0.4866723531244838,-0.0273258854925271,0.375390705923546,0.7188977796771554,0.997305962855371,0.9654104750483752,0.9435231216663738,0.9687465198567068
ELM_huber,PAC,1.0,1.0,1350,25.0,2.0,2178.3999064452546,0.4580232585188537,-0.0345659517871908,0.3431982939940209,0.7510191248539675,0.9117799126112006,0.90857935272273,0.9075374128114982,0.909298892715143
ELM_huber,PAC,1.0,1.0,1350,25.0,3.0,2290.551350589172,0.4816038553332446,-0.030171128883372,0.3837705857013122,0.7247224244919259,1.0195689116671067,0.9553561113085672,0.9174689626485144,0.964131328541396
ELM_huber,PAC,1.0,1.0,1350,25.0,4.0,2257.383016822891,0.4746299896686691,-0.0199156427057372,0.3517097954437903,0.7326370179795364,0.9343925426384234,0.9415220750808316,0.9422878320893306,0.939400816602862
ELM_huber,PAC,1.0,1.0,2700,50.0,0.0,2070.130058408149,0.4352587934403466,-0.0126780230105155,0.3216533022960876,0.7751535513205681,0.8545410189706251,0.8634215521931357,0.8678626532996253,0.8619417414877953
ELM_huber,PAC,1.0,1.0,2700,50.0,1.0,2065.56304340136,0.4342985477623491,-0.0210055681259008,0.3258163314430439,0.7761445464315406,0.8656009992159692,0.8615167157457659,0.8606289043858891,0.8625822064492081
ELM_huber,PAC,1.0,1.0,2700,50.0,2.0,1961.2504394563748,0.4123661199183575,-0.0122386000952502,0.298139158664195,0.7981834036164375,0.7920706506704034,0.8180094249619474,0.8369726555825926,0.8156842437383145
ELM_huber,PAC,1.0,1.0,2700,50.0,3.0,1985.8099925848164,0.4175299314473489,-0.0190146650896212,0.3083396789913435,0.7930973023150796,0.819170521780597,0.8282528622750768,0.8388518083443369,0.8287583974666702
ELM_huber,PAC,1.0,1.0,2700,50.0,4.0,1967.434301839228,0.4136663186515866,-0.0041676676430034,0.3094213160854423,0.7969087336123805,0.8220441228223073,0.8205886252568589,0.8228778704086229,0.821836872829263
ELM_huber,PAC,1.0,1.0,5400,100.0,0.0,1828.9110896853745,0.384540879918558,-0.0169613783209776,0.2726306102314019,0.8245004705694281,0.7243017180506631,0.7628125805263022,0.7949066674062977,0.7606736553277544
ELM_huber,PAC,1.0,1.0,5400,100.0,1.0,1833.9242815897908,0.3855949372956482,-0.0101580821316903,0.2694424142157943,0.8235370353933035,0.7158315912016388,0.7649035109574471,0.7993096561701458,0.7600149194430772
ELM_huber,PAC,1.0,1.0,5400,100.0,2.0,1844.1486080317704,0.3877446708221969,-0.0167763281021183,0.2732447006138125,0.8215639503318475,0.7259331809250662,0.7691679308526163,0.8018753577284623,0.765658823168715
ELM_huber,PAC,1.0,1.0,5400,100.0,3.0,1858.0988930999624,0.3906778122556386,-0.0055740355430918,0.2749075888432443,0.8188541374639827,0.7303510003345646,0.7749863946434261,0.8067389065693802,0.7706921005157903
ELM_huber,PAC,1.0,1.0,5400,100.0,4.0,1812.185882324634,0.3810242923755157,-0.0114361533563499,0.2663540124761536,0.8276956446619602,0.7076265892609037,0.7558367364523957,0.7921407554252121,0.7518680270461705
ELM_huber,PAC,1.0,1.0,13500,250.0,0.0,1735.885986605928,0.3649817251874012,-0.009130961370916,0.2450121294083387,0.8418995288420679,0.6509272972799545,0.724013144438917,0.7762160269127178,0.7170521562105296
ELM_huber,PAC,1.0,1.0,13500,250.0,1.0,1723.169875997594,0.3623080772500859,-0.0055568834328481,0.2426396582560907,0.8442073526133919,0.6446243185713628,0.7187094371115862,0.7717101633092959,0.7116813063307483
ELM_huber,PAC,1.0,1.0,13500,250.0,2.0,1724.3330759989094,0.3625526478880735,-0.0078244259429769,0.2452676614266164,0.8439969506391928,0.651606172919408,0.7191945911465065,0.7680393853959351,0.7129467164872832
ELM_huber,PAC,1.0,1.0,13500,250.0,3.0,1757.955741872336,0.3696220399394933,-0.0061895281933076,0.2513977829441909,0.8378538489727276,0.6678921561524351,0.7332181227789242,0.7797393705711066,0.7269498831674888
ELM_huber,PAC,1.0,1.0,13500,250.0,4.0,1733.904167717077,0.3645650344124062,-0.0012281812833479,0.2464924894796436,0.8422603217096456,0.6548601914698976,0.7231865562087586,0.7724477501045904,0.7168314992610823
ELM_huber,PAC,1.0,1.0,27000,500.0,0.0,1692.6024564606505,0.3558810713273441,-0.0041093341596872,0.2353557053281222,0.8496855599333836,0.6252729346036939,0.7059602048998567,0.7630986134576239,0.6981105843203915
ELM_huber,PAC,1.0,1.0,27000,500.0,1.0,1676.3654512524863,0.3524671315764163,-0.0013606857553561,0.2323015648744066,0.8525556371007987,0.617158955120918,0.6991879829407295,0.7569932525501848,0.6911133968706107
ELM_huber,PAC,1.0,1.0,27000,500.0,2.0,1681.211418364769,0.3534860288141896,-0.0037023777854052,0.2333831249862905,0.8517019529932612,0.6200323516428555,0.7012091663098465,0.7561937676610939,0.6924784285379321
ELM_huber,PAC,1.0,1.0,27000,500.0,3.0,1677.9045831553826,0.3527907444297629,-0.0063665115518687,0.2337185861274472,0.8522847647776977,0.6209235761486906,0.6998299327792098,0.7555940093405243,0.6921158394228083
ELM_huber,PAC,1.0,1.0,27000,500.0,4.0,1688.693356767907,0.3550591567771975,-0.0064929782872226,0.234079228335527,0.8503790666678901,0.621881699562243,0.7043297754924495,0.7600620686401678,0.6954245145649534
ELM_huber,PAC,1.0,1.0,54000,1000.0,0.0,1653.0672058851658,0.3475685185029676,-9.986558916231352e-05,0.2263355973277016,0.8566255416092663,0.6013090821362035,0.6894706190018196,0.7506577952232157,0.6804791654537463
ELM_huber,PAC,1.0,1.0,54000,1000.0,1.0,1653.59162288779,0.3476787807113225,-0.0019804333859343,0.2259167676810856,0.8565345593071201,0.6001963713061282,0.6896893458110668,0.750169318051539,0.6800183450562446
ELM_huber,PAC,1.0,1.0,54000,1000.0,2.0,1659.2464963015336,0.3488677559494371,-0.0001646211387514,0.2260373759128824,0.8555516490389669,0.6005167929544067,0.6920479123950932,0.7552208788503944,0.6825951947332981
ELM_huber,PAC,1.0,1.0,54000,1000.0,3.0,1644.5610237860817,0.3457800364014719,-0.002333971624218,0.2258065830662497,0.8580972682039234,0.5999036422330405,0.6859228124659943,0.7454484521770539,0.6770916356253629
ELM_huber,PAC,1.0,1.0,54000,1000.0,4.0,1650.6818807609795,0.3470669878231442,-0.0029887213964396,0.2253306716012263,0.8570390129462275,0.598639281303562,0.6884757341090347,0.7515028097281191,0.6795392750469054
ELM_l3,PAC,1.0,1.0,270,5.0,0.0,2995.09450266306,0.6297388003106379,0.0196901932780459,0.5114792144748397,0.5293350805772394,1.3588542881406034,1.249210953655262,1.174142525482338,1.2607359224260677
ELM_l3,PAC,1.0,1.0,270,5.0,1.0,2832.33771551414,0.5955180891476202,0.0012046465292925,0.491965538537632,0.5790981441069523,1.307012020704797,1.1813274324149836,1.1066501326211815,1.1983298619136542
ELM_l3,PAC,1.0,1.0,270,5.0,2.0,2797.0747706836123,0.5881038173931723,-0.0375494326562085,0.4850706630746443,0.5895134593525683,1.2886943045123689,1.1666197639586895,1.087662143375696,1.180992070615585
ELM_l3,PAC,1.0,1.0,270,5.0,3.0,3153.3526466863905,0.6630136414443741,0.002998668170509,0.5315433658634162,0.4782819612740632,1.4121590117357998,1.3152181553790523,1.2343933142588135,1.320590160457889
ELM_l3,PAC,1.0,1.0,270,5.0,4.0,2631.609567116497,0.5533136434287574,-0.0295622826192507,0.4362055820907297,0.6366428730579707,1.158873731249178,1.0976066010815078,1.0482669188159714,1.1015824170488857
ELM_l3,PAC,1.0,1.0,540,10.0,0.0,2792.4053838309005,0.587122047344782,0.0840761668513482,0.4763192545420638,0.5908828332475208,1.2654443098396095,1.164672229682868,1.094376503747849,1.1748310144234422
ELM_l3,PAC,1.0,1.0,540,10.0,1.0,2712.8768844319984,0.5704006444783817,0.003533502194381,0.4655691767170103,0.6138545339289319,1.23688442131038,1.1315020333873789,1.0682111365303286,1.1455325304093624
ELM_l3,PAC,1.0,1.0,540,10.0,2.0,2678.606642883816,0.563195095277941,-0.0301915238677963,0.4616531310748466,0.6235488286298665,1.2264806057440485,1.1172084072302286,1.0474853989623223,1.1303914706455334
ELM_l3,PAC,1.0,1.0,540,10.0,3.0,2442.1394392601587,0.5134762723859191,0.0254537773127325,0.4145953674617759,0.687081179650218,1.101461558896596,1.0185813286241103,0.9631878692438745,1.0277435855881936
ELM_l3,PAC,1.0,1.0,540,10.0,4.0,2636.472776027674,0.5543361658709246,0.0115749240155215,0.4424170734363361,0.6352986657550865,1.1753758908909766,1.0996349757576172,1.041457846113408,1.1054895709206674
ELM_l3,PAC,1.0,1.0,1350,25.0,0.0,2223.0414904498803,0.4674094523534868,-0.0243363464784549,0.3668595506231172,0.7407099171480589,0.9746411181564836,0.9271987170457974,0.8946413984686921,0.9321604112236578
ELM_l3,PAC,1.0,1.0,1350,25.0,1.0,2278.982564653568,0.4791714401391129,0.0022467785379315,0.3773471161791039,0.7274960668424391,1.0025035865121923,0.9505309366443286,0.9185215735246636,0.9571853655603948
ELM_l3,PAC,1.0,1.0,1350,25.0,2.0,2124.468481309599,0.446683812990917,-0.0052196924609317,0.3459038987097232,0.7631947348604344,0.9189679321160016,0.886085328922881,0.8697955742341745,0.8916162784243523
ELM_l3,PAC,1.0,1.0,1350,25.0,3.0,2240.839848036403,0.4711516769624502,0.0118200469500434,0.3803644664682634,0.7365413832345629,1.010519825028271,0.9346221566849768,0.8946891273099747,0.9466103696744076
ELM_l3,PAC,1.0,1.0,1350,25.0,4.0,2082.334087085508,0.4378247727012357,0.0068927333735075,0.3409407937560719,0.7724946643217274,0.9057823788072802,0.8685116774926626,0.8495458498323935,0.874613302044112
ELM_l3,PAC,1.0,1.0,2700,50.0,0.0,2036.148096250932,0.4281138569243001,-0.0056162166215778,0.3351950697302129,0.7824748409244087,0.8905176299962706,0.8492481632347073,0.8318861918177712,0.8572173283495831
ELM_l3,PAC,1.0,1.0,2700,50.0,1.0,2057.7190563126715,0.4326492966236987,-0.0081201245000553,0.3363694963393507,0.7778415028488391,0.8936377462957606,0.8582451012498603,0.8401821616462158,0.8640216697306123
ELM_l3,PAC,1.0,1.0,2700,50.0,2.0,1949.0723590979,0.4098055964663549,-0.0054252453580546,0.3108987948443574,0.8006819200786466,0.8259693621876055,0.8129301223340086,0.813191602680781,0.8173636957341318
ELM_l3,PAC,1.0,1.0,2700,50.0,3.0,1974.1841723395528,0.4150855244053107,-0.0088146987067896,0.3195183008381514,0.7955128127585025,0.8488689294619991,0.8234038994184132,0.8176489983703699,0.8299739424169275
ELM_l3,PAC,1.0,1.0,2700,50.0,4.0,1943.6181576439803,0.4086588138599331,0.0072717183281098,0.3157770607083482,0.8017958857861059,0.8389295222495936,0.8106552531458677,0.8018795253205366,0.8171547669053326
ELM_l3,PAC,1.0,1.0,5400,100.0,0.0,1862.5523988995485,0.3916141918579898,-0.013530715767355,0.2946374107310903,0.8179847532286234,0.7827675058695489,0.7768438880287145,0.7815077859983908,0.7803730599655513
ELM_l3,PAC,1.0,1.0,5400,100.0,1.0,1858.394547162109,0.3907399755143397,-0.0018654508831266,0.2935348403647472,0.8187964863118733,0.7798382910981912,0.775109707711711,0.7797800237006304,0.7782426741701776
ELM_l3,PAC,1.0,1.0,5400,100.0,2.0,1867.200234487819,0.3925914306078176,-0.0065086843828441,0.2970607005825292,0.8170752137466158,0.7892054953573843,0.7787824335812819,0.7830832501169789,0.7836903930185484
ELM_l3,PAC,1.0,1.0,5400,100.0,3.0,1908.1959281465604,0.4012110514310016,0.0034026210815169,0.3026760906949083,0.8089545497936133,0.804123984159756,0.7958811493398866,0.7969916448360213,0.798998926111888
ELM_l3,PAC,1.0,1.0,5400,100.0,4.0,1905.722724902017,0.4006910437842451,0.0019588465457457,0.3045390384998189,0.8094494549777536,0.8090733047609538,0.7948496117436765,0.7940743008065702,0.7993324057704001
ELM_l3,PAC,1.0,1.0,13500,250.0,0.0,1777.7110259406154,0.3737757215271335,-0.0039249917074477,0.2743774242415054,0.8341890903509283,0.7289425043055853,0.7414577683823345,0.7585781497981953,0.7429928074953717
ELM_l3,PAC,1.0,1.0,13500,250.0,1.0,1798.4722331889247,0.3781409052413456,-0.0084950523479551,0.2787873523639712,0.8302935909725677,0.7406584246597628,0.7501169701145786,0.7669902587609798,0.7525885511784404
ELM_l3,PAC,1.0,1.0,13500,250.0,2.0,1773.0976338081196,0.3728057247459644,-0.004722855062785,0.2740501076243916,0.8350485755669133,0.7280729174755487,0.7395335887010934,0.758076810858305,0.7418944390116491
ELM_l3,PAC,1.0,1.0,13500,250.0,3.0,1780.6684575868742,0.3743975414581106,-0.0071181011848228,0.2753579033746064,0.8336369394983569,0.7315473575170979,0.7426912706988417,0.760480948377658,0.7449065255311992
ELM_l3,PAC,1.0,1.0,13500,250.0,4.0,1776.9268591337973,0.3736108451722372,-0.0046177572958122,0.2740747721898141,0.8343353399182868,0.7281384441861969,0.7411307036557626,0.7600246419903006,0.7430979299440867
ELM_l3,PAC,1.0,1.0,27000,500.0,0.0,1751.2908485738635,0.3682207012150401,-0.0069232754856482,0.2645356077031104,0.8390809995537776,0.7027956067820516,0.7304382913892994,0.757632494322647,0.7302887974979994
ELM_l3,PAC,1.0,1.0,27000,500.0,1.0,1744.444591583356,0.3667812295522972,-0.0037612523927783,0.2630693712451388,0.8403366898109894,0.6989002350016195,0.7275828158053148,0.753790771859508,0.7267579408888141
ELM_l3,PAC,1.0,1.0,27000,500.0,2.0,1747.914412738691,0.3675107828300686,-0.0027097661632862,0.262554489437499,0.8397008953473459,0.6975323409945967,0.7290300284360398,0.7570926981437738,0.7278850225248034
ELM_l3,PAC,1.0,1.0,27000,500.0,3.0,1755.6292594514975,0.3691328813345344,-0.0080952829131447,0.2658871097825626,0.8382827341231123,0.7063861620658674,0.7322477803336311,0.7572820610936357,0.7319720011643781
ELM_l3,PAC,1.0,1.0,27000,500.0,4.0,1759.7286905929147,0.3699948143542294,-0.0057927625724086,0.2644056694317734,0.8375266259733551,0.7024503978816642,0.7339575942580534,0.7617960170339104,0.7327346697245426
ELM_l3,PAC,1.0,1.0,54000,1000.0,0.0,1763.3580463750975,0.3707579108622494,-0.0054155003677196,0.2602166141676035,0.8368557478210237,0.6913212736711726,0.7354713464931778,0.7731137618318109,0.7333021273320538
ELM_l3,PAC,1.0,1.0,54000,1000.0,1.0,1765.6912921529674,0.371248491508596,-0.0075290322446304,0.2611145983589445,0.8364237227119546,0.6937069613678641,0.736444509837671,0.7705969815455095,0.7335828175836815
ELM_l3,PAC,1.0,1.0,54000,1000.0,2.0,1760.6281630633418,0.3701839345018359,-0.0097421141565518,0.2603333045791342,0.8373604893669836,0.6916312867892151,0.7343327513229039,0.767750260138596,0.7312380994169051
ELM_l3,PAC,1.0,1.0,54000,1000.0,3.0,1758.2336612743852,0.3696804743664116,-0.00169647364332,0.2599279997404723,0.8378025767792732,0.6905545075136674,0.7333340389748787,0.7671744589149091,0.7303543351344851
ELM_l3,PAC,1.0,1.0,54000,1000.0,4.0,1753.8862741742023,0.3687664069356441,-0.0054852296404785,0.260550435744013,0.8386036798940902,0.6922081423214335,0.7315208061768821,0.7668218703200415,0.7301836062727857
ELM_lp,PAC,1.0,1.0,270,5.0,0.0,3101.884959494053,0.6521922134198335,-0.1122292626880038,0.5185293610319162,0.4951735007933816,1.3775845153130597,1.2937517213340484,1.2325598629988843,1.3012986998819975
ELM_lp,PAC,1.0,1.0,270,5.0,1.0,2893.5801717070367,0.6083947282175061,-0.1055129708174218,0.490652222848735,0.5606993870164343,1.3035229157616524,1.2068707823950575,1.1463186972782236,1.2189041318116445
ELM_lp,PAC,1.0,1.0,270,5.0,2.0,3016.059914973253,0.6341469195150569,-0.1624397636189203,0.5119450212759457,0.522722787996388,1.3600918038620933,1.2579553263895795,1.1879116941587209,1.2686529414701313
ELM_lp,PAC,1.0,1.0,270,5.0,3.0,3254.9334694279923,0.6843716938834495,-0.1163459917871526,0.5387147509546352,0.4441277398547217,1.4312113350899678,1.3575860594092235,1.288252689950096,1.359016694816429
ELM_lp,PAC,1.0,1.0,270,5.0,4.0,2837.66838977951,0.596638899330316,-0.1287219636447972,0.4648495841882115,0.5775123147920875,1.2349726693451,1.1835507801847276,1.1376770209097369,1.185400156813188
ELM_lp,PAC,1.0,1.0,540,10.0,0.0,2873.2730798217185,0.6041250253182193,-0.0490125239294368,0.476637295092191,0.5668437576352052,1.266289252807207,1.198400985666618,1.146326436833954,1.2036722251025929
ELM_lp,PAC,1.0,1.0,540,10.0,1.0,2758.8529211765467,0.5800674159932059,-0.0733515659842625,0.460674026212808,0.6006553541339712,1.2238794035785086,1.1506779788060892,1.1005869137240725,1.1583814320362231
ELM_lp,PAC,1.0,1.0,540,10.0,2.0,2673.261064379136,0.5620711513785046,-0.037943648062894,0.4378714677553464,0.6250498637416875,1.1632995139884448,1.1149788431160637,1.0771070859200518,1.11846181434152
ELM_lp,PAC,1.0,1.0,540,10.0,3.0,2502.585739348524,0.5261855142702798,-0.0225664580383765,0.4195173002930649,0.6713991362395587,1.114537729627413,1.0437926133135185,0.9919466404386604,1.0500923277931973
ELM_lp,PAC,1.0,1.0,540,10.0,4.0,2832.407619836448,0.595532787002405,-0.0967656725412485,0.4704241434342504,0.579077367472921,1.2497826821894171,1.1813565885050694,1.1260764532800298,1.185738574658172
ELM_lp,PAC,1.0,1.0,1350,25.0,0.0,2273.8415717801386,0.4780905117471571,-0.0320350303664564,0.3681363680173464,0.7287241241863363,0.9780332575479194,0.9483867022622612,0.9231367097750354,0.949852223195072
ELM_lp,PAC,1.0,1.0,1350,25.0,1.0,2298.611549465206,0.4832985664570323,-0.0195293304887905,0.374564358506568,0.7227816726751709,0.9951105936218286,0.9587179046395048,0.9347955431543898,0.9628746804719078
ELM_lp,PAC,1.0,1.0,1350,25.0,2.0,2155.728819647917,0.4532565097605759,-0.0308625918755483,0.3419221615649933,0.7561745551027907,0.9083895929768044,0.899123567627027,0.8950233518789682,0.9008455041609332
ELM_lp,PAC,1.0,1.0,1350,25.0,3.0,2273.569745228643,0.4780333583831217,-0.0187987349610161,0.3821178934881881,0.7287889796970415,1.0151781801628246,0.9482733273068732,0.910245957784054,0.9578991550845838
ELM_lp,PAC,1.0,1.0,1350,25.0,4.0,2151.3009894021875,0.4523255286164265,-0.0213894915219592,0.3427538757552646,0.7571751530551956,0.9105992201952204,0.8972767831469468,0.8858875635748223,0.8979211889723299
ELM_lp,PAC,1.0,1.0,2700,50.0,0.0,2049.813280559797,0.4309870540020674,-0.0162770646466703,0.3274560768898743,0.7795452935840153,0.8699573348574329,0.8549477155884557,0.8491022328256045,0.8580024277571643
ELM_lp,PAC,1.0,1.0,2700,50.0,1.0,2075.4082893427862,0.4363685770593895,-0.0132792920750436,0.3315326937074658,0.7740055031937538,0.8807877422071783,0.8656230266019092,0.8593084385431763,0.8685730691174213
ELM_lp,PAC,1.0,1.0,2700,50.0,2.0,1945.2397937342453,0.4089997737745922,-0.0125969435943724,0.2987867855650429,0.8014650090364035,0.7937912105024114,0.8113316142974109,0.8268730873435253,0.8106653040477826
ELM_lp,PAC,1.0,1.0,2700,50.0,3.0,1971.1148429961063,0.4144401772295266,-0.0166915290954724,0.3086503431488842,0.796148164442275,0.819995867778438,0.8221237261775357,0.8300765827564954,0.8240653922374898
ELM_lp,PAC,1.0,1.0,2700,50.0,4.0,1951.745421608014,0.4103676258703614,-0.0022887145881374,0.3091468457538328,0.8001348341454512,0.8213149334896421,0.8140450183629891,0.8144974888712976,0.8166191469079762
ELM_lp,PAC,1.0,1.0,5400,100.0,0.0,1820.0525538518484,0.3826783130702154,-0.0172583757289045,0.2750798399055306,0.8261964565279802,0.7308086222437261,0.7591178123022115,0.7863829379186267,0.7587697908215215
ELM_lp,PAC,1.0,1.0,5400,100.0,1.0,1826.9942267167423,0.3841378465634659,-0.0099680881479876,0.271102875991147,0.824868156300788,0.7202429642151996,0.7620130844787011,0.7929505612553593,0.7584022033164199
ELM_lp,PAC,1.0,1.0,5400,100.0,2.0,1833.110888798716,0.3854239159806354,-0.0141532893290999,0.2757725069041903,0.8236935324464162,0.7326488407604234,0.7645642564920767,0.7923934253316592,0.7632021741947198
ELM_lp,PAC,1.0,1.0,5400,100.0,3.0,1850.565299344832,0.3890938234068175,-0.0066485241100711,0.2773192140556863,0.8203200581667873,0.7367580002058681,0.771844240754482,0.7991442436379289,0.7692488281994264
ELM_lp,PAC,1.0,1.0,5400,100.0,4.0,1808.397878805733,0.3802278391118727,-0.0107403829708377,0.2703985227761633,0.828415225753305,0.7183716987571711,0.754256814522023,0.7845994840162752,0.7524093324318231
ELM_lp,PAC,1.0,1.0,13500,250.0,0.0,1729.786919315594,0.3636993551937286,-0.0085798873273842,0.2479415424859804,0.8430085549388697,0.6587099117237804,0.7214693109607442,0.769387012069963,0.7165220782514958
ELM_lp,PAC,1.0,1.0,13500,250.0,1.0,1716.5802234670623,0.3609225584040691,-0.0048507061574524,0.2463033360862629,0.8453966218274108,0.6543576648912259,0.7159609875669715,0.7638628573016026,0.7113938365866
ELM_lp,PAC,1.0,1.0,13500,250.0,2.0,1719.5286188029693,0.3615424783899074,-0.0072594427112701,0.2487160964172243,0.8448650727149124,0.6607676804484538,0.7171907209680531,0.7611484412457711,0.7130356142207593
ELM_lp,PAC,1.0,1.0,13500,250.0,3.0,1752.7334600806337,0.368524020004741,-0.0067653041090978,0.2551655692415377,0.8388157789422647,0.677902088955284,0.7310399839551013,0.7716545623198474,0.7268655450767443
ELM_lp,PAC,1.0,1.0,13500,250.0,4.0,1730.6099562672798,0.3638724042584927,-0.0015773858112189,0.2504459237453209,0.842859125551811,0.6653633379375665,0.721812587867164,0.7653900960832054,0.7175220072959787
ELM_lp,PAC,1.0,1.0,27000,500.0,0.0,1690.8275443567554,0.3555078840980363,-0.0045315451580036,0.238773488410997,0.8500006428207982,0.6343530087624596,0.7052199145217102,0.7579629366666323,0.6991786199836006
ELM_lp,PAC,1.0,1.0,27000,500.0,1.0,1673.6952240948945,0.3519056983243824,-0.0018317543097327,0.2359454744060979,0.8530249815125105,0.6268397827139204,0.6980742694966141,0.7510325876537658,0.6919822132881001
ELM_lp,PAC,1.0,1.0,27000,500.0,2.0,1677.5669580839303,0.3527197564835522,-0.00379937932859,0.2366991684210743,0.8523442048075197,0.62884213259484,0.6996891142050007,0.7500496541128701,0.692860300304237
ELM_lp,PAC,1.0,1.0,27000,500.0,3.0,1676.6846080588398,0.3525342364454497,-0.006931980527015,0.2373638283343968,0.85249948901981,0.6306079442794865,0.6993210986664855,0.7499378271683484,0.6932889567047735
ELM_lp,PAC,1.0,1.0,27000,500.0,4.0,1686.136896168578,0.3545216437106043,-0.0069456077691155,0.2371551917795028,0.8508317367656268,0.6300536565014939,0.7032635124478509,0.7549416367734849,0.6960862685742765
ELM_lp,PAC,1.0,1.0,54000,1000.0,0.0,1658.2388306691273,0.3486558874605124,-0.0035995262183002,0.2300187786042853,0.8557270436425368,0.6110942435465724,0.691627629514368,0.749972072197992,0.6842313150863109
ELM_lp,PAC,1.0,1.0,54000,1000.0,1.0,1651.5724919883012,0.3472542448346803,-0.0018740352253559,0.2287628866398738,0.8568847045848804,0.6077576970496945,0.6888471952764968,0.7457045779846831,0.6807698234369582
ELM_lp,PAC,1.0,1.0,54000,1000.0,2.0,1661.5554049339692,0.3493532195469709,-0.0031104955467565,0.231676941117997,0.8551493578819321,0.6154995080782006,0.6930109250653322,0.748306099818424,0.6856055109873189
ELM_lp,PAC,1.0,1.0,54000,1000.0,3.0,1642.9894778768162,0.3454496082848786,-0.0021334214870109,0.2284436392487354,0.858368343708733,0.6069095478499825,0.685267343210423,0.7407995964492231,0.6776588291698763
ELM_lp,PAC,1.0,1.0,54000,1000.0,4.0,1647.9174502938126,0.3464857476905247,-0.0037987093968603,0.2284218512825385,0.8575174513216861,0.6068516634424472,0.6873227298158037,0.7454308974390383,0.6798684302324297
ELM_m_estimator,PAC,1.0,1.0,270,5.0,0.0,3175.265996295793,0.6676210708532101,-0.1591114091262332,0.5254653282697732,0.4710056970109687,1.396011400623036,1.3243578991630975,1.2694495671893296,1.3299396223251545
ELM_m_estimator,PAC,1.0,1.0,270,5.0,1.0,2941.705347515091,0.6185133707014597,-0.1413024112809558,0.4944112713627278,0.5459652328502973,1.3135096347680388,1.226943102888636,1.170595998499676,1.2370162453854503
ELM_m_estimator,PAC,1.0,1.0,270,5.0,2.0,3097.3808964942764,0.6512452038254848,-0.1980790147982325,0.5205134794801282,0.4966384935849132,1.3828557517293818,1.291873141265783,1.2275674411514357,1.3007654447155337
ELM_m_estimator,PAC,1.0,1.0,270,5.0,3.0,3360.724367580937,0.7066149430454993,-0.178550702895204,0.548206318043193,0.4074069419541618,1.4564277197923323,1.4017099255016563,1.3423738562173917,1.4001705005037934
ELM_m_estimator,PAC,1.0,1.0,270,5.0,4.0,2915.916164464323,0.6130910211959794,-0.1632126227663748,0.4739011737524783,0.5538911524219573,1.259020159342365,1.2161868045734423,1.1744507357321654,1.2165525665493242
ELM_m_estimator,PAC,1.0,1.0,540,10.0,0.0,2797.3794844211197,0.5881678855096626,-0.1086037038247007,0.4721296372721381,0.5894240175525327,1.2543136925402305,1.16674685568761,1.1031210271889098,1.1747271918055835
ELM_m_estimator,PAC,1.0,1.0,540,10.0,1.0,2802.1538767230127,0.5891717336612763,-0.1015132680237689,0.4640312073439166,0.5880213307611333,1.2327984756482415,1.168738186230025,1.1221751476939512,1.1745706031907397
ELM_m_estimator,PAC,1.0,1.0,540,10.0,2.0,2723.767227624839,0.5726904125144596,-0.0666376582173889,0.4423513809582888,0.6107480919926158,1.1752013647265365,1.1360442393155945,1.1025935673413307,1.1379463904611538
ELM_m_estimator,PAC,1.0,1.0,540,10.0,3.0,2543.881021003978,0.5348681254884143,-0.0475509272209402,0.4234226929371923,0.6604651475740954,1.124913243218506,1.0610162829280847,1.0116372982892168,1.0658556081452693
ELM_m_estimator,PAC,1.0,1.0,540,10.0,4.0,2904.311357478283,0.6106510323332816,-0.1318829958624611,0.4786348904104403,0.5574349479319862,1.2715962934206946,1.2113466060457745,1.1608016119259146,1.2145815037974612
ELM_m_estimator,PAC,1.0,1.0,1350,25.0,0.0,2307.735598505642,0.4852169592461717,-0.032328950005063,0.3710476505963762,0.7205765383719782,0.9857677044316808,0.9625234146135196,0.940219095437065,0.9628367381607552
ELM_m_estimator,PAC,1.0,1.0,1350,25.0,1.0,2318.767512796997,0.4875364935596267,-0.0272590383317491,0.3749758325519891,0.7178986374338404,0.9962037627189404,0.9671246678161458,0.9470168152443108,0.9701150819264658
ELM_m_estimator,PAC,1.0,1.0,1350,25.0,2.0,2182.5824730305103,0.4589026713257873,-0.035713225362919,0.3431149054517673,0.7500621115720073,0.9115583730549168,0.9103238412482332,0.9103081941007004,0.9107301361346168
ELM_m_estimator,PAC,1.0,1.0,1350,25.0,3.0,2289.5217754569694,0.4813873802243602,-0.0309174338013271,0.3833129005708726,0.7249698367574738,1.018352972906517,0.9549266902897596,0.917636796951792,0.963638820049356
ELM_m_estimator,PAC,1.0,1.0,1350,25.0,4.0,2263.466691324013,0.4759091232246923,-0.0200083468874621,0.3518765074266343,0.7311939831651462,0.9348354487944528,0.9440594884474276,0.9462186153757398,0.9417045175392068
ELM_m_estimator,PAC,1.0,1.0,2700,50.0,0.0,2072.1339558383843,0.4356801263774342,-0.0110815374449516,0.3207055744490343,0.774718035401524,0.8520231765783768,0.8642573490661978,0.8711561808936739,0.8624789021794163
ELM_m_estimator,PAC,1.0,1.0,2700,50.0,1.0,2068.3965834735623,0.434894318655092,-0.0213195876145554,0.32490136871245,0.7755299552004459,0.8631702043864418,0.8626985446639084,0.8639120893456191,0.8632602794653231
ELM_m_estimator,PAC,1.0,1.0,2700,50.0,2.0,1968.9237885635696,0.4139794932716301,-0.0097699291316909,0.2976729036089674,0.7966011083438523,0.7908319440656517,0.8212098688035042,0.842281220262791,0.818107677710649
ELM_m_estimator,PAC,1.0,1.0,2700,50.0,3.0,1989.7346858746505,0.4183551246563544,-0.0159483162112514,0.3073792548380292,0.792278661994629,0.8166189489263511,0.8298897955481467,0.842879202479671,0.8297959823180564
ELM_m_estimator,PAC,1.0,1.0,2700,50.0,4.0,1968.7381556332837,0.4139404626972315,-0.0035447653023261,0.3086455816644621,0.7966394600084292,0.8199832178733357,0.8211324439711103,0.8249772963024775,0.8220309860489744
ELM_m_estimator,PAC,1.0,1.0,5400,100.0,0.0,1835.917569539429,0.3860140395179529,-0.0157178151352757,0.2715310685837834,0.8231532325744606,0.7213805497205099,0.765734882768341,0.8006869010413886,0.7626007778434132
ELM_m_estimator,PAC,1.0,1.0,5400,100.0,1.0,1840.570335663646,0.3869923149461857,-0.0087469611756402,0.2689040488590035,0.8222557311755276,0.7144013081071193,0.767675484776725,0.8040562565099181,0.7620443497979208
ELM_m_estimator,PAC,1.0,1.0,5400,100.0,2.0,1852.6554037263727,0.3895332819362849,-0.0163648232938738,0.2722259360798299,0.8199139531625169,0.7232266143307047,0.7727159933103306,0.808130712576181,0.7680244400724053
ELM_m_estimator,PAC,1.0,1.0,5400,100.0,3.0,1866.1037856659352,0.3923608948550789,-0.0038362185549945,0.2741696576772932,0.8172899831906866,0.7283905278445243,0.7783251205057841,0.8126389031199724,0.7731181838234269
ELM_m_estimator,PAC,1.0,1.0,5400,100.0,4.0,1817.9389618270652,0.3822339161054954,-0.0100857743899817,0.2650668121026979,0.8265998915655737,0.7042068652571387,0.7582362633872877,0.7972889632958485,0.7532440306467584
ELM_m_estimator,PAC,1.0,1.0,13500,250.0,0.0,1742.8535761006428,0.3664467078266993,-0.0077243371150977,0.2437169114791673,0.8406277978892458,0.6474862729189973,0.7269192260699414,0.7818653543854259,0.7187569511247882
ELM_m_estimator,PAC,1.0,1.0,13500,250.0,1.0,1730.1472775072898,0.3637751229316477,-0.0054826589045777,0.2413080834268053,0.8429431375797387,0.6410867043036699,0.7216196111933096,0.7772500249722797,0.7133187801564197
ELM_m_estimator,PAC,1.0,1.0,13500,250.0,2.0,1733.31255952707,0.3644406448041659,-0.0071300402593918,0.2445986888355595,0.842367944918464,0.6498289036809316,0.7229398049190843,0.7738852411479095,0.7155513165826418
ELM_m_estimator,PAC,1.0,1.0,13500,250.0,3.0,1765.414479805028,0.3711902898472636,-0.0043691995089102,0.2499822409297731,0.8364750073099518,0.664131465039484,0.7363290553781053,0.7859041903714821,0.7287882369296904
ELM_m_estimator,PAC,1.0,1.0,13500,250.0,4.0,1743.425171894172,0.3665668896937355,-0.0004033141419879,0.2458642719863551,0.840523243588378,0.6531911968940055,0.7271576304761146,0.778507499571917,0.7196187756473457
ELM_m_estimator,PAC,1.0,1.0,27000,500.0,0.0,1701.2826598940271,0.357706142586941,-0.0031322546243029,0.2347672082267703,0.8481398862572447,0.6237094657723136,0.7095805932379505,0.7687084664099151,0.7006661751400598
ELM_m_estimator,PAC,1.0,1.0,27000,500.0,1.0,1685.6300353465776,0.3544150728075202,-0.000703585372114,0.2317861609858214,0.8509214046742001,0.6157896740938339,0.7030521080697058,0.7624449801964868,0.6937622541200087
ELM_m_estimator,PAC,1.0,1.0,27000,500.0,2.0,1691.848852258054,0.355722620965918,-0.0036352614587135,0.2330948185695781,0.8498193803420606,0.6192664037811221,0.7056458873970977,0.7620555872307238,0.6956559594696478
ELM_m_estimator,PAC,1.0,1.0,27000,500.0,3.0,1686.002571315016,0.354493401005054,-0.0056486509950965,0.2327331397181816,0.850855502578526,0.6183055263021524,0.7032074874782652,0.7613580515373785,0.694290355105932
ELM_m_estimator,PAC,1.0,1.0,27000,500.0,4.0,1695.219128428728,0.3564312442399245,-0.0053300595967924,0.2334044048323953,0.8492204446799788,0.6200888861203321,0.7070515812426528,0.7646540333401882,0.6972648335677243
ELM_m_estimator,PAC,1.0,1.0,54000,1000.0,0.0,1659.7989981932449,0.3489839231949601,0.0009778596825302,0.2255022469888645,0.8554554351554788,0.5990951081380325,0.6922783530087124,0.7552650269813895,0.6822128293760449
ELM_m_estimator,PAC,1.0,1.0,54000,1000.0,1.0,1670.7290549140012,0.3512820412678744,-0.0047714967097441,0.2259829985789716,0.853545466317775,0.6003723278984058,0.6968371228797471,0.7605104155462411,0.6859066221081314
ELM_m_estimator,PAC,1.0,1.0,54000,1000.0,2.0,1669.8889051261942,0.3511053941140085,-0.002628653787787,0.2281226285615402,0.8536927227599718,0.6060567140759218,0.6964867084548579,0.7578868958915123,0.686810106140764
ELM_m_estimator,PAC,1.0,1.0,54000,1000.0,3.0,1666.483008396902,0.3503892813775392,0.0011163406007529,0.2262411334595501,0.8542889292535002,0.6010581186000924,0.6950661577852655,0.7567204566187349,0.684281577668031
ELM_m_estimator,PAC,1.0,1.0,54000,1000.0,4.0,1657.5904770579966,0.3485195667451268,-0.0024874491601905,0.2244300582829002,0.8558398399466222,0.5962466087668677,0.6913572105235326,0.7562356442781639,0.6812798211895214
ELM_mae,PAC,1.0,1.0,270,5.0,0.0,3151.0845822127417,0.6625367656064356,-0.1400299706208001,0.5238158227473079,0.4790321879298074,1.391629135246299,1.3142721782215503,1.255996187033921,1.3206325001672568
ELM_mae,PAC,1.0,1.0,270,5.0,1.0,2932.765278313864,0.6166336609131813,-0.1351360983185725,0.4934330069275534,0.5487207326689878,1.3109106653768057,1.2232143282664398,1.1659995521829285,1.2333748486087246
ELM_mae,PAC,1.0,1.0,270,5.0,2.0,3116.9372213700667,0.6553570529023053,-0.1966165119551516,0.5233623204044265,0.4902621531732829,1.390424308958414,1.300029803843994,1.2346512663148972,1.3083684597057683
ELM_mae,PAC,1.0,1.0,270,5.0,3.0,3305.766980144294,0.6950597820307847,-0.1495721457321205,0.5432223412766152,0.4266296322360194,1.44318671603383,1.3787879875430753,1.314573322633924,1.3788493420702763
ELM_mae,PAC,1.0,1.0,270,5.0,4.0,2890.55479797001,0.6077586230041472,-0.150045748141195,0.4715072914840023,0.5616175255625089,1.252660297409046,1.2056089424070928,1.1617790246374875,1.2066827548178756
ELM_mae,PAC,1.0,1.0,540,10.0,0.0,2794.7339914057407,0.5876116527776891,-0.1063268751779752,0.4720301098302546,0.5902002170631391,1.2540492765339415,1.1656434584994106,1.1015018698824033,1.1737315349719184
ELM_mae,PAC,1.0,1.0,540,10.0,1.0,2786.624277559115,0.5859065307976996,-0.0952097184530419,0.4626974587067778,0.5925750671559216,1.2292550861935236,1.162261013184511,1.113422902598917,1.168313000658984
ELM_mae,PAC,1.0,1.0,540,10.0,2.0,2707.05630058661,0.5691768275054471,-0.0579209816179205,0.441138423728242,0.6155097368805809,1.1719788835645746,1.1290743513593615,1.093685787588596,1.1315796741708442
ELM_mae,PAC,1.0,1.0,540,10.0,3.0,2527.865743734364,0.5315008055305829,-0.0380925831107458,0.4220383857522396,0.6647268467692726,1.121235534132501,1.05433654051153,1.0037748378312072,1.059782304158413
ELM_mae,PAC,1.0,1.0,540,10.0,4.0,2894.415378834836,0.6085703361438014,-0.1228239246852774,0.4780740285208586,0.560445749699535,1.270106243459436,1.2072191353073585,1.1548822080573444,1.2107358622747129
ELM_mae,PAC,1.0,1.0,1350,25.0,0.0,2290.0263135506184,0.4814934627581577,-0.0329126994380102,0.3695165623165659,0.7248486075250178,0.9817000398704178,0.955137125891228,0.931190949722516,0.956009371828054
ELM_mae,PAC,1.0,1.0,1350,25.0,1.0,2308.374815072428,0.4853513588364179,-0.0241078545597694,0.3748395496152992,0.7204217226793139,0.995841697853584,0.962790022674226,0.940499586999385,0.966377102509065
ELM_mae,PAC,1.0,1.0,1350,25.0,2.0,2173.058121099883,0.4569001121567205,-0.0346855558671674,0.3429800138354728,0.7522387096481108,0.9112000045307448,0.9063513706809012,0.9043125784206284,0.9072879845440914
ELM_mae,PAC,1.0,1.0,1350,25.0,3.0,2285.810168306211,0.4806069898118825,-0.0268762111346029,0.3833663038484746,0.7258608319904063,1.0184948501729172,0.9533786321886644,0.9153953423069474,0.9624229415561764
ELM_mae,PAC,1.0,1.0,1350,25.0,4.0,2248.322519016714,0.4727249589547448,-0.0177905056578812,0.3505582074796541,0.7347789497612851,0.9313331021001716,0.93774307141501,0.93858189248769,0.9358860220009572
ELM_mae,PAC,1.0,1.0,2700,50.0,0.0,2061.334771808441,0.4334095251695914,-0.0107833192707085,0.3206249426602098,0.7770600865102386,0.8518089609291307,0.8597531643171862,0.8642972715800615,0.8586197989421261
ELM_mae,PAC,1.0,1.0,2700,50.0,1.0,2084.610459372952,0.4383033953130034,-0.012757206594386,0.331387701155351,0.7719969824971338,0.8804025383795078,0.8694611197201263,0.8656714408665298,0.8718450329887212
ELM_mae,PAC,1.0,1.0,2700,50.0,2.0,1950.567345166859,0.4101199273606591,-0.011859635656025,0.2973967717050628,0.8003760391507404,0.790098340409639,0.813553659578408,0.8319198335847721,0.8118572778576064
ELM_mae,PAC,1.0,1.0,2700,50.0,3.0,1975.74764025696,0.4154142540696858,-0.0164908300700004,0.3073731716041729,0.7951887946054641,0.8166027875102516,0.824055999459456,0.8345829048002663,0.8250805639233246
ELM_mae,PAC,1.0,1.0,2700,50.0,4.0,1958.2499765410143,0.4117352523731045,-0.0031859090150316,0.308649236724609,0.7988004385438042,0.8199929283249308,0.8167579749203637,0.8188689899933856,0.8185399644128933
ELM_mae,PAC,1.0,1.0,5400,100.0,0.0,1819.9732317258845,0.3826616350587543,-0.0166852477930438,0.2721894909533695,0.8262116057236625,0.7231297900317479,0.7590847281813154,0.7905787364531423,0.7575977515554019
ELM_mae,PAC,1.0,1.0,5400,100.0,1.0,1823.531720467773,0.3834098312940461,-0.0088282495320484,0.2684816934182407,0.8255313444778882,0.7132792302483164,0.7605689227904918,0.7950692039189221,0.7563057856525767
ELM_mae,PAC,1.0,1.0,5400,100.0,2.0,1834.3120668315423,0.3856764717556466,-0.0143016961459092,0.2729397888291076,0.8234624009399105,0.7251231173400262,0.7650652506191611,0.7970672056423809,0.7624185245338561
ELM_mae,PAC,1.0,1.0,5400,100.0,3.0,1846.6935933903785,0.3882797711421076,-0.0050151677055137,0.2742993523566429,0.8210711153400053,0.7287350895905266,0.7702294077389177,0.8015786636095893,0.7668477203130112
ELM_mae,PAC,1.0,1.0,5400,100.0,4.0,1804.016224519808,0.3793065667744087,-0.0101149109021549,0.2664579880376333,0.8292457004553468,0.7079028226513919,0.7524292893724023,0.7877682845746488,0.7493667988661477
ELM_mae,PAC,1.0,1.0,13500,250.0,0.0,1726.6764517269614,0.3630453584247021,-0.0074284757855869,0.2452306270544444,0.8435726449495486,0.6515077831627762,0.7201719795479108,0.77170347745122,0.7144610800539689
ELM_mae,PAC,1.0,1.0,13500,250.0,1.0,1724.0297977079672,0.3624888815838957,-0.0061417221770507,0.2443440997401079,0.8440518219145489,0.649152533118301,0.7190680981217575,0.770011863460004,0.7127441649000209
ELM_mae,PAC,1.0,1.0,13500,250.0,2.0,1724.7590462974297,0.3626422110135507,-0.0084853605620794,0.2475838067092078,0.8439198647507501,0.6577595098686668,0.7193722572476496,0.7651837362821371,0.7141051677994845
ELM_mae,PAC,1.0,1.0,13500,250.0,3.0,1755.9451783810414,0.3691993054181516,-0.0063736917699721,0.2534291800083978,0.8382245280503484,0.6732889983573485,0.732379545587416,0.7756680210589572,0.7271121883345738
ELM_mae,PAC,1.0,1.0,13500,250.0,4.0,1735.9148818437368,0.3649878006058483,-0.0011078165716736,0.2492894903384274,0.8418942653757239,0.662291024440879,0.7240251962281168,0.7698911535685489,0.7187357914125149
ELM_mae,PAC,1.0,1.0,27000,500.0,0.0,1693.9928913630151,0.3561734196343997,-0.0051832706241421,0.2375167931595732,0.8494384986244429,0.6310143281612616,0.706540135352413,0.7609763437766245,0.6995102690967663
ELM_mae,PAC,1.0,1.0,27000,500.0,1.0,1676.8988837036372,0.3525792893435704,-0.0024232019462639,0.2345096465625304,0.8524617862980088,0.6230251979428333,0.6994104699642341,0.7542749322333877,0.6922368667134849
ELM_mae,PAC,1.0,1.0,27000,500.0,2.0,1681.3206705817065,0.3535089998289487,-0.0044820166336645,0.2351879770896056,0.8516826783004301,0.6248273285463988,0.7012547338423527,0.7535703628185951,0.6932174750691155
ELM_mae,PAC,1.0,1.0,27000,500.0,3.0,1678.607322161538,0.3529385000409045,-0.0073048889975481,0.2357062437019697,0.8521610068519315,0.6262042150134943,0.7001230351381736,0.7530235935961912,0.693116947915953
ELM_mae,PAC,1.0,1.0,27000,500.0,4.0,1688.344465982583,0.3549858001387361,-0.0069380087109997,0.2350355666092075,0.8504408848449048,0.6244224174004802,0.7041842581505864,0.7585161263604602,0.6957076006371756
ELM_mae,PAC,1.0,1.0,54000,1000.0,0.0,1651.856362488451,0.3473139305200732,-0.0009993917423075,0.2275332951077606,0.8568355033514132,0.60449102329485,0.6889655935901031,0.7480115055314076,0.6804893741387869
ELM_mae,PAC,1.0,1.0,54000,1000.0,1.0,1652.28283912476,0.3474036001064823,-0.002292723518991,0.2271248337808269,0.8567615693264914,0.6034058581308789,0.6891434708774747,0.7477645032014625,0.6801046107366053
ELM_mae,PAC,1.0,1.0,54000,1000.0,2.0,1662.718849705232,0.3495978416494893,-0.0034277252734936,0.2301595223035982,0.8549464338942736,0.611468159385042,0.6934961811902867,0.7508677303551475,0.6852773569768255
ELM_mae,PAC,1.0,1.0,54000,1000.0,3.0,1644.2129439312218,0.3457068502666048,-0.0030180513892557,0.2270085244745913,0.858157330742656,0.6030968575008315,0.6857776333515955,0.7431395518727915,0.6773380142417395
ELM_mae,PAC,1.0,1.0,54000,1000.0,4.0,1649.3661372102565,0.346790343876046,-0.0035231100198493,0.2266771317137196,0.857266827926827,0.6022164415202297,0.6879269563478311,0.7482251982967696,0.6794561987216102
ELM_ols,PAC,1.0,1.0,270,5.0,0.0,3067.907433000543,0.6450482095319692,-0.0884478789219602,0.5151330866374482,0.5061724977081061,1.3685615836004512,1.2795801824273243,1.2158436056357582,1.2879951238878444
ELM_ols,PAC,1.0,1.0,270,5.0,1.0,2872.1085406581324,0.6038801731123409,-0.084724059424159,0.4896900814593759,0.5671948034090121,1.3009667807013634,1.1979152730863245,1.1348650587624578,1.2112490375167153
ELM_ols,PAC,1.0,1.0,270,5.0,2.0,2954.0000659274788,0.6210984180902116,-0.137933652569134,0.5048086883666482,0.5421620681665005,1.3411326041508118,1.2320710535757362,1.1591565016467575,1.2441200531244352
ELM_ols,PAC,1.0,1.0,270,5.0,3.0,3223.5427153662704,0.6777715763291958,-0.0919460758573956,0.5361246787151596,0.4547977635707245,1.4243302523996006,1.3444934261776065,1.2718319251889356,1.346885201255381
ELM_ols,PAC,1.0,1.0,270,5.0,4.0,2798.0338879226724,0.588305478255274,-0.1126809252970059,0.4597943573453,0.5892318993296765,1.2215423744697416,1.1670197980009571,1.1196080387725749,1.1693900704144249
ELM_ols,PAC,1.0,1.0,540,10.0,0.0,2844.791150621271,0.5981365077908843,-0.029504752319112,0.4744619029431511,0.5753887012585019,1.260509856760497,1.186521581558735,1.1312533776953906,1.1927616053382075
ELM_ols,PAC,1.0,1.0,540,10.0,1.0,2741.4987910462046,0.5764185932001357,-0.0570774103767528,0.4602283761140349,0.6056635819982663,1.2226954384620574,1.1434398200666216,1.0913953269673369,1.1525101951653387
ELM_ols,PAC,1.0,1.0,540,10.0,2.0,2649.873401725103,0.5571537377180258,-0.0233742884442994,0.435523774844352,0.6315818464675003,1.1570623639947395,1.1052241845095208,1.065793521549344,1.1093600233512015
ELM_ols,PAC,1.0,1.0,540,10.0,3.0,2484.417025882685,0.5223654198422101,-0.0108700864971627,0.4176858812214027,0.6761530856365465,1.1096721718716285,1.0362147035496798,0.983646054706058,1.0431776433757889
ELM_ols,PAC,1.0,1.0,540,10.0,4.0,2790.3867228997697,0.5866976102821538,-0.0796453348420115,0.4648698966234893,0.5914741301492314,1.2350266336881246,1.1638302751653586,1.1072207751349503,1.168692561329478
ELM_ols,PAC,1.0,1.0,1350,25.0,0.0,2255.295538535164,0.474191083293121,-0.0299723525582282,0.3660884385457543,0.7331312685007187,0.972592493455209,0.9406514178310428,0.9149300785585084,0.9427246632815868
ELM_ols,PAC,1.0,1.0,1350,25.0,1.0,2288.193265821295,0.4811080521218823,-0.0144166097727427,0.3736605619237063,0.7252889201737405,0.99270946405982,0.954372587977647,0.9297488372006458,0.9589436297460376
ELM_ols,PAC,1.0,1.0,1350,25.0,2.0,2139.6677376236757,0.4498795590444487,-0.0258143722457673,0.3407221595337876,0.759794223904084,0.9052015300805332,0.8924247207043676,0.8869192375946955,0.8948484961265321
ELM_ols,PAC,1.0,1.0,1350,25.0,3.0,2259.4979726254,0.4750746733768452,-0.0112404804636488,0.3803171289711436,0.7321357953001342,1.0103940628093369,0.9424041928078823,0.904891522606644,0.9525632594079544
ELM_ols,PAC,1.0,1.0,1350,25.0,4.0,2126.756811171529,0.4471649497632912,-0.0153564068567686,0.3405077903273779,0.7626843197549086,0.904632012283658,0.8870397584831363,0.87484570452706,0.8888391584312848
ELM_ols,PAC,1.0,1.0,2700,50.0,0.0,2035.785527163284,0.4280376243306099,-0.0136401930994677,0.3265760955951348,0.7825523017699725,0.8676194757186837,0.8490969408691544,0.8425424509752929,0.8530862891877103
ELM_ols,PAC,1.0,1.0,2700,50.0,1.0,2062.5914628409546,0.4336737529268366,-0.0117048184452107,0.330423334318263,0.7767881733832984,0.8778404909397831,0.8602773121201286,0.8529709321465453,0.863696245068819
ELM_ols,PAC,1.0,1.0,2700,50.0,2.0,1936.2348601729543,0.4071064258175503,-0.0115796092748925,0.2989807982280497,0.8032988768880466,0.7943066467735628,0.8075757856810849,0.8216038601444545,0.8078287641997007
ELM_ols,PAC,1.0,1.0,2700,50.0,3.0,1962.701867126998,0.4126712923659124,-0.0143739517803591,0.3087043101549744,0.7978845834603361,0.820139242710534,0.8186147946232281,0.8254705356795844,0.8214081910044487
ELM_ols,PAC,1.0,1.0,2700,50.0,4.0,1940.3015916962663,0.4079614835222067,-9.377647732717805e-05,0.3083886972163179,0.8024717347540538,0.819300749213733,0.8092719610638581,0.8094102207118291,0.8126609769964733
ELM_ols,PAC,1.0,1.0,5400,100.0,0.0,1817.2385651998504,0.3820866529953091,-0.0169387343467679,0.2766033233072367,0.8267334774101815,0.7348560828144258,0.7579441380009793,0.782543400449464,0.7584478737549564
ELM_ols,PAC,1.0,1.0,5400,100.0,1.0,1817.8427461107328,0.3822136861028292,-0.0089759279105778,0.2718782357972557,0.8266182457287156,0.7223028739193786,0.7581961331921804,0.7871536610003987,0.7558842227039859
ELM_ols,PAC,1.0,1.0,5400,100.0,2.0,1829.2804577049,0.3846185420334871,-0.0120419044405307,0.2778196275835891,0.82442957542322,0.7380874561231188,0.7629666386288133,0.7878150384197568,0.7629563777238962
ELM_ols,PAC,1.0,1.0,5400,100.0,3.0,1839.809224116548,0.3868322861149934,-0.0051832532062624,0.2786924240561687,0.8224027021895602,0.7404062272400576,0.7673580360682644,0.7918204117459205,0.7665282250180808
ELM_ols,PAC,1.0,1.0,5400,100.0,4.0,1801.3146649022465,0.3787385456615462,-0.0089590212598004,0.2720413633746903,0.8297567352315908,0.7227362573332846,0.7513025076086849,0.7788361333273001,0.7509582994230898
ELM_ols,PAC,1.0,1.0,13500,250.0,0.0,1726.9255725260098,0.3630977377512929,-0.0070217171161919,0.2513718360697755,0.8435275037549211,0.6678232227127852,0.7202758842596579,0.7639606564394298,0.7173532544706243
ELM_ols,PAC,1.0,1.0,13500,250.0,1.0,1712.2779929257165,0.3600179854440646,-0.0029961166501004,0.2495760403734183,0.8461706093795895,0.6630523060976792,0.7141665889219133,0.757470078438539,0.7115629911527105
ELM_ols,PAC,1.0,1.0,13500,250.0,2.0,1715.6310138419465,0.3607229806845572,-0.0065024262573137,0.2514287331102005,0.8455675552198708,0.6679743819098276,0.7155650858483594,0.7556414710444428,0.71306031293421
ELM_ols,PAC,1.0,1.0,13500,250.0,3.0,1728.1557398184991,0.3633563887134795,-0.0073099003039918,0.2530688909565823,0.843304499464701,0.6723318131791938,0.7207889693911086,0.7603847323539571,0.7178351716414199
ELM_ols,PAC,1.0,1.0,13500,250.0,4.0,1727.5270742224277,0.3632242075359191,-0.0049904983586833,0.2539595027799031,0.843418483581114,0.6746979145982528,0.720526761988938,0.7587806430225897,0.7180017732032602
ELM_ols,PAC,1.0,1.0,27000,500.0,0.0,1687.916656516161,0.3548958503158151,-0.0047763210395734,0.2416062484386297,0.8505166687862071,0.6418788436388081,0.7040058249588936,0.752052388381732,0.6993123523264778
ELM_ols,PAC,1.0,1.0,27000,500.0,1.0,1677.5558927333198,0.3527174299190273,-0.0023918210443168,0.240215049521394,0.852346152697286,0.6381828251871426,0.699684499005989,0.747233141358833,0.6950334885173216
ELM_ols,PAC,1.0,1.0,27000,500.0,2.0,1679.2346751213245,0.3530704052278414,-0.0025008143180888,0.240255133637042,0.8520504812273804,0.6382893172417428,0.700384695058579,0.7472803537604786,0.6953181220202668
ELM_ols,PAC,1.0,1.0,27000,500.0,3.0,1680.919158801216,0.3534245792716903,-0.0062886725664325,0.2423518721806028,0.8517535083833854,0.6438597531077487,0.7010872690382325,0.7460674008928181,0.6970048076795997
ELM_ols,PAC,1.0,1.0,27000,500.0,4.0,1691.0197995367494,0.3555483070450569,-0.0048560590742546,0.2415458578330881,0.8499665295926009,0.6417184030363726,0.7053001013994636,0.7542227101011273,0.7004137381789879
ELM_ols,PAC,1.0,1.0,54000,1000.0,0.0,1679.019545689254,0.3530251728151936,-0.0036343690209336,0.2365931205753196,0.8520883868967108,0.628560393736498,0.7002949676584062,0.7553648400586377,0.6947400671511806
ELM_ols,PAC,1.0,1.0,54000,1000.0,1.0,1674.3662399075783,0.3520467839203439,-0.0040880227915978,0.2359869508592669,0.8529071078042367,0.6269499738119172,0.6983541405666372,0.7515820162791592,0.6922953768859045
ELM_ols,PAC,1.0,1.0,54000,1000.0,2.0,1664.9611848872005,0.3500693077304867,-0.005715433935805,0.2348892259828589,0.8545549329068056,0.6240336321243333,0.6944314270293047,0.7462828071937999,0.6882492887824793
ELM_ols,PAC,1.0,1.0,54000,1000.0,3.0,1671.3559982343463,0.3514138603253585,-0.0010892993912494,0.2362696595578187,0.8534355311743118,0.6277010501341803,0.6970986119454176,0.7481224532136398,0.6909740384310793
ELM_ols,PAC,1.0,1.0,54000,1000.0,4.0,1667.093473399592,0.3505176357577044,-0.0031235905172615,0.2356879939117176,0.8541821561258088,0.6261557305295896,0.6953207739810168,0.7488158627573883,0.6900974557559981
ELM_ridge,PAC,1.0,1.0,270,5.0,0.0,3068.1933594767693,0.6451083275001854,-0.0885565934766636,0.5151801275118262,0.5060804447759601,1.3686865577774214,1.27969943825906,1.2159583384768515,1.288114778171111
ELM_ridge,PAC,1.0,1.0,270,5.0,1.0,2872.433747634884,0.603948550070467,-0.0847970769072774,0.4897573476052702,0.567096785359833,1.301145487652122,1.1980509122513665,1.134949565373819,1.2113819884257693
ELM_ridge,PAC,1.0,1.0,270,5.0,2.0,2954.462087719912,0.621195561285201,-0.1380794470867119,0.5048647862267437,0.5420188402453767,1.3412816401538188,1.2322637562378465,1.1593582048759334,1.244301200422533
ELM_ridge,PAC,1.0,1.0,270,5.0,3.0,3223.818137169279,0.677829485619087,-0.0921006583696113,0.5361544048586482,0.454704594649984,1.4244092262785113,1.344608300660828,1.2719687059467109,1.3469954109620168
ELM_ridge,PAC,1.0,1.0,270,5.0,4.0,2798.3600218873944,0.5883740501188669,-0.1128616028483757,0.4598408869197488,0.5891361369179202,1.2216659902687337,1.1671558237993844,1.119745969556,1.1695225945413723
ELM_ridge,PAC,1.0,1.0,540,10.0,0.0,2845.011979353016,0.598182938519691,-0.0295857752070672,0.4745103714041498,0.575322777252866,1.2606386236276614,1.1866136860550485,1.1313268450891438,1.1928597182572844
ELM_ridge,PAC,1.0,1.0,540,10.0,1.0,2741.7483179282112,0.5764710579084046,-0.0571335208065074,0.4602855090829003,0.6055917949778518,1.222847224453628,1.1435438941497456,1.0914665416695468,1.1526192200909735
ELM_ridge,PAC,1.0,1.0,540,10.0,2.0,2654.456085073033,0.5581172777703223,-0.0261668826996885,0.4362150344388457,0.6303064620324996,1.158898843440264,1.1071355559972242,1.0676443121302088,1.1112262371892323
ELM_ridge,PAC,1.0,1.0,540,10.0,3.0,2484.585278452411,0.5224007960786909,-0.0109665689827867,0.4177087007298272,0.6761092202789805,1.109732796792443,1.0362848792829982,0.9837160583150748,1.043244578130172
ELM_ridge,PAC,1.0,1.0,540,10.0,4.0,2790.5667292580038,0.586735457831866,-0.0797553652376519,0.4649072872307905,0.5914214208775043,1.2351259698598194,1.1639053532352603,1.1072887858079468,1.168773369634342
ELM_ridge,PAC,1.0,1.0,1350,25.0,0.0,2255.710245524966,0.4742782782320474,-0.0300045086662357,0.3661718248297939,0.7330331150643157,0.9728140270120628,0.9408243861676872,0.9150543788505996,0.9428975973434498
ELM_ridge,PAC,1.0,1.0,1350,25.0,1.0,2288.4451314424014,0.4811610085658055,-0.0144493387777776,0.3737335848409812,0.7252284409426117,0.992903465109058,0.9544776375153012,0.929802409466629,0.959061170696996
ELM_ridge,PAC,1.0,1.0,1350,25.0,2.0,2140.105511424435,0.4499716039358045,-0.0259048078106335,0.3408207294312375,0.7596959221433947,0.905463402164561,0.8926073098769783,0.8870423843364376,0.895037698792659
ELM_ridge,PAC,1.0,1.0,1350,25.0,3.0,2260.083326937808,0.4751977480651813,-0.0112661279683042,0.3804517757051618,0.7319969894421235,1.010751780751194,0.9426483356949196,0.9050409503001784,0.9528136889154308
ELM_ridge,PAC,1.0,1.0,1350,25.0,4.0,2127.2668284154074,0.4472721843253431,-0.0154214569726682,0.3406094186980274,0.7625704848291329,0.9049020098580376,0.8872524793595691,0.8750095591078805,0.8890546827751624
ELM_ridge,PAC,1.0,1.0,2700,50.0,0.0,2036.4259184824184,0.4281722709204529,-0.01365900324495,0.3267348085559283,0.7824154764330706,0.8680411307561794,0.849364038902214,0.8426766118574786,0.853360593838624
ELM_ridge,PAC,1.0,1.0,2700,50.0,1.0,2063.066645449509,0.433773663272094,-0.0117287400069438,0.330532138339155,0.776685313851684,0.8781295521688066,0.8604755039698567,0.8531028279579195,0.8639026280321942
ELM_ridge,PAC,1.0,1.0,2700,50.0,2.0,1936.558007060152,0.4071743696279666,-0.0116141700121724,0.2990867424960599,0.8032332147505284,0.7945881104554007,0.807710565612325,0.8216415586843591,0.8079800782506948
ELM_ridge,PAC,1.0,1.0,2700,50.0,3.0,1963.0700022466576,0.4127486952553373,-0.0144005908415844,0.3088087673373701,0.7978087565991326,0.8204167556303332,0.8187683385008905,0.825540997602,0.8215753639110744
ELM_ridge,PAC,1.0,1.0,2700,50.0,4.0,1940.6851202480727,0.4080421229844624,-0.0001652890042684,0.3084939394999078,0.8023936384239387,0.819580347923324,0.8094319253212566,0.8094735518109807,0.8128286083518538
ELM_ridge,PAC,1.0,1.0,5400,100.0,0.0,1817.5447699051197,0.3821510345978176,-0.0169723789971293,0.2766904219393385,0.8266750816713011,0.7350874790205146,0.7580718515911659,0.7825913724868906,0.7585835676995237
ELM_ridge,PAC,1.0,1.0,5400,100.0,1.0,1820.819084170205,0.382839481234577,-0.0092033088252514,0.2729301523928387,0.826050028074822,0.7250975160792597,0.7594375211024343,0.7872323573174645,0.7572557981663861
ELM_ridge,PAC,1.0,1.0,5400,100.0,2.0,1829.5401926981076,0.3846731530659188,-0.0120610139143582,0.2779170386183448,0.8243797142657526,0.7383462494397268,0.7630749703686879,0.7878287476047181,0.7630833224710442
ELM_ridge,PAC,1.0,1.0,5400,100.0,3.0,1843.757150161093,0.3876623641672205,-0.0054651530191786,0.2799662635973043,0.8216396956185255,0.7437904553257529,0.7690046593900598,0.7922003927650296,0.7683318358269474
ELM_ridge,PAC,1.0,1.0,5400,100.0,4.0,1804.171372280584,0.3793391876365066,-0.0092271262793865,0.2729120131814264,0.8292163290050942,0.7250493253717715,0.7524939992778905,0.7791830936085337,0.7522421394193985
ELM_ridge,PAC,1.0,1.0,13500,250.0,0.0,1727.0784874190188,0.3631298891378977,-0.0070689729992139,0.2520103204749859,0.8434997920402538,0.6695194935433052,0.7203396628680303,0.7631909912397846,0.7176833825503733
ELM_ridge,PAC,1.0,1.0,13500,250.0,1.0,1717.931213088694,0.3612066130750659,-0.0041485698132126,0.251514351281821,0.8451531729650716,0.6682018449549659,0.7165244659587605,0.7580845016469372,0.7142702708535545
ELM_ridge,PAC,1.0,1.0,13500,250.0,2.0,1716.7658988460062,0.3609615979035838,-0.0072592983586866,0.2519608157490364,0.8453631744033492,0.6693879736159339,0.7160384301040915,0.7554654986177329,0.7136306341125861
ELM_ridge,PAC,1.0,1.0,13500,250.0,3.0,1742.3566938833703,0.3663422349924957,-0.0098685697280054,0.2532395048141015,0.8407186579889593,0.6727850855025749,0.7267119836246891,0.7700625893479136,0.7231865528250593
ELM_ridge,PAC,1.0,1.0,13500,250.0,4.0,1729.9611388683995,0.3637359860286077,-0.0050273156795239,0.2547559170895215,0.8429769298220342,0.67681376010895,0.7215419754371112,0.7590815446789239,0.7191457600749951
ELM_ridge,PAC,1.0,1.0,27000,500.0,0.0,1689.2236069754033,0.3551706454561811,-0.005507647695575,0.2433287574709724,0.8502850898822599,0.6464550585048666,0.7045509352477738,0.7513017131129514,0.7007692356218639
ELM_ridge,PAC,1.0,1.0,27000,500.0,1.0,1679.1726523107293,0.3530573645140003,-0.0041753062590979,0.241279733934017,0.852061410105462,0.6410113877927507,0.7003588262339716,0.7463416972702177,0.6959039704323132
ELM_ridge,PAC,1.0,1.0,27000,500.0,2.0,1678.5979546967235,0.3529365304683088,-0.0041179305768142,0.2414292391227111,0.8521626568777405,0.6414085804078304,0.700119128102972,0.7450846868462861,0.6955374651190297
ELM_ridge,PAC,1.0,1.0,27000,500.0,3.0,1678.3451406315337,0.3528833746076263,-0.0070058328434063,0.2424091761267853,0.8522071851640295,0.6440119933372515,0.7000136829828957,0.7444191844240229,0.6961482869147234
ELM_ridge,PAC,1.0,1.0,27000,500.0,4.0,1687.1985026158577,0.3547448536193124,-0.0073468279773877,0.2417071553260939,0.8506438423637872,0.6421469244382877,0.7037062932687009,0.750102959073173,0.6986520589267206
ELM_ridge,PAC,1.0,1.0,54000,1000.0,0.0,1662.56754192922,0.349566028170062,-0.003184368265411,0.2336119943307818,0.8549728325050426,0.6206403921680316,0.6934330728873602,0.7462662774843292,0.686779914179907
ELM_ridge,PAC,1.0,1.0,54000,1000.0,1.0,1656.350509413462,0.3482588551928873,-0.0038132097821751,0.2343284176298926,0.8560554385250985,0.6225437243945818,0.6908400378058258,0.7414201067306465,0.684934622977018
ELM_ridge,PAC,1.0,1.0,54000,1000.0,2.0,1665.415688517681,0.3501648701812678,-0.0029682832122753,0.236933574164416,0.8544755144382029,0.6294648817515809,0.6946209939739095,0.7434187305180553,0.6891682020811819
ELM_ridge,PAC,1.0,1.0,54000,1000.0,3.0,1647.446822301105,0.3463867949839384,-0.0025070116286486,0.2339462936797935,0.8575988227527402,0.6215285301237323,0.6871264376310113,0.7359110823057934,0.6815220166868458
ELM_ridge,PAC,1.0,1.0,54000,1000.0,4.0,1651.835997438765,0.3473096486311558,-0.0039346495855307,0.2339026646486365,0.8568390333606578,0.6214126202404031,0.6889570996200074,0.7411496168931065,0.683839778917839
ELM_robust_risk,PAC,1.0,1.0,270,5.0,0.0,3067.907433000542,0.645048209531969,-0.0884478789219601,0.515133086637448,0.5061724977081064,1.3685615836004508,1.279580182427324,1.2158436056357578,1.2879951238878442
ELM_robust_risk,PAC,1.0,1.0,270,5.0,1.0,2872.108540658132,0.6038801731123408,-0.0847240594241594,0.4896900814593756,0.5671948034090122,1.3009667807013623,1.197915273086324,1.1348650587624578,1.2112490375167146
ELM_robust_risk,PAC,1.0,1.0,270,5.0,2.0,2954.000065927481,0.621098418090212,-0.1379336525691348,0.5048086883666485,0.5421620681664997,1.3411326041508127,1.232071053575737,1.1591565016467584,1.244120053124436
ELM_robust_risk,PAC,1.0,1.0,270,5.0,3.0,3223.542715366269,0.6777715763291957,-0.0919460758573956,0.5361246787151596,0.4547977635707247,1.4243302523996006,1.3444934261776058,1.2718319251889352,1.3468852012553805
ELM_robust_risk,PAC,1.0,1.0,270,5.0,4.0,2798.03388792267,0.5883054782552735,-0.1126809252970053,0.4597943573452997,0.5892318993296772,1.221542374469741,1.1670197980009562,1.1196080387725735,1.169390070414423
ELM_robust_risk,PAC,1.0,1.0,540,10.0,0.0,2844.7911506212718,0.5981365077908845,-0.0295047523191127,0.4744619029431512,0.5753887012585017,1.260509856760497,1.1865215815587355,1.1312533776953906,1.1927616053382075
ELM_robust_risk,PAC,1.0,1.0,540,10.0,1.0,2741.498791046207,0.5764185932001361,-0.0570774103767538,0.4602283761140351,0.6056635819982659,1.222695438462058,1.1434398200666225,1.0913953269673378,1.1525101951653394
ELM_robust_risk,PAC,1.0,1.0,540,10.0,2.0,2654.456085073033,0.5581172777703223,-0.0261668826996885,0.4362150344388457,0.6303064620324996,1.158898843440264,1.1071355559972242,1.0676443121302088,1.1112262371892323
ELM_robust_risk,PAC,1.0,1.0,540,10.0,3.0,2484.4170258826857,0.5223654198422103,-0.0108700864971764,0.4176858812214004,0.6761530856365463,1.1096721718716225,1.03621470354968,0.9836460547060604,1.0431776433757876
ELM_robust_risk,PAC,1.0,1.0,540,10.0,4.0,2790.3867228997688,0.5866976102821536,-0.0796453348420111,0.464869896623489,0.5914741301492318,1.2350266336881237,1.1638302751653584,1.1072207751349497,1.1686925613294772
ELM_robust_risk,PAC,1.0,1.0,1350,25.0,0.0,2255.29553853517,0.4741910832931225,-0.0299723525582349,0.366088438545755,0.7331312685007171,0.9725924934552108,0.9406514178310456,0.9149300785585106,0.9427246632815892
ELM_robust_risk,PAC,1.0,1.0,1350,25.0,1.0,2288.1932658212963,0.4811080521218826,-0.0144166097727432,0.3736605619237063,0.7252889201737402,0.9927094640598196,0.9543725879776476,0.9297488372006464,0.9589436297460378
ELM_robust_risk,PAC,1.0,1.0,1350,25.0,2.0,2139.6677376236785,0.4498795590444494,-0.0258143722457728,0.340722159533788,0.7597942239040834,0.9052015300805342,0.892424720704369,0.8869192375946967,0.8948484961265333
ELM_robust_risk,PAC,1.0,1.0,1350,25.0,3.0,2259.4979726254,0.4750746733768452,-0.0112404804636508,0.3803171289711436,0.7321357953001342,1.0103940628093369,0.9424041928078823,0.9048915226066444,0.9525632594079546
ELM_robust_risk,PAC,1.0,1.0,1350,25.0,4.0,2126.756811171525,0.4471649497632903,-0.0153564068567667,0.3405077903273777,0.7626843197549096,0.9046320122836576,0.8870397584831347,0.8748457045270579,0.8888391584312835
ELM_robust_risk,PAC,1.0,1.0,2700,50.0,0.0,2035.7855271632848,0.4280376243306102,-0.0136401930994752,0.3265760955951346,0.7825523017699721,0.8676194757186831,0.8490969408691551,0.8425424509752935,0.8530862891877106
ELM_robust_risk,PAC,1.0,1.0,2700,50.0,1.0,2062.5914628409573,0.4336737529268371,-0.0117048184452139,0.3304233343182632,0.7767881733832979,0.8778404909397838,0.8602773121201297,0.8529709321465464,0.86369624506882
ELM_robust_risk,PAC,1.0,1.0,2700,50.0,2.0,1936.2348601729557,0.4071064258175506,-0.0115796092748934,0.2989807982280497,0.8032988768880464,0.7943066467735628,0.8075757856810853,0.8216038601444551,0.8078287641997011
ELM_robust_risk,PAC,1.0,1.0,2700,50.0,3.0,1962.701867126996,0.412671292365912,-0.0143739517803584,0.3087043101549737,0.7978845834603365,0.8201392427105321,0.8186147946232273,0.8254705356795843,0.8214081910044478
ELM_robust_risk,PAC,1.0,1.0,2700,50.0,4.0,1940.301591696268,0.407961483522207,-9.377647731957142e-05,0.308388697216319,0.8024717347540534,0.8193007492137357,0.8092719610638587,0.8094102207118288,0.8126609769964744
ELM_robust_risk,PAC,1.0,1.0,5400,100.0,0.0,1817.2416146175945,0.3820872941559369,-0.0169390752435568,0.2766041928237291,0.8267328959098086,0.7348583928715718,0.7579454098693776,0.782543873403447,0.7584492253814655
ELM_robust_risk,PAC,1.0,1.0,5400,100.0,1.0,1820.819084170205,0.382839481234577,-0.0092033088252514,0.2729301523928387,0.826050028074822,0.7250975160792597,0.7594375211024343,0.7872323573174645,0.7572557981663861
ELM_robust_risk,PAC,1.0,1.0,5400,100.0,2.0,1829.2830390087004,0.3846190847700041,-0.012042096061026,0.2778206011111229,0.8244290799268384,0.738090042507915,0.7629677152536006,0.7878151679982743,0.7629576419199301
ELM_robust_risk,PAC,1.0,1.0,5400,100.0,3.0,1843.757150161093,0.3876623641672205,-0.0054651530191786,0.2799662635973043,0.8216396956185255,0.7437904553257529,0.7690046593900598,0.7922003927650296,0.7683318358269474
ELM_robust_risk,PAC,1.0,1.0,5400,100.0,4.0,1804.171372280584,0.3793391876365066,-0.0092271262793865,0.2729120131814264,0.8292163290050942,0.7250493253717715,0.7524939992778905,0.7791830936085337,0.7522421394193985
ELM_robust_risk,PAC,1.0,1.0,13500,250.0,0.0,1727.0784874190188,0.3631298891378977,-0.0070689729992139,0.2520103204749859,0.8434997920402538,0.6695194935433052,0.7203396628680303,0.7631909912397846,0.7176833825503733
ELM_robust_risk,PAC,1.0,1.0,13500,250.0,1.0,1717.931213088694,0.3612066130750659,-0.0041485698132126,0.251514351281821,0.8451531729650716,0.6682018449549659,0.7165244659587605,0.7580845016469372,0.7142702708535545
ELM_robust_risk,PAC,1.0,1.0,13500,250.0,2.0,1716.7658988460062,0.3609615979035838,-0.0072592983586866,0.2519608157490364,0.8453631744033492,0.6693879736159339,0.7160384301040915,0.7554654986177329,0.7136306341125861
ELM_robust_risk,PAC,1.0,1.0,13500,250.0,3.0,1742.3566938833703,0.3663422349924957,-0.0098685697280054,0.2532395048141015,0.8407186579889593,0.6727850855025749,0.7267119836246891,0.7700625893479136,0.7231865528250593
ELM_robust_risk,PAC,1.0,1.0,13500,250.0,4.0,1729.9611388683995,0.3637359860286077,-0.0050273156795239,0.2547559170895215,0.8429769298220342,0.67681376010895,0.7215419754371112,0.7590815446789239,0.7191457600749951
ELM_robust_risk,PAC,1.0,1.0,27000,500.0,0.0,1689.2236069754033,0.3551706454561811,-0.005507647695575,0.2433287574709724,0.8502850898822599,0.6464550585048666,0.7045509352477738,0.7513017131129514,0.7007692356218639
ELM_robust_risk,PAC,1.0,1.0,27000,500.0,1.0,1679.1726523107293,0.3530573645140003,-0.0041753062590979,0.241279733934017,0.852061410105462,0.6410113877927507,0.7003588262339716,0.7463416972702177,0.6959039704323132
ELM_robust_risk,PAC,1.0,1.0,27000,500.0,2.0,1678.5979546967235,0.3529365304683088,-0.0041179305768142,0.2414292391227111,0.8521626568777405,0.6414085804078304,0.700119128102972,0.7450846868462861,0.6955374651190297
ELM_robust_risk,PAC,1.0,1.0,27000,500.0,3.0,1678.3451406315337,0.3528833746076263,-0.0070058328434063,0.2424091761267853,0.8522071851640295,0.6440119933372515,0.7000136829828957,0.7444191844240229,0.6961482869147234
ELM_robust_risk,PAC,1.0,1.0,27000,500.0,4.0,1687.1985026158577,0.3547448536193124,-0.0073468279773877,0.2417071553260939,0.8506438423637872,0.6421469244382877,0.7037062932687009,0.750102959073173,0.6986520589267206
ELM_robust_risk,PAC,1.0,1.0,54000,1000.0,0.0,1666.7032691700792,0.3504355926892299,-0.0041597046934643,0.2366998807497316,0.854250409143882,0.6288440250487719,0.695158025394207,0.7445814354339768,0.689527828625652
ELM_robust_risk,PAC,1.0,1.0,54000,1000.0,1.0,1656.350509413462,0.3482588551928873,-0.0038132097821751,0.2343284176298926,0.8560554385250985,0.6225437243945818,0.6908400378058258,0.7414201067306465,0.684934622977018
ELM_robust_risk,PAC,1.0,1.0,54000,1000.0,2.0,1665.415688517681,0.3501648701812678,-0.0029682832122753,0.236933574164416,0.8544755144382029,0.6294648817515809,0.6946209939739095,0.7434187305180553,0.6891682020811819
ELM_robust_risk,PAC,1.0,1.0,54000,1000.0,3.0,1647.446822301105,0.3463867949839384,-0.0025070116286486,0.2339462936797935,0.8575988227527402,0.6215285301237323,0.6871264376310113,0.7359110823057934,0.6815220166868458
ELM_robust_risk,PAC,1.0,1.0,54000,1000.0,4.0,1651.835997438765,0.3473096486311558,-0.0039346495855307,0.2339026646486365,0.8568390333606578,0.6214126202404031,0.6889570996200074,0.7411496168931065,0.683839778917839
ELM_tikhonov,PAC,1.0,1.0,270,5.0,0.0,3069.239067481677,0.6453281946542603,-0.0889353671910259,0.5153579126279741,0.5057437100342349,1.369158882088182,1.2801355880676537,1.216373407110701,1.2885559590888456
ELM_tikhonov,PAC,1.0,1.0,270,5.0,1.0,2873.6472096675607,0.6042036886392169,-0.0850640196972264,0.4900037414446924,0.5667309474536413,1.3018000857585454,1.1985570298585793,1.1352661003398996,1.2118744053190085
ELM_tikhonov,PAC,1.0,1.0,270,5.0,2.0,2956.378619066332,0.6215985249144886,-0.1385994046757661,0.5051060940763649,0.5414244715163776,1.3419227262369675,1.23306311397058,1.1601699717067686,1.245051937304772
ELM_tikhonov,PAC,1.0,1.0,270,5.0,3.0,3224.798577461465,0.6780356297967843,-0.0926437601170668,0.536259992980599,0.4543728694343376,1.4246897437819197,1.3450172282426838,1.2724557552190556,1.347387575747886
ELM_tikhonov,PAC,1.0,1.0,270,5.0,4.0,2799.267364674444,0.5885648250535739,-0.1133465313326831,0.4599754463429996,0.5888696559810134,1.222023476250802,1.1675342634604016,1.1201236360769384,1.1698937919293806
ELM_tikhonov,PAC,1.0,1.0,540,10.0,0.0,2845.8456025211635,0.5983582134077967,-0.0298875412298699,0.4747051334554339,0.5750738695922757,1.2611560508095776,1.1869613783204993,1.1315923439383822,1.1932365910228198
ELM_tikhonov,PAC,1.0,1.0,540,10.0,1.0,2742.6307389082103,0.5766565928652547,-0.0573229403612236,0.460478524194858,0.6053378766446318,1.22336001051636,1.1439119392825352,1.0917239483381147,1.1529986327123367
ELM_tikhonov,PAC,1.0,1.0,540,10.0,2.0,2651.860099545389,0.5575714543212295,-0.0246075525425824,0.4358512113434128,0.6310292088054484,1.1579322693168932,1.1060528076719944,1.0665453952854749,1.110176824091454
ELM_tikhonov,PAC,1.0,1.0,540,10.0,3.0,2485.175386380513,0.5225248702467569,-0.011274523850403,0.417778754122989,0.6759553489539856,1.1099189086636645,1.0365310048349528,0.9839810647297637,1.0434769927427936
ELM_tikhonov,PAC,1.0,1.0,540,10.0,4.0,2790.9598798425272,0.5868181203913343,-0.080117057307179,0.464991510174304,0.5913062871156408,1.2353497261820985,1.164069330704481,1.1074440208216418,1.1689543592360738
ELM_tikhonov,PAC,1.0,1.0,1350,25.0,0.0,2257.166431974784,0.4745844512449929,-0.030121214606991,0.3664599638898621,0.7326883198565182,0.9735795302549588,0.9414317406475072,0.9155028686178304,0.9435047131734322
ELM_tikhonov,PAC,1.0,1.0,1350,25.0,1.0,2289.291540267827,0.4813389717245045,-0.0145084856435522,0.3739759952134564,0.7250251482539702,0.9935474802807516,0.9548306624949976,0.9299903435601404,0.9594561621119632
ELM_tikhonov,PAC,1.0,1.0,1350,25.0,2.0,2141.643206109486,0.4502949146044152,-0.0262163819850014,0.3411583245080044,0.7593504746391952,0.9063602959282514,0.8932486602725119,0.8874873711072385,0.895698775769334
ELM_tikhonov,PAC,1.0,1.0,1350,25.0,3.0,2262.2761563017734,0.4756588052143703,-0.0113428861524868,0.3809521359807462,0.7314766812192768,1.012081095192234,0.9435629333673892,0.90560922793558,0.9537510854984008
ELM_tikhonov,PAC,1.0,1.0,1350,25.0,4.0,2129.2410652562785,0.4476872809236621,-0.0156776774735498,0.3410095675535389,0.7621295814119342,0.9059650911579584,0.8880759052262764,0.8756468599757641,0.8898959521199997
ELM_tikhonov,PAC,1.0,1.0,2700,50.0,0.0,2038.789312195222,0.4286691903732579,-0.0137542216526536,0.3273085966074607,0.7819101437399415,0.8695655218403984,0.8503497765179083,0.8431883971288803,0.8543678984957289
ELM_tikhonov,PAC,1.0,1.0,2700,50.0,1.0,2064.741758600765,0.4341258670991581,-0.0118377546248762,0.3309131612725749,0.7763225245689613,0.8791418213525878,0.8611741696364326,0.853574058375698,0.8646300164549062
ELM_tikhonov,PAC,1.0,1.0,2700,50.0,2.0,1937.5776491913016,0.4073887562564505,-0.0117464806206802,0.2994171137407253,0.803025955766173,0.7954658125590001,0.8081358437188784,0.8217552334872564,0.8084522965883784
ELM_tikhonov,PAC,1.0,1.0,2700,50.0,3.0,1964.343342717392,0.4130164236691532,-0.014505283543403,0.3091647587200666,0.7975463698349358,0.8213625231282654,0.8192994305456853,0.8257927107875715,0.8221515548205073
ELM_tikhonov,PAC,1.0,1.0,2700,50.0,4.0,1942.094548125845,0.4083384646925732,-0.0004416691583527,0.3088801432735509,0.8021065098764547,0.8206063811208801,0.8100197774714089,0.809719358980437,0.8134485058575752
ELM_tikhonov,PAC,1.0,1.0,5400,100.0,0.0,1818.678348003513,0.3823893770311218,-0.0170963889411019,0.2769975463348052,0.826458813434386,0.7359034208808326,0.7585446507552916,0.7827868547721659,0.7590783088027635
ELM_tikhonov,PAC,1.0,1.0,5400,100.0,1.0,1819.1593357646343,0.3824905079488218,-0.0090877830863896,0.2723561379317137,0.8263670080585359,0.7235725234893747,0.7587452638508827,0.787160726569392,0.7564928379698831
ELM_tikhonov,PAC,1.0,1.0,5400,100.0,2.0,1830.491635264804,0.3848732002764436,-0.0121540122837167,0.2782590554560062,0.824197005994134,0.7392548905600698,0.7634718034152025,0.7879118868993511,0.7635461936248745
ELM_tikhonov,PAC,1.0,1.0,5400,100.0,3.0,1841.553702289513,0.3871990744052573,-0.0053225633756801,0.2792557631010963,0.8220657525904224,0.7419028582960486,0.7680856328903821,0.7919861153687562,0.767324868851729
ELM_tikhonov,PAC,1.0,1.0,5400,100.0,4.0,1804.47000565126,0.3794019773149008,-0.0092342572655147,0.2730123626850462,0.82915978678842,0.7253159253614635,0.752618554973026,0.7792335248926542,0.7523893350757146
ELM_tikhonov,PAC,1.0,1.0,13500,250.0,0.0,1727.0001642361335,0.3631134211609498,-0.0070039648962812,0.2520692927707779,0.8435139863186927,0.6696761661015456,0.7203069953919631,0.7630564319718198,0.7176798644884429
ELM_tikhonov,PAC,1.0,1.0,13500,250.0,1.0,1714.3352511449991,0.3604505378465976,-0.0035969687882892,0.2503873352522285,0.8458007431628891,0.6652076850335555,0.7150246418146485,0.7575425236500883,0.7125916168327642
ELM_tikhonov,PAC,1.0,1.0,13500,250.0,2.0,1716.9715954896494,0.361004847008906,-0.0072818493111823,0.2520212164768608,0.845326116139778,0.6695484411103859,0.7161242232235209,0.7555174861422927,0.7137300501587331
ELM_tikhonov,PAC,1.0,1.0,13500,250.0,3.0,1742.487785347187,0.3663697978560653,-0.0099447855293044,0.2533297184683911,0.8406946890624392,0.6730247574335371,0.7267666599937936,0.7699803970820498,0.7232572715031269
ELM_tikhonov,PAC,1.0,1.0,13500,250.0,4.0,1730.3495325252777,0.363817648411986,-0.005043198171168,0.2549017893526984,0.8429064153935412,0.6772013010778283,0.7217039688600468,0.7591130415798268,0.7193394371725673
ELM_tikhonov,PAC,1.0,1.0,27000,500.0,0.0,1688.9316339202635,0.3551092561540061,-0.0051398008269492,0.242781016078382,0.8503368402151044,0.644999865959305,0.704429157474709,0.7520817527661351,0.7005035920667164
ELM_tikhonov,PAC,1.0,1.0,27000,500.0,1.0,1677.1487680045082,0.3526318292015639,-0.0033721986412654,0.2404864150477052,0.8524178119944199,0.6389037659382936,0.6995146931216393,0.7464051956442262,0.6949412182347197
ELM_tikhonov,PAC,1.0,1.0,27000,500.0,2.0,1677.2887210809445,0.3526612552788968,-0.0033141150925301,0.2405808103649223,0.8523931803774586,0.6391545473541377,0.6995730655422512,0.7455740956487961,0.6947672361817282
ELM_tikhonov,PAC,1.0,1.0,27000,500.0,3.0,1677.991323400206,0.352808982150698,-0.0066431928660899,0.2420450941055434,0.8522694919344385,0.6430447313219075,0.6998661108910724,0.7447132637518156,0.6958747019882652
ELM_tikhonov,PAC,1.0,1.0,27000,500.0,4.0,1685.3489609480534,0.3543559750213343,-0.0065411832558836,0.2406747018207419,0.8509711174606316,0.639403990154059,0.7029348759699785,0.7504020970358217,0.6975803210532865
ELM_tikhonov,PAC,1.0,1.0,54000,1000.0,0.0,1658.296556733642,0.3486680247545383,-0.0007919777070494,0.2346818847248387,0.8557169987023345,0.6234827855804354,0.6916517062278202,0.7435852459675134,0.686239912591923
ELM_tikhonov,PAC,1.0,1.0,54000,1000.0,1.0,1660.9541115836412,0.349226793568514,-0.0033771341996487,0.2345511842844638,0.8552541777006648,0.6231355518144499,0.6927601342342176,0.7438804244727255,0.6865920368404644
ELM_tikhonov,PAC,1.0,1.0,54000,1000.0,2.0,1670.465392494413,0.3512266044675828,-0.0024324705180152,0.2372048338519725,0.8535916874685489,0.6301855413193684,0.6967271530666664,0.7462087225929568,0.6910404723263306
ELM_tikhonov,PAC,1.0,1.0,54000,1000.0,3.0,1650.120660107174,0.3469489873991433,-0.0016673993849001,0.2341382055247179,0.8571362079542758,0.6220383851208475,0.6882416570248132,0.7375634277889912,0.6826144899782173
ELM_tikhonov,PAC,1.0,1.0,54000,1000.0,4.0,1655.4628226234545,0.3480722130640016,-0.0036450207642488,0.2340609856864043,0.8562096854010888,0.6218332340502811,0.6904697963792177,0.7434846003621439,0.6852625435972143
Persistence_P,PAC,1.0,1.0,0,,,2397.589049230832,0.5041092526990629,-0.0026916738930722,0.3764047543130804,0.6983938017182258,1.0,1.0,1.0,1.0
AR_OLS,PAC,1.0,6.0,53,,,2750.629906128213,0.5781495301432046,-0.0144397972077153,0.4270652341178401,0.6030204312053818,0.3872888246048375,0.4071070481954624,0.438274287280779,0.4108900533603596
ELM_corr,PAC,1.0,6.0,270,5.0,0.0,3347.0827912316613,0.703516797657762,-0.1204056607997897,0.5504886971042042,0.412190305517105,0.4992167552578347,0.4953850724040793,0.505354053605208,0.4999852937557072
ELM_corr,PAC,1.0,6.0,270,5.0,1.0,3851.917261799319,0.8096269694800486,-0.1078867761209362,0.6531238078660958,0.2215015815268111,0.5922925390833855,0.570103110873097,0.5698141520365457,0.5774032673310093
ELM_corr,PAC,1.0,6.0,270,5.0,2.0,3217.6544873859434,0.6763125151445384,-0.0474444081945818,0.5450664554481109,0.4567713710817517,0.4942995355219564,0.476229033049536,0.4797037174045148,0.4834107619920024
ELM_corr,PAC,1.0,6.0,270,5.0,3.0,3524.200574160166,0.7407448386791948,-0.0996661563569926,0.603413892390862,0.348333989355476,0.5472125531759001,0.5215993943055104,0.5225438225568569,0.5304519233460891
ELM_corr,PAC,1.0,6.0,270,5.0,4.0,3212.036920926512,0.6751317698171379,-0.0905806440211043,0.5147498835894593,0.4586665149438831,0.4668066174776242,0.4753976049849149,0.4951469089047204,0.4791170437890865
ELM_corr,PAC,1.0,6.0,540,10.0,0.0,3071.841562781177,0.645664381180302,-0.0345442676876062,0.5033883375894505,0.5048902725578239,0.4565032739963258,0.4546479874889025,0.46604080899985,0.4590640234950261
ELM_corr,PAC,1.0,6.0,540,10.0,1.0,3098.004775417864,0.6511635757681442,-0.0553344995801397,0.5138415338238356,0.4964205486543311,0.4659828704597121,0.4585202744309232,0.4660791280096155,0.4635274243000836
ELM_corr,PAC,1.0,6.0,540,10.0,2.0,3135.278295700871,0.6589980242304374,-0.0823476738184506,0.5088594242221343,0.4842300605239155,0.4614647893387306,0.4640369427345948,0.4854259482440892,0.4703092267724715
ELM_corr,PAC,1.0,6.0,540,10.0,3.0,3076.5678725690627,0.6466577950078364,-0.0323232686763093,0.508065389452473,0.5033655571143141,0.4607447101375456,0.455347505087514,0.4727539390938007,0.4629487181062868
ELM_corr,PAC,1.0,6.0,540,10.0,4.0,3095.8820985855677,0.6507174144686892,-0.0566832852119856,0.5127800661216523,0.4971103928008391,0.4650202667498041,0.4582061075931586,0.4719167783395276,0.4650477175608301
ELM_corr,PAC,1.0,6.0,1350,25.0,0.0,2871.143351031973,0.6034800158591556,-0.0414824574951351,0.4579329307297072,0.5674726367056604,0.4152815362189374,0.4249436436288684,0.4470289351642514,0.429084705004019
ELM_corr,PAC,1.0,6.0,1350,25.0,1.0,2834.6870513888466,0.595817337407767,-0.0371082418416552,0.4482115306701173,0.5783869214129561,0.4064655771995406,0.4195479280864842,0.4412049865631378,0.4224061639497209
ELM_corr,PAC,1.0,6.0,1350,25.0,2.0,2926.804038759848,0.6151792271509484,-0.0371816165525995,0.4683222451298612,0.5505399188112168,0.4247032007353599,0.4331817051110546,0.4533111824785321,0.4370653627749822
ELM_corr,PAC,1.0,6.0,1350,25.0,3.0,2893.1508785887263,0.6081057351128446,-0.0358274913737359,0.4664325858667392,0.5608165153800199,0.4229895423608264,0.4282008682964796,0.4491156139475705,0.4334353415349588
ELM_corr,PAC,1.0,6.0,1350,25.0,4.0,2924.0294468883767,0.6145960411020887,-0.0373548310009182,0.4671258770134727,0.5513916855607857,0.4236182610948202,0.4327710515715779,0.4526503614294165,0.4363465580319383
ELM_corr,PAC,1.0,6.0,2700,50.0,0.0,2803.6352804439684,0.5892906262926516,-0.0267662884901111,0.4433182896056649,0.5875732105047666,0.402028087493139,0.4149521099495379,0.4411768797999616,0.4193856924142128
ELM_corr,PAC,1.0,6.0,2700,50.0,1.0,2761.2594988622395,0.5803837434887003,-0.0323747007055015,0.4284947783495499,0.5999463102267675,0.3885852225810463,0.4086802813344711,0.4362517128032444,0.4111724055729206
ELM_corr,PAC,1.0,6.0,2700,50.0,2.0,2750.3426302671915,0.5780891481908013,-0.0163903565657243,0.432479623319823,0.6031033479888217,0.3921989232559735,0.4070645299244519,0.4319866439862013,0.4104166990555422
ELM_corr,PAC,1.0,6.0,2700,50.0,3.0,2785.650422365789,0.5855104240835409,-0.0282316387428903,0.4322445411183169,0.5928475388096561,0.3919857363649945,0.412290260578923,0.4409562276547354,0.4150774081995509
ELM_corr,PAC,1.0,6.0,2700,50.0,4.0,2789.4809743686333,0.5863155603309509,-0.0236378065770539,0.4398568177510332,0.5917270170240686,0.3988890135089216,0.412857201524109,0.4374524749104179,0.4163995633144828
ELM_corr,PAC,1.0,6.0,5400,100.0,0.0,2709.483339200849,0.569501013567761,-0.0292342996340339,0.4210688369643997,0.6148084030662775,0.3818509256144951,0.4010171495261228,0.4282252020041481,0.4036977590482553
ELM_corr,PAC,1.0,6.0,5400,100.0,1.0,2733.429750315525,0.5745342629713687,-0.0290601082773777,0.4250504348159496,0.6079696697457067,0.3854616816039429,0.4045613387033185,0.4320275839786533,0.4073502014286382
ELM_corr,PAC,1.0,6.0,5400,100.0,2.0,2696.3633192721886,0.5667433421920789,-0.0233207592340353,0.4209377462334816,0.6185297662068392,0.3817320445372313,0.3990753206477546,0.4269605939006685,0.4025893196952181
ELM_corr,PAC,1.0,6.0,5400,100.0,3.0,2696.019540950909,0.5666710840978588,-0.0289061839038678,0.421620027101648,0.618627032651311,0.3823507784784952,0.3990244397286975,0.4253187614425109,0.4022313265499012
ELM_corr,PAC,1.0,6.0,5400,100.0,4.0,2696.7154571093856,0.5668173573566299,-0.0191764491522243,0.4236188095078471,0.6184301217162775,0.3841633963806214,0.3991274388171746,0.4247262194553903,0.4026723515510621
ELM_corr,PAC,1.0,6.0,13500,250.0,0.0,2649.650030621291,0.556924767245013,-0.023673150642856,0.4048102278143589,0.6316328740837129,0.3671066263262715,0.3921615191902047,0.4215481286701792,0.3936054247288851
ELM_corr,PAC,1.0,6.0,13500,250.0,1.0,2660.101539681168,0.559121549530697,-0.024230474021645,0.4093417029961301,0.62872110427945,0.3712160446461666,0.3937083950505576,0.4220454968499154,0.3956566455155466
ELM_corr,PAC,1.0,6.0,13500,250.0,2.0,2649.1064943533,0.5568105224179447,-0.0205774137226164,0.4050135703792411,0.6317839886493269,0.3672910297772057,0.3920810730912381,0.4216843774807381,0.3936854934497273
ELM_corr,PAC,1.0,6.0,13500,250.0,3.0,2650.240367621735,0.5570488490266706,-0.0185594369702556,0.406175179050274,0.6314687128046137,0.3683444474307977,0.392248892032751,0.4222574114825862,0.3942835836487116
ELM_corr,PAC,1.0,6.0,13500,250.0,4.0,2656.388844758485,0.5583411854328839,-0.0216288655637784,0.4073667584500336,0.629756766493647,0.3694250443707698,0.3931588975454749,0.4226715079619629,0.3950851499594026
ELM_corr,PAC,1.0,6.0,27000,500.0,0.0,2630.218970967837,0.5528405907500944,-0.0175614576993408,0.3997358514553278,0.637015862770526,0.3625048720772953,0.3892856247191952,0.4191456302238615,0.3903120423401173
ELM_corr,PAC,1.0,6.0,27000,500.0,1.0,2623.964889679617,0.551526057613446,-0.015912769346689,0.3985161405047375,0.6387400031469279,0.3613987637297322,0.3883599892613864,0.4180096490023765,0.3892561339978317
ELM_corr,PAC,1.0,6.0,27000,500.0,2.0,2640.217118142766,0.554942081786242,-0.0207608948720132,0.3998589802445057,0.6342510233604526,0.3626165327797505,0.3907654007424039,0.4211566110035564,0.3915128481752369
ELM_corr,PAC,1.0,6.0,27000,500.0,3.0,2617.863560146981,0.5502436310700992,-0.0174248514389464,0.3959262581213426,0.6404180771916046,0.3590501002844352,0.3874569618309911,0.4175034712954108,0.3880035111369457
ELM_corr,PAC,1.0,6.0,27000,500.0,4.0,2640.149737260301,0.5549279191300989,-0.0216608421094498,0.4003544161249088,0.6342696916541787,0.3630658242801103,0.3907554280332059,0.4212375265151842,0.3916862596095001
ELM_corr,PAC,1.0,6.0,54000,1000.0,0.0,2639.654012505003,0.5548237237115449,-0.0144501998181598,0.3961002122420431,0.6344070206428406,0.3592078525001603,0.3906820582783736,0.4223952803050101,0.3907617303611814
ELM_corr,PAC,1.0,6.0,54000,1000.0,1.0,2621.7713609420293,0.5510650040903361,-0.013665222705395,0.3948620615029762,0.639343748240055,0.3580850218267449,0.3880353359856033,0.4189142136606613,0.3883448571576699
ELM_corr,PAC,1.0,6.0,54000,1000.0,2.0,2643.508020462432,0.5556337901202578,-0.014074616775397,0.3962672843534686,0.633338678470835,0.3593593636897609,0.3912524708227058,0.4229820489958285,0.3911979611694318
ELM_corr,PAC,1.0,6.0,54000,1000.0,3.0,2624.1453747919977,0.5515639934268712,-0.0134123797308793,0.3956446840020888,0.6386903040874663,0.3587947516843314,0.3883867019649678,0.4191900350052476,0.3887904962181823
ELM_corr,PAC,1.0,6.0,54000,1000.0,4.0,2636.5344746918977,0.5541680341486224,-0.0177611571089669,0.3953648741228288,0.6352706241369045,0.3585410030047526,0.3902203510061601,0.4218002617158456,0.3901872052422527
ELM_elastic_net,PAC,1.0,6.0,270,5.0,0.0,3424.5750099528072,0.7198047358291492,-0.1813098600556787,0.5554058865324542,0.3846570900434912,0.503675962802462,0.5068543101780877,0.5201874106467667,0.510239227875772
ELM_elastic_net,PAC,1.0,6.0,270,5.0,1.0,3876.7126655169086,0.8148386669814454,-0.1679545172716076,0.6524983340804862,0.21144668673509,0.591725321272387,0.5737729552217653,0.5746387244122484,0.5800456669688002
ELM_elastic_net,PAC,1.0,6.0,270,5.0,2.0,3258.0350387134704,0.684800024396481,-0.0681200335350426,0.5524929133832085,0.4430511187912891,0.5010343009275328,0.4822055575608233,0.4850459110019469,0.4894285898301009
ELM_elastic_net,PAC,1.0,6.0,270,5.0,3.0,3576.861400828097,0.7518135150311773,-0.1500364090564378,0.6081282496137704,0.3287132752379085,0.5514878200947797,0.5293934612763344,0.5322415108299389,0.537707597400351
ELM_elastic_net,PAC,1.0,6.0,270,5.0,4.0,3234.655950452566,0.67988601947597,-0.1085459858228269,0.519419686077938,0.4510155751853431,0.4710414794434676,0.4787453350168187,0.4972665738127508,0.4823511294243457
ELM_elastic_net,PAC,1.0,6.0,540,10.0,0.0,3085.583325031376,0.6485527353607724,-0.0442507424305441,0.5083737284223006,0.500450656763497,0.4610243307380167,0.4566818373551526,0.4664206319246627,0.4613756000059441
ELM_elastic_net,PAC,1.0,6.0,540,10.0,1.0,3111.827617978623,0.6540689720608049,-0.0661667831486147,0.5183056788804905,0.4919167281412189,0.4700312297119671,0.4605661245905699,0.4664551284732414,0.4656841609252595
ELM_elastic_net,PAC,1.0,6.0,540,10.0,2.0,3150.459272733925,0.6621888841564569,-0.0935439543607939,0.5144104091262109,0.4792232656034607,0.4664987613110449,0.4662838036208525,0.4864123745273022,0.4730649798197332
ELM_elastic_net,PAC,1.0,6.0,540,10.0,3.0,3114.607656680504,0.654653302968315,-0.0513247172819425,0.5186712734944575,0.4910085016728061,0.4703627732257294,0.4609775842883178,0.4758438379937792,0.4690613985026088
ELM_elastic_net,PAC,1.0,6.0,540,10.0,4.0,3125.820789494453,0.6570101694640128,-0.0703398955884715,0.522631379989702,0.4873369875031718,0.4739540395413341,0.4626371842914807,0.4736860912016329,0.4700924383448159
ELM_elastic_net,PAC,1.0,6.0,1350,25.0,0.0,2888.15334790467,0.6070553138946262,-0.0406820262415902,0.4588976567889004,0.5623324662532114,0.4161564087013635,0.4274612086423329,0.4483366586552846,0.4306514253329936
ELM_elastic_net,PAC,1.0,6.0,1350,25.0,1.0,2848.992427335101,0.5988241564507151,-0.0405072152879622,0.452786775102744,0.5741208051314648,0.4106146881480166,0.4216651956119448,0.4422479504026517,0.4248426113875377
ELM_elastic_net,PAC,1.0,6.0,1350,25.0,2.0,2939.322306279391,0.6178104173625091,-0.0418163567025349,0.4726661850827385,0.5466869146722515,0.4286425506615579,0.4350344716090295,0.4539716889428831,0.4392162370711568
ELM_elastic_net,PAC,1.0,6.0,1350,25.0,3.0,2902.6759000719057,0.6101077807834873,-0.0444598220671833,0.4697166468707557,0.5579199375949118,0.4259677293556151,0.4296106193398229,0.4496621359474881,0.435080161547642
ELM_elastic_net,PAC,1.0,6.0,1350,25.0,4.0,2937.5469157036982,0.6174372514833516,-0.0400412404246914,0.4711853594956047,0.5472343638039087,0.4272996476217671,0.4347717048823776,0.4529374922079239,0.4383362815706895
ELM_elastic_net,PAC,1.0,6.0,2700,50.0,0.0,2807.394447483642,0.5900807582740116,-0.0316412991401218,0.4457286980735385,0.5864664898165681,0.4042139930358101,0.4155084855614607,0.4406952578110216,0.4201392454694308
ELM_elastic_net,PAC,1.0,6.0,2700,50.0,1.0,2780.1406874080044,0.5843523436489613,-0.0354541004856996,0.4340127018486896,0.5944565588202994,0.3935892124531218,0.4114747921184057,0.4381709615316865,0.414411655367738
ELM_elastic_net,PAC,1.0,6.0,2700,50.0,2.0,2763.074955745178,0.5807653308267597,-0.0183245300023051,0.4364568142576061,0.5994200873344979,0.3958056827869963,0.4089489780759312,0.4324266509408019,0.4123937706012432
ELM_elastic_net,PAC,1.0,6.0,2700,50.0,3.0,2797.5299009398486,0.5880073484937051,-0.0328094957766777,0.4362928532160796,0.5893675097706736,0.3956569929054963,0.4140484831030117,0.4413444330148379,0.4170166363411153
ELM_elastic_net,PAC,1.0,6.0,2700,50.0,4.0,2810.255533309972,0.5906821243183882,-0.0308097629175072,0.4410928962501342,0.5856231756487982,0.4000099649486355,0.415931940640894,0.4425653311264454,0.4195024122386583
ELM_elastic_net,PAC,1.0,6.0,5400,100.0,0.0,2714.217189819496,0.5704960123877916,-0.0318154866508868,0.423726134296133,0.6134612588662192,0.3842607250503082,0.4017177832055799,0.4281314112078018,0.4047033064878966
ELM_elastic_net,PAC,1.0,6.0,5400,100.0,1.0,2708.6391653788514,0.5693235783201255,-0.0282398290378495,0.4282547928774189,0.6150483883082426,0.3883675891049433,0.4008922075584404,0.425069460149065,0.4047764189374829
ELM_elastic_net,PAC,1.0,6.0,5400,100.0,2.0,2701.680735412241,0.5678609995098074,-0.0261191481490504,0.4231779895626673,0.617023710941901,0.3837636339443656,0.3998623249568333,0.4271593371225869,0.4035950986745953
ELM_elastic_net,PAC,1.0,6.0,5400,100.0,3.0,2707.936738404462,0.5691759365656683,-0.0322030615475284,0.4241649484785599,0.6152480201662587,0.3846586685384573,0.4007882448364911,0.4264092754405658,0.4039520629385047
ELM_elastic_net,PAC,1.0,6.0,5400,100.0,4.0,2703.1520558110083,0.5681702534720879,-0.0229079914402907,0.4266752364210432,0.6166064638162732,0.3869351508858726,0.4000800877693285,0.424579665050015,0.4038649679017387
ELM_elastic_net,PAC,1.0,6.0,13500,250.0,0.0,2636.385886483873,0.5541368026832542,-0.0253530474656419,0.4045596402962265,0.6353117333715939,0.3668793782676497,0.3901983592047074,0.419417918170513,0.3921652185476234
ELM_elastic_net,PAC,1.0,6.0,13500,250.0,1.0,2635.7034077413427,0.5539933538087081,-0.0246820463234322,0.4051599120325795,0.6355005219519623,0.3674237413219167,0.3900973489213142,0.4186420346523515,0.3920543749651942
ELM_elastic_net,PAC,1.0,6.0,13500,250.0,2.0,2648.7968023339427,0.5567454288569819,-0.0245382128372768,0.4072306957114666,0.6318700757091333,0.3693016543734524,0.3920352371161513,0.420822030330045,0.3940529739398828
ELM_elastic_net,PAC,1.0,6.0,13500,250.0,3.0,2646.0593026341426,0.5561700391392738,-0.0233380138545522,0.4068966565543555,0.6326305982261572,0.368998727274278,0.3916300734044725,0.4211264873120484,0.3939184293302664
ELM_elastic_net,PAC,1.0,6.0,13500,250.0,4.0,2651.697896545156,0.5573552041856719,-0.0249777504539297,0.4081103328545877,0.6310632456468054,0.3700993630325098,0.3924646136375919,0.4211267364611628,0.3945635710437548
ELM_elastic_net,PAC,1.0,6.0,27000,500.0,0.0,2621.5548628620645,0.5510194987815594,-0.0226643656404965,0.4002358927846696,0.6394033096215945,0.3629583400798938,0.388003293181852,0.4173989312873668,0.3894535215163708
ELM_elastic_net,PAC,1.0,6.0,27000,500.0,1.0,2607.9166463987704,0.5481529086878948,-0.0214426503635145,0.3969710990270867,0.6431454425893742,0.359997625800345,0.385984768612388,0.4151583811639834,0.3870469251922388
ELM_elastic_net,PAC,1.0,6.0,27000,500.0,2.0,2627.579666233496,0.5522858404404783,-0.0245568837867417,0.3992801647831504,0.6377439733156051,0.3620916275854551,0.3888949943558402,0.4188167697909227,0.3899344639107393
ELM_elastic_net,PAC,1.0,6.0,27000,500.0,3.0,2601.860097045837,0.546879894403099,-0.0223273463296939,0.3947017677597484,0.6448010151042358,0.3579396576752133,0.385088368873612,0.4146364798041036,0.3858881687843096
ELM_elastic_net,PAC,1.0,6.0,27000,500.0,4.0,2615.5336724284803,0.5497539165189934,-0.0217113407420131,0.3978857495527307,0.6410578452113597,0.3608270867320751,0.3871121267408205,0.4163038060777193,0.3880810065168716
ELM_elastic_net,PAC,1.0,6.0,54000,1000.0,0.0,2599.08384261979,0.5462963589051388,-0.0222290361174758,0.3922106575828402,0.6455586243587572,0.3556805668963331,0.3846774692677037,0.4148159668725167,0.3850580010121845
ELM_elastic_net,PAC,1.0,6.0,54000,1000.0,1.0,2594.3392378618505,0.5452990996935645,-0.0228839076702196,0.3936443080967814,0.6468515024566582,0.3569806886999385,0.383975243921591,0.413338657567747,0.3847648633964255
ELM_elastic_net,PAC,1.0,6.0,54000,1000.0,2.0,2608.5024110741574,0.5482760294214748,-0.0213319117474706,0.3946845676578496,0.6429851182402663,0.3579240595728268,0.3860714647278496,0.4165434268623753,0.3868463170543506
ELM_elastic_net,PAC,1.0,6.0,54000,1000.0,3.0,2600.4161100923207,0.5465763856043151,-0.0241981714588057,0.3945964235886294,0.6451951641783151,0.3578441251500807,0.3848746515483662,0.4144811605645617,0.3857333124210029
ELM_elastic_net,PAC,1.0,6.0,54000,1000.0,4.0,2602.243947087486,0.5469605750939948,-0.02440816383688,0.3939536697255715,0.6446962030103107,0.3572612367099853,0.3851451806086466,0.4151648560416515,0.3858570911200945
ELM_huber,PAC,1.0,6.0,270,5.0,0.0,3587.8089150713954,0.7541145516780551,-0.2683847262491085,0.5674935955867915,0.324597841964658,0.5146378352702353,0.5310137483962909,0.5506561418748505,0.5321025751804589
ELM_huber,PAC,1.0,6.0,270,5.0,1.0,3948.4076226273023,0.82990809005238,-0.2356561690356153,0.6571159330327803,0.1820103700780954,0.5959128418848398,0.5843841691457777,0.5886683453551255,0.5896551187952478
ELM_huber,PAC,1.0,6.0,270,5.0,2.0,3330.895831792257,0.7001144922536477,-0.1243548105569967,0.5580188762742153,0.4178620170937149,0.50604558141092,0.4929893210665571,0.4988614910688582,0.4992987978487784
ELM_huber,PAC,1.0,6.0,270,5.0,3.0,3698.242767790655,0.7773264275902948,-0.2242100779597289,0.6175578152104562,0.2823797787492264,0.5600391258081053,0.5473585135358053,0.5554818649008827,0.5542931680815978
ELM_huber,PAC,1.0,6.0,270,5.0,4.0,3288.085561985462,0.6911162852178848,-0.1607348779824341,0.5217906049756998,0.4327296886954667,0.4731915734333105,0.4866531860108498,0.5073080937458088,0.4890509510633229
ELM_huber,PAC,1.0,6.0,540,10.0,0.0,3109.307817223684,0.6535393400593216,-0.0783407941725864,0.5072184185841131,0.4927392353110859,0.4599766252505629,0.4601931814166814,0.471589696684699,0.4639198344506478
ELM_huber,PAC,1.0,6.0,540,10.0,1.0,3162.862593362596,0.6647959139054264,-0.1093707219795423,0.5219708410413697,0.4751146100293522,0.4733550225002168,0.4681195574013629,0.4757215337899101,0.47239870456383
ELM_huber,PAC,1.0,6.0,540,10.0,2.0,3173.495418352331,0.6670308066324393,-0.1253515977572365,0.512656033758906,0.4715795873230727,0.4649077866316784,0.4696932689304588,0.4920503677628342,0.4755504744416571
ELM_huber,PAC,1.0,6.0,540,10.0,3.0,3191.141320750137,0.6707397644088072,-0.1132429904005599,0.5193895812778119,0.4656867923811573,0.471014178572958,0.4723049511571048,0.4922217352318033,0.4785136216539554
ELM_huber,PAC,1.0,6.0,540,10.0,4.0,3192.446692187594,0.6710141378828784,-0.1283725939428335,0.5247435955200206,0.4652495695914903,0.4758695255249658,0.4724981526894222,0.4874539959381223,0.4786072247175035
ELM_huber,PAC,1.0,6.0,1350,25.0,0.0,2914.803871899242,0.6126569355054449,-0.0612236322267945,0.4605432000671242,0.5542180187313783,0.4176486877986685,0.4314056201140908,0.4551968704501594,0.4347503927876395
ELM_huber,PAC,1.0,6.0,1350,25.0,1.0,2881.8956533119454,0.6057400212845578,-0.057196565173676,0.448100969685654,0.5642269797320967,0.4063653137496056,0.4265350383973002,0.4520167631812776,0.4283057051093945
ELM_huber,PAC,1.0,6.0,1350,25.0,2.0,2964.8497738619008,0.6231759859385261,-0.0642230614407258,0.468609717858146,0.5387788434017591,0.424963898554215,0.4388126650883731,0.4610861895218246,0.4416209177214709
ELM_huber,PAC,1.0,6.0,1350,25.0,3.0,2935.9601570095583,0.6171037337711273,-0.0630245992015428,0.4665575743919248,0.5477233675850206,0.4231028895854213,0.4345368566220825,0.4589078411798527,0.4388491957957854
ELM_huber,PAC,1.0,6.0,1350,25.0,4.0,2974.289322342337,0.625160066205584,-0.0589073186600168,0.4690087979504393,0.5358372777033813,0.4253258087438533,0.4402097656978032,0.4616409176646438,0.4423921640354334
ELM_huber,PAC,1.0,6.0,2700,50.0,0.0,2850.081358880046,0.5990530368463166,-0.0451704339409457,0.4356965167039587,0.5737951869148441,0.3951161985527897,0.4218263629525463,0.4552090691393531,0.4240505435482297
ELM_huber,PAC,1.0,6.0,2700,50.0,1.0,2837.271512645461,0.5963605602738661,-0.0494749108035787,0.4250836398261081,0.5776177787347344,0.385491793934163,0.4199304413395437,0.4549303716972213,0.420117535656976
ELM_huber,PAC,1.0,6.0,2700,50.0,2.0,2814.3758992073085,0.5915481759825018,-0.0326656409009815,0.4287557445863747,0.5844071753318059,0.3888218826953499,0.4165417754987978,0.4480486265020724,0.41780409489874
ELM_huber,PAC,1.0,6.0,2700,50.0,3.0,2844.5422757107594,0.5978887877684554,-0.0440856005641519,0.4291040147270772,0.5754502202551429,0.3891377153191791,0.4210065508092501,0.4555186104511087,0.4218876255265127
ELM_huber,PAC,1.0,6.0,2700,50.0,4.0,2851.8160229353834,0.5994176424976677,-0.0451184131516686,0.4329748826121319,0.5732762212674517,0.3926480546154698,0.4220831019495323,0.4559211660191227,0.4235507741947082
ELM_huber,PAC,1.0,6.0,5400,100.0,0.0,2759.936440443269,0.5801056524225137,-0.0420536765373584,0.4132848980375765,0.6003295901008376,0.3747919746231031,0.4084844620400116,0.4439324925973237,0.4090696430868128
ELM_huber,PAC,1.0,6.0,5400,100.0,1.0,2756.031958448574,0.5792849769744441,-0.0386999499858908,0.419134970771304,0.6014596176424687,0.3800971776972381,0.4079065790845289,0.4405858897386472,0.4095298821734714
ELM_huber,PAC,1.0,6.0,5400,100.0,2.0,2759.016873867929,0.5799123705192363,-0.0393579361825735,0.4111500374460115,0.6005958732791263,0.3728559527155594,0.4083483615659813,0.4460662026670915,0.4090901723162108
ELM_huber,PAC,1.0,6.0,5400,100.0,3.0,2762.3626098560576,0.580615604234979,-0.0452850306481142,0.4126490265285594,0.5996266070095118,0.374215327521787,0.4088435473047584,0.4446008163037868,0.4092198970434441
ELM_huber,PAC,1.0,6.0,5400,100.0,4.0,2748.026509692888,0.5776023273288579,-0.0371893904862958,0.4168633376284239,0.6037715363282058,0.3780371220908464,0.4067217324408032,0.440029474321491,0.4082627762843802
ELM_huber,PAC,1.0,6.0,13500,250.0,0.0,2698.0576042291145,0.5670994606395635,-0.0373711279903589,0.3947418611931031,0.6180502148538201,0.3579760168480933,0.3993260833352682,0.4378674758929815,0.3983898586921143
ELM_huber,PAC,1.0,6.0,13500,250.0,1.0,2685.0736960766417,0.5643703983323988,-0.0366358369429004,0.3916419393064814,0.621717496307165,0.3551648184457778,0.3974043996837462,0.4358184301914723,0.3961292161069987
ELM_huber,PAC,1.0,6.0,13500,250.0,2.0,2701.6674331711465,0.5678582035377207,-0.0331693941707427,0.3955253118364994,0.6170274822464241,0.3586864977174706,0.3998603561583067,0.4386252998087351,0.3990573845615041
ELM_huber,PAC,1.0,6.0,13500,250.0,3.0,2691.618754375426,0.5657460913588476,-0.0347961630172339,0.3931366242219041,0.6198710675764714,0.3565202899705073,0.3983731012012964,0.4379828689726627,0.3976254200481555
ELM_huber,PAC,1.0,6.0,13500,250.0,4.0,2694.1770057964486,0.5662838052307709,-0.0349982055962556,0.3947309603310721,0.6191481364256515,0.3579661312809576,0.3987517352669822,0.4372552965419448,0.3979910543632949
ELM_huber,PAC,1.0,6.0,27000,500.0,0.0,2665.5503104418144,0.5602668160196956,-0.0307438233602715,0.3860998916282198,0.627198541728777,0.3501389512954079,0.3945148405035495,0.4335643861669167,0.3927393926552914
ELM_huber,PAC,1.0,6.0,27000,500.0,1.0,2646.168431197005,0.5561929766588593,-0.0275629607444303,0.3845393979695077,0.632600295563235,0.348723800384952,0.3916462249801541,0.4296212229069265,0.3899970827573442
ELM_huber,PAC,1.0,6.0,27000,500.0,2.0,2665.4295240450856,0.5602414281627685,-0.0289868909308133,0.386548913690269,0.6272323271159344,0.3505461519119411,0.3944969635098744,0.4332766224194863,0.3927732459471006
ELM_huber,PAC,1.0,6.0,27000,500.0,3.0,2642.2606285265697,0.5553716032444385,-0.0293473658213572,0.3819015026509529,0.6336846297314067,0.34633159587909,0.3910678505479751,0.4295542230101483,0.3889845564790712
ELM_huber,PAC,1.0,6.0,27000,500.0,4.0,2666.975806112396,0.5605664381718186,-0.0329873510055266,0.3864027796283203,0.6267996980362285,0.3504136286237747,0.3947258210260012,0.4336776727230785,0.3929390407909514
ELM_huber,PAC,1.0,6.0,54000,1000.0,0.0,2635.022301211408,0.5538501933568487,-0.0228407021451234,0.3789496495344833,0.635688882217712,0.3436546752764446,0.3899965417322806,0.4286501156319491,0.3874337775468914
ELM_huber,PAC,1.0,6.0,54000,1000.0,1.0,2641.871724340937,0.5552898602328855,-0.0263662096937218,0.380389034559715,0.6337924548982621,0.3449599974849529,0.3910102907742335,0.4295514960642424,0.3885072614411429
ELM_huber,PAC,1.0,6.0,54000,1000.0,2.0,2643.8549226648083,0.5557067048169471,-0.0227310173253486,0.38118687855498,0.6332424397117378,0.3456835311244506,0.3913038140918629,0.4297697083121026,0.3889190178428054
ELM_huber,PAC,1.0,6.0,54000,1000.0,3.0,2625.845077480157,0.5519212506167074,-0.0202090021996678,0.3781646056524219,0.6382220998828694,0.3429427495609862,0.3886382665039284,0.4272279382670582,0.3862696514439909
ELM_huber,PAC,1.0,6.0,54000,1000.0,4.0,2637.031103692688,0.5542724196287709,-0.0228244482803785,0.3793304036344001,0.6351332072004414,0.3439999663374809,0.3902938545938689,0.4287531455993887,0.3876823221769128
ELM_l3,PAC,1.0,6.0,270,5.0,0.0,3284.495166205055,0.6903616269380319,-0.0361399197265056,0.5496627176403858,0.4339678638596146,0.4984677066579159,0.4861217893933846,0.490491726853393,0.4916937409682311
ELM_l3,PAC,1.0,6.0,270,5.0,1.0,3811.1369542908847,0.8010554362568518,-0.0448642038490093,0.6569003071830529,0.2378982731590457,0.5957172992013717,0.5640674204382354,0.558200366355113,0.5726616953315734
ELM_l3,PAC,1.0,6.0,270,5.0,2.0,3184.2069180516346,0.6692822358430665,0.0672567729820329,0.55104451758835,0.4680064121713159,0.4997208072030622,0.4712786247119163,0.4696515230555288,0.4802169849901691
ELM_l3,PAC,1.0,6.0,270,5.0,3.0,3471.831222910305,0.7297374269763133,-0.0240457050999293,0.6014873335203679,0.3675575044570265,0.5454654319848555,0.5138484671612432,0.5107470966026896,0.5233536652495961
ELM_l3,PAC,1.0,6.0,270,5.0,4.0,3201.774645812246,0.6729747622450563,-0.0088031512645372,0.532095516623094,0.4621200485327622,0.4825366963811427,0.473878736699425,0.4842793089841263,0.4802315806882313
ELM_l3,PAC,1.0,6.0,540,10.0,0.0,3092.6805606164653,0.6500444894530598,0.0090900653478339,0.5216108613460638,0.4981499593199144,0.4730285709374605,0.4577322638858016,0.462437178750315,0.464399337857859
ELM_l3,PAC,1.0,6.0,540,10.0,1.0,3175.8438640545205,0.6675244218499075,-0.0022197076051573,0.5353990612436863,0.4707972160556467,0.4855325523088247,0.4700408506954704,0.480859802264887,0.4788110684230607
ELM_l3,PAC,1.0,6.0,540,10.0,2.0,3134.4969784815657,0.6588338006894122,-0.0248138432045441,0.5303594499348067,0.4844870901622655,0.4809623251295674,0.4639213038599695,0.4741500339390299,0.4730112209761889
ELM_l3,PAC,1.0,6.0,540,10.0,3.0,3082.760034305397,0.6479593133947544,0.0619271024801979,0.5338187274132826,0.5013644079981174,0.4840994091195306,0.4562639761404941,0.4589914594494534,0.4664516149031594
ELM_l3,PAC,1.0,6.0,540,10.0,4.0,3259.221893304372,0.6850494870459451,0.012157824830954,0.5482221364586263,0.4426452681922711,0.4971612997016486,0.4823812180042957,0.4879096196967536,0.489150712467566
ELM_l3,PAC,1.0,6.0,1350,25.0,0.0,2892.0483842055223,0.6078740039707471,-0.0066235202486095,0.4792020548420995,0.5611511713234202,0.4345696763431927,0.4280376935876617,0.4372906610577792,0.4332993436628778
ELM_l3,PAC,1.0,6.0,1350,25.0,1.0,2859.138150310624,0.6009566661562894,-0.009621711576421,0.4774906336703622,0.5710821547526439,0.4330176551505169,0.423166813595219,0.4304833411658784,0.4288892699705381
ELM_l3,PAC,1.0,6.0,1350,25.0,2.0,2943.537381024325,0.618696375694407,-0.0048607255019168,0.4929857684379571,0.5453858538336602,0.4470695892622491,0.4356583238522958,0.4444273877023146,0.4423851002722865
ELM_l3,PAC,1.0,6.0,1350,25.0,3.0,2958.220506102032,0.621782593089847,-0.0001360730376498,0.4990099532261107,0.5408390761261141,0.4525326877760527,0.4378315001474244,0.4440825308160475,0.4448155729131748
ELM_l3,PAC,1.0,6.0,1350,25.0,4.0,2928.955262791916,0.615631388730593,-0.0070058952859204,0.489831383010757,0.5498789625934881,0.4442089999965964,0.4335000970778368,0.4403789443272647,0.4393626804672326
ELM_l3,PAC,1.0,6.0,2700,50.0,0.0,2814.052715708858,0.5914802466738868,0.0065903883796276,0.4726266945187445,0.5845026174731849,0.4286067382074166,0.4164939427170098,0.4243775289245322,0.4231594032829862
ELM_l3,PAC,1.0,6.0,2700,50.0,1.0,2791.8432958457443,0.5868120920704611,-0.0004063528443966,0.4702307410477164,0.5910352177716587,0.426433941338294,0.4132068369735355,0.4210812554781337,0.4202406779299877
ELM_l3,PAC,1.0,6.0,2700,50.0,2.0,2832.181878659,0.5952907800423208,-0.0046875293371293,0.4786607946617358,0.579131798607611,0.4340788285702724,0.4191771499338162,0.4263529265345827,0.4265363016795571
ELM_l3,PAC,1.0,6.0,2700,50.0,3.0,2810.503492583025,0.5907342423939208,-0.0053047346311136,0.4675386735926143,0.5855500484133122,0.423992610232059,0.4159686398593167,0.4257024157798288,0.4218878886237349
ELM_l3,PAC,1.0,6.0,2700,50.0,4.0,2821.5131041516865,0.5930483311563892,-0.0009122677810475,0.4722723544875548,0.582296631220508,0.4282854010363556,0.4175981176954701,0.4249914913437829,0.4236250033585362
ELM_l3,PAC,1.0,6.0,5400,100.0,0.0,2737.0856388728257,0.5753026870501408,0.001112835017398,0.4564618192947395,0.6069203084849428,0.4139474425653337,0.4051024285808692,0.4138124479356012,0.4109541063606013
ELM_l3,PAC,1.0,6.0,5400,100.0,1.0,2730.336386483471,0.5738840748664261,-0.0046221847330653,0.4574212147487321,0.608856472309789,0.4148174809295558,0.4041035053118264,0.412101348591295,0.410340778277559
ELM_l3,PAC,1.0,6.0,5400,100.0,2.0,2731.7287502695654,0.5741767330924293,-0.0003170727560631,0.4597929568003304,0.6084574350690588,0.4169683214055472,0.4043095821488841,0.411212418887412,0.4108301074806144
ELM_l3,PAC,1.0,6.0,5400,100.0,3.0,2740.124014162907,0.5759413172207957,-0.0075791387550652,0.4590861254942935,0.6060471268056868,0.4163273236285345,0.4055521233918284,0.4121171772545092,0.411332208091624
ELM_l3,PAC,1.0,6.0,5400,100.0,4.0,2732.5846123356696,0.5743566250692754,-0.0008228059781317,0.4574098180745236,0.6082120527823434,0.4148071457296707,0.4044362540354283,0.4117896707430444,0.4103443568360478
ELM_l3,PAC,1.0,6.0,13500,250.0,0.0,2694.619051591895,0.5663767179735466,-0.0109851110582728,0.4411148481139713,0.6190231500005454,0.4000298722388201,0.3988171602660162,0.4104086021035355,0.403085211536124
ELM_l3,PAC,1.0,6.0,13500,250.0,1.0,2678.478525800705,0.5629841723673018,-0.0085722667165444,0.4417219674388011,0.6235735150638018,0.4005804451043306,0.3964282813417616,0.4071376597483017,0.4013821287314646
ELM_l3,PAC,1.0,6.0,13500,250.0,2.0,2689.899489859069,0.5653847225065316,-0.0081514019675278,0.4419928092171461,0.6203565252289744,0.4008260609625398,0.3981186414134631,0.4092019140734249,0.402715538816476
ELM_l3,PAC,1.0,6.0,13500,250.0,3.0,2700.053464041416,0.5675189665171602,-0.006811108645267,0.4447282872436208,0.6174849191509031,0.403306759424905,0.3996214806168101,0.4106958624456548,0.40454136749579
ELM_l3,PAC,1.0,6.0,13500,250.0,4.0,2704.776575045115,0.568511707998491,-0.0118534413965231,0.4440521962482238,0.6161455076342243,0.4026936388381306,0.4003205247792877,0.4119160157297933,0.4049767264490706
ELM_l3,PAC,1.0,6.0,27000,500.0,0.0,2683.5583593920487,0.5640518926729299,-0.0104449972220058,0.4361928560766456,0.6221443476105915,0.3955663093951065,0.3971801222397642,0.4108358961489473,0.4011941092612727
ELM_l3,PAC,1.0,6.0,27000,500.0,1.0,2680.921000926492,0.56349755144575,-0.0168464233983162,0.4332655629261678,0.6228866837016827,0.3929116612688919,0.3967897799339694,0.4111888716806218,0.400296770961161
ELM_l3,PAC,1.0,6.0,27000,500.0,2.0,2689.5336329661595,0.5653078237604429,-0.0168024873790317,0.4376865404939548,0.620459789857973,0.3969208736070709,0.3980644927548585,0.4106574487906779,0.4018809383842025
ELM_l3,PAC,1.0,6.0,27000,500.0,3.0,2667.9809512006063,0.5607777076556485,-0.0148141292728959,0.430176585806774,0.6265183372992114,0.3901103882496248,0.3948745875499736,0.4093864512842841,0.3981238090279608
ELM_l3,PAC,1.0,6.0,27000,500.0,4.0,2695.043302648154,0.5664658904748316,-0.0127518021054429,0.4356137747698758,0.618903175672646,0.3950411631159606,0.3988799515542309,0.412890535197731,0.4022705499559742
ELM_l3,PAC,1.0,6.0,54000,1000.0,0.0,2722.35979375303,0.5722074904124529,-0.0138090635838687,0.4293949611615598,0.611138561179362,0.3894015633068676,0.4029229295048404,0.4237909870717845,0.4053718266278308
ELM_l3,PAC,1.0,6.0,54000,1000.0,1.0,2727.6885355245577,0.5733275282425512,-0.0207478261201043,0.4322471238629909,0.6096147580430606,0.3919880785555291,0.4037116100642894,0.4228333577130075,0.406177682110942
ELM_l3,PAC,1.0,6.0,54000,1000.0,2.0,2734.1927723776507,0.5746946410890225,-0.0181249820507365,0.4361150115809648,0.6077507729250212,0.3954957152543859,0.404674269802747,0.4223561039525267,0.4075086963365532
ELM_l3,PAC,1.0,6.0,54000,1000.0,3.0,2699.004073624242,0.567298397194012,-0.0124403656192528,0.4304554324572821,0.6177821944908034,0.3903632634145709,0.3994661655618154,0.4172221118513078,0.4023505136092313
ELM_l3,PAC,1.0,6.0,54000,1000.0,4.0,2700.606680393678,0.5676352459822438,-0.0126362581547232,0.4287822929016207,0.6173281553835335,0.3888459583282637,0.3997033594168919,0.4176901874451297,0.4020798350634285
ELM_lp,PAC,1.0,6.0,270,5.0,0.0,3476.3972936125406,0.7306971604632564,-0.209863330575041,0.5597222455408072,0.3658928635614984,0.5075903006444794,0.5145242685699669,0.5298486407852865,0.517321069999911
ELM_lp,PAC,1.0,6.0,270,5.0,1.0,3899.212471856335,0.8195678573514297,-0.1916988313273653,0.6536852563593599,0.2022668557459424,0.5928016948508447,0.5771030396229441,0.5791024135591512,0.5830023826776466
ELM_lp,PAC,1.0,6.0,270,5.0,2.0,3283.72772068156,0.6902003190616687,-0.0882047942009948,0.5545641505295127,0.4342323477798986,0.5029126252110043,0.4860082035994453,0.4897938470587046,0.4929048919563847
ELM_lp,PAC,1.0,6.0,270,5.0,3.0,3617.466330812904,0.7603481859950578,-0.176560904629524,0.6114345562471395,0.3133857225234375,0.5544861807842555,0.5354031949564158,0.5399789033823859,0.5432894263743524
ELM_lp,PAC,1.0,6.0,270,5.0,4.0,3251.416621200189,0.6834089121399501,-0.1278224357568081,0.5196417523365111,0.4453116078086191,0.4712428626828335,0.4812259985108928,0.500669691068455,0.4843795174207271
ELM_lp,PAC,1.0,6.0,540,10.0,0.0,3093.1092964951645,0.6501346046104183,-0.0562845856949272,0.5075960694618906,0.4980108075208476,0.4603191021203262,0.4577957189502739,0.4681933453392836,0.4621027221366279
ELM_lp,PAC,1.0,6.0,540,10.0,1.0,3128.9231000200084,0.6576622380569966,-0.082282376554488,0.5191831738833579,0.4863188682917858,0.4708269957474748,0.4630963418385687,0.4697490326656963,0.4678907900839132
ELM_lp,PAC,1.0,6.0,540,10.0,2.0,3157.0140748550184,0.6635666252178947,-0.1046627358920214,0.5132794305686967,0.4770539694596667,0.4654731209142149,0.4672539472730677,0.4882047039731342,0.4736439240534723
ELM_lp,PAC,1.0,6.0,540,10.0,3.0,3140.448894821232,0.6600848223654157,-0.0761565048997019,0.5177271628329639,0.4825274756965081,0.4695065960444095,0.4648022173869944,0.4819766819225887,0.4720951651179976
ELM_lp,PAC,1.0,6.0,540,10.0,4.0,3146.9203104910484,0.6614450365914482,-0.0915869754660236,0.522542582967598,0.4803926024520942,0.4738735129810532,0.4657600194253986,0.4784828306658556,0.4727054543574358
ELM_lp,PAC,1.0,6.0,1350,25.0,0.0,2898.3572462128354,0.6092000513597978,-0.0517852198006523,0.4629636319167721,0.5592344284777195,0.4198436831558124,0.4289714368671729,0.4502011176243398,0.4330054125491083
ELM_lp,PAC,1.0,6.0,1350,25.0,1.0,2859.4283942782745,0.6010176719692308,-0.0473206955176473,0.4506390802678714,0.5709950675749931,0.4086670273651719,0.4232097711609255,0.4456850173523516,0.4258539386261497
ELM_lp,PAC,1.0,6.0,1350,25.0,2.0,2947.291287879883,0.6194854020479369,-0.0504531144062369,0.4705177785645415,0.5442255713958768,0.4266942444808299,0.4362139209305367,0.45658410797448,0.4398307577952822
ELM_lp,PAC,1.0,6.0,1350,25.0,3.0,2913.3883140326907,0.6123594021609503,-0.0521015455293572,0.46804342137178,0.55465089654407,0.4244503463306641,0.4311961104365738,0.4529209479671283,0.4361891349114554
ELM_lp,PAC,1.0,6.0,1350,25.0,4.0,2950.2819602066465,0.6201140056258586,-0.0470851037366339,0.4698777187891182,0.5433001362046137,0.4261137992038628,0.4366565554632144,0.4561957398137154,0.4396553648269308
ELM_lp,PAC,1.0,6.0,2700,50.0,0.0,2820.1655166600203,0.5927650843722989,-0.0373211289243685,0.4412280240151711,0.5826955359162337,0.4001325070548799,0.4173986679749915,0.4458880780245597,0.4211397510181437
ELM_lp,PAC,1.0,6.0,2700,50.0,1.0,2797.8855270814347,0.5880820968581457,-0.0423227852579765,0.4295133377414293,0.5892631027150488,0.3895089144158219,0.4141011175590102,0.444157069370762,0.4159223671151981
ELM_lp,PAC,1.0,6.0,2700,50.0,2.0,2778.300419429532,0.5839655413151683,-0.0238669636029957,0.4330863661926451,0.5949932666270402,0.3927491547318229,0.4112024232101294,0.4376737921051942,0.4138751233490489
ELM_lp,PAC,1.0,6.0,2700,50.0,3.0,2811.902185276188,0.5910282308805455,-0.038103880147397,0.4328560710231171,0.5851374302713328,0.3925403090136672,0.4161756534064237,0.4462931363484186,0.4183363662561699
ELM_lp,PAC,1.0,6.0,2700,50.0,4.0,2822.4350433399645,0.5932421117545482,-0.0367064641896243,0.4372234335752717,0.5820236145755782,0.3965008999827284,0.4177345693281377,0.4472620304640929,0.420499166591653
ELM_lp,PAC,1.0,6.0,5400,100.0,0.0,2726.2403914783586,0.5730231456725717,-0.0365942299868272,0.4188492741854636,0.6100291631242157,0.3798380905927766,0.403497277468437,0.433411511072782,0.4055822930446651
ELM_lp,PAC,1.0,6.0,5400,100.0,1.0,2755.649044923221,0.5792044931280803,-0.0386017516339399,0.4240427472427465,0.6015703535873311,0.3845478489980159,0.4078499059586121,0.4383606867101703,0.4102528138889327
ELM_lp,PAC,1.0,6.0,5400,100.0,2.0,2717.156076016082,0.571113731140109,-0.0321023345383599,0.4175009421862528,0.6126237368082417,0.3786153408266194,0.4021527531307628,0.4335506489786179,0.4047729143120001
ELM_lp,PAC,1.0,6.0,5400,100.0,3.0,2723.462392337828,0.5724392434564802,-0.0378008097506341,0.4191964965042211,0.6108235073793495,0.3801529729877014,0.4030861196360178,0.4325744785170335,0.4052711903802509
ELM_lp,PAC,1.0,6.0,5400,100.0,4.0,2714.7564324075806,0.5706093547346626,-0.0284582323764469,0.4221224521938182,0.6133076537254829,0.3828064082227438,0.4017975938183444,0.4297491790856269,0.404784393708905
ELM_lp,PAC,1.0,6.0,13500,250.0,0.0,2670.818112885137,0.5613740451313652,-0.0308315517829116,0.4003145075573933,0.6257235855427928,0.3630296327548586,0.3952945017362003,0.4287670787788653,0.3956970710899747
ELM_lp,PAC,1.0,6.0,13500,250.0,1.0,2661.768362193867,0.5594718957006424,-0.0314371645715109,0.3966954694493899,0.6282556709863444,0.3597476680734113,0.3939550931583252,0.4285829631337775,0.3940952414551713
ELM_lp,PAC,1.0,6.0,13500,250.0,2.0,2674.3236165147,0.56211086009576,-0.0301087149198321,0.4003058641949543,0.624740449810401,0.3630217944261626,0.395813333888752,0.4302481218648404,0.3963610833932516
ELM_lp,PAC,1.0,6.0,13500,250.0,3.0,2663.708361977592,0.5598796604678834,-0.0283002277390048,0.3986104426175332,0.6277135902091379,0.3614842826423119,0.3942422228749376,0.429296059996641,0.3950075218379634
ELM_lp,PAC,1.0,6.0,13500,250.0,4.0,2674.3626127978823,0.562119056648393,-0.0320848887902101,0.4002028605010488,0.6247295058586008,0.3629283843886422,0.3958191055346218,0.4302745599791635,0.3963406833008092
ELM_lp,PAC,1.0,6.0,27000,500.0,0.0,2641.219459950522,0.5551527620540258,-0.0263868801441167,0.3913074638420881,0.6339732620523819,0.3548614956765255,0.3909137523667824,0.426066289625408,0.390613845889572
ELM_lp,PAC,1.0,6.0,27000,500.0,1.0,2621.510650264732,0.5510102058220386,-0.0204722084471101,0.3892492421335204,0.6394154724659111,0.352994974586524,0.3879967494952757,0.422004571572187,0.3876654318846622
ELM_lp,PAC,1.0,6.0,27000,500.0,2.0,2650.104161625429,0.5570202201542106,-0.0295619691817071,0.3906639169292799,0.6315065922980128,0.3542778880505046,0.392228732860854,0.4281184043347318,0.3915416750820302
ELM_lp,PAC,1.0,6.0,27000,500.0,3.0,2620.934861369382,0.5508891818781898,-0.0261339921165367,0.3862235873626585,0.6395738527233905,0.3502511261384348,0.3879115298453885,0.4229443964015125,0.3870356841284452
ELM_lp,PAC,1.0,6.0,27000,500.0,4.0,2644.300381500035,0.5558003349398911,-0.0303067496055319,0.3911484736600394,0.6331188405250775,0.3547173136738473,0.3913697442379352,0.4264881026548243,0.3908583868555356
ELM_lp,PAC,1.0,6.0,54000,1000.0,0.0,2617.073189798285,0.550077504669481,-0.02178336287108,0.3825226216042708,0.6406351702376958,0.3468948644623246,0.3873399830477234,0.4231477310966504,0.3857941928688995
ELM_lp,PAC,1.0,6.0,54000,1000.0,1.0,2621.4946343663005,0.5510068394716139,-0.025681866953549,0.3839055068860101,0.6394198783740292,0.3481489492543926,0.387994379061827,0.4233179082546144,0.3864870788569446
ELM_lp,PAC,1.0,6.0,54000,1000.0,2.0,2624.200502399821,0.5515755805911385,-0.0214836672335653,0.3844798909052773,0.6386751232604977,0.3486698357464839,0.3883948611279453,0.4239924745279111,0.3870190571341134
ELM_lp,PAC,1.0,6.0,54000,1000.0,3.0,2607.7726225325614,0.5481226365926222,-0.018000452420963,0.3818802439669355,0.6431848565437479,0.3463123172066812,0.38596345235646,0.4216084462650982,0.3846280719427464
ELM_lp,PAC,1.0,6.0,54000,1000.0,4.0,2624.942855247334,0.5517316142869236,-0.0216875167343464,0.3838819446384843,0.6384706659483523,0.3481275815699727,0.388504733079747,0.4245817704610808,0.3870713617036002
ELM_m_estimator,PAC,1.0,6.0,270,5.0,0.0,3617.448047035846,0.7603443429636518,-0.2791699440134656,0.5706198662564436,0.3133926632214292,0.5174729283574709,0.535400488865534,0.5557990020893986,0.5362241397708012
ELM_m_estimator,PAC,1.0,6.0,270,5.0,1.0,3992.249145260091,0.8391230541064093,-0.268080452546325,0.6605456452588327,0.1637442676878751,0.5990231142990871,0.5908729348018423,0.5972724954357405,0.59572284817889
ELM_m_estimator,PAC,1.0,6.0,270,5.0,2.0,3347.430091684929,0.7035897960620285,-0.1347764123162679,0.5594630986284957,0.4120683144117725,0.5073552904047056,0.4954364746163696,0.5019090277943378,0.501566930938471
ELM_m_estimator,PAC,1.0,6.0,270,5.0,3.0,3707.523130401096,0.7792770488901036,-0.2288989094389672,0.6184043458434634,0.2787736704960657,0.5608068114627959,0.548732053836557,0.5572016922202443,0.5555801858398657
ELM_m_estimator,PAC,1.0,6.0,270,5.0,4.0,3300.420503564528,0.6937089425079086,-0.1720050091053786,0.5221508489610676,0.4284655837806508,0.4735182646704284,0.4884788193484097,0.509740574721832,0.4905792195802234
ELM_m_estimator,PAC,1.0,6.0,540,10.0,0.0,3113.7654817733337,0.654476287868685,-0.0843116622977234,0.5063226330773646,0.4912837221572567,0.4591642722695872,0.4608529381700747,0.4729271081199368,0.4643147728531996
ELM_m_estimator,PAC,1.0,6.0,540,10.0,1.0,3177.8417491532696,0.6679443534185087,-0.1202244584596155,0.5230980531393736,0.4701311764362046,0.4743772472416384,0.4703365477295837,0.4784468145628691,0.4743868698446971
ELM_m_estimator,PAC,1.0,6.0,540,10.0,2.0,3176.929431989601,0.667752595254918,-0.128346164159875,0.5124749128081542,0.4704353697033575,0.4647435350969617,0.4702015202049096,0.4930396924540042,0.4759949159186252
ELM_m_estimator,PAC,1.0,6.0,540,10.0,3.0,3201.9509040240523,0.6730118096145016,-0.1205569312545079,0.5195888863296234,0.4620608261461573,0.4711949205605687,0.4739048238004809,0.494487703252857,0.4798624825379689
ELM_m_estimator,PAC,1.0,6.0,540,10.0,4.0,3205.055807325354,0.6736644231779579,-0.1373587960118678,0.525249351018895,0.4610170506606854,0.4763281754853194,0.4743643650914083,0.4899622063676613,0.480218248981463
ELM_m_estimator,PAC,1.0,6.0,1350,25.0,0.0,2921.7918472642323,0.6141257244053693,-0.0607995802907402,0.4589098130512969,0.5520780136126731,0.4161674327421868,0.4324398755831256,0.4579370246728864,0.4355147776660663
ELM_m_estimator,PAC,1.0,6.0,1350,25.0,1.0,2891.499777600207,0.6077586934193748,-0.0567325916863774,0.4463392658925101,0.5613176502332742,0.4047676932063227,0.4279564970532923,0.4552999086778065,0.4293413663124738
ELM_m_estimator,PAC,1.0,6.0,1350,25.0,2.0,2990.1710701992934,0.6284982197830228,-0.0813884709634941,0.4755512018299326,0.5308670842804424,0.431258859964501,0.4425603441874157,0.4657794974005877,0.4465329005175015
ELM_m_estimator,PAC,1.0,6.0,1350,25.0,3.0,2944.581370530982,0.6189158098107175,-0.0629833868116446,0.465407094553856,0.5450633190718892,0.4220595642369236,0.435812839545394,0.4617700014049142,0.4398808017290772
ELM_m_estimator,PAC,1.0,6.0,1350,25.0,4.0,2984.953952567574,0.6274016440129563,-0.0632961833869279,0.4680111836070086,0.5325027006952445,0.4244211111576068,0.4417881845615767,0.4645459408464949,0.4435850788552262
ELM_m_estimator,PAC,1.0,6.0,2700,50.0,0.0,2868.0611717684646,0.6028321786168407,-0.0429777314978587,0.4330488815235276,0.5684007765786647,0.3927151613456059,0.4244874656097241,0.4606880766502929,0.4259635678685409
ELM_m_estimator,PAC,1.0,6.0,2700,50.0,1.0,2860.051705563459,0.601148684551425,-0.0467496722658024,0.4229726380082951,0.5708080142735379,0.3835774086191226,0.4233020243633113,0.4611797364242777,0.4226863898022373
ELM_m_estimator,PAC,1.0,6.0,2700,50.0,2.0,2837.2531296604275,0.5963566963901294,-0.0340576285461124,0.427047111176548,0.5776232520360122,0.3872723896153542,0.4199277205653831,0.454256944889337,0.4204856850233581
ELM_m_estimator,PAC,1.0,6.0,2700,50.0,3.0,2863.7878220438056,0.6019339715807197,-0.0419931849366346,0.4273481400742893,0.5696859656126481,0.3875453809962123,0.4238549883766231,0.4610437398561596,0.424148036409665
ELM_m_estimator,PAC,1.0,6.0,2700,50.0,4.0,2867.796966318298,0.6027766457890565,-0.0442171999981577,0.4308256992100247,0.5684802906531783,0.3906990439089868,0.4244483618754505,0.4607125390206251,0.4252866482683541
ELM_m_estimator,PAC,1.0,6.0,5400,100.0,0.0,2784.665054372569,0.585303311508698,-0.0408912812348332,0.4109092416226122,0.5931355319067455,0.3726375843634582,0.4121444211643902,0.4508621929207786,0.4118813994828756
ELM_m_estimator,PAC,1.0,6.0,5400,100.0,1.0,2781.430482039897,0.5846234430646802,-0.0375340507043241,0.4170767758358161,0.5940801828407765,0.3782306808866998,0.4116656882052251,0.4476473577764053,0.4125145756227767
ELM_m_estimator,PAC,1.0,6.0,5400,100.0,2.0,2788.597684065902,0.5861299032665939,-0.040291910940374,0.4085949648437078,0.5919855357049575,0.370538856904728,0.4127264701207153,0.4539141490121532,0.4123931586791988
ELM_m_estimator,PAC,1.0,6.0,5400,100.0,3.0,2792.26663332984,0.5869010725497966,-0.043568181489625,0.4097151552552843,0.5909111826953142,0.3715547139522566,0.4132694930484791,0.4528746427810534,0.4125662832605963
ELM_m_estimator,PAC,1.0,6.0,5400,100.0,4.0,2773.029051198981,0.5828575627176424,-0.0383704975122627,0.4148210332231166,0.5965286760191202,0.3761850357831173,0.4104222342230506,0.4469001868500244,0.4111691522853974
ELM_m_estimator,PAC,1.0,6.0,13500,250.0,0.0,2729.085626283942,0.5736211800218421,-0.0399580426680339,0.392685561065326,0.6092147539503876,0.3561112383648562,0.4039183865171474,0.4458522821610572,0.4019606356810203
ELM_m_estimator,PAC,1.0,6.0,13500,250.0,1.0,2717.4845468480785,0.57118277178304,-0.039337703033953,0.3894414263379,0.6125300730724144,0.3531692589549896,0.4022013684644849,0.4440068341464582,0.3997924871886442
ELM_m_estimator,PAC,1.0,6.0,13500,250.0,2.0,2734.294194374006,0.5747159587804387,-0.0343289973016928,0.3932372784505754,0.6077216722427802,0.3566115693695296,0.4046892807678595,0.4469415413775998,0.4027474638383297
ELM_m_estimator,PAC,1.0,6.0,13500,250.0,3.0,2721.2868179648576,0.5719819637262183,-0.0376019462559328,0.3903147739939469,0.6114450281538238,0.3539612639232245,0.40276412369642,0.4458264012713858,0.4008505962970101
ELM_m_estimator,PAC,1.0,6.0,13500,250.0,4.0,2723.2251095493298,0.5723893694503932,-0.0373982902141295,0.3922655358657266,0.6108913187512662,0.3557303338733133,0.4030510005909591,0.4449709715780194,0.401250768680764
ELM_m_estimator,PAC,1.0,6.0,27000,500.0,0.0,2698.1530497108565,0.5671195221390406,-0.0348927457707976,0.383571103928974,0.6180231909489164,0.347845692239238,0.3993402097461856,0.4417935028955738,0.3963264682936658
ELM_m_estimator,PAC,1.0,6.0,27000,500.0,1.0,2674.4053981814477,0.5621280496246381,-0.0315500979674673,0.382367215187966,0.6247174983466866,0.3467539324371948,0.3958254379863887,0.4368035183116663,0.3931276295784165
ELM_m_estimator,PAC,1.0,6.0,27000,500.0,2.0,2696.971398420929,0.5668711531612503,-0.0315660491158646,0.384392205473381,0.6183576898034515,0.3485903172440606,0.3991653194174042,0.4412464910261209,0.3963340425625286
ELM_m_estimator,PAC,1.0,6.0,27000,500.0,3.0,2670.753967230144,0.5613605624813686,-0.0336345541582062,0.379728068715341,0.6257415634929442,0.344360593308445,0.3952850078569254,0.4367788303236902,0.3921414771630202
ELM_m_estimator,PAC,1.0,6.0,27000,500.0,4.0,2694.827776195206,0.5664205893904408,-0.0361187688500294,0.3839742599559194,0.6189641269474639,0.3482112987352351,0.3988480525561605,0.4406443645263151,0.3959012386059036
ELM_m_estimator,PAC,1.0,6.0,54000,1000.0,0.0,2670.6476149444,0.5613382085020507,-0.0263346154620985,0.3774591680950994,0.6257713696436911,0.3423030157203894,0.3952692671842083,0.4373421364709594,0.3916381397918524
ELM_m_estimator,PAC,1.0,6.0,54000,1000.0,1.0,2665.462156051624,0.560248287020518,-0.0296883830099556,0.3776471139683643,0.62722319970777,0.3424734565114701,0.39450179321082,0.4358777700970878,0.3909510066064592
ELM_m_estimator,PAC,1.0,6.0,54000,1000.0,2.0,2678.556693413284,0.5630006022651897,-0.0268077523473407,0.3794704922064718,0.6235515437926418,0.3441270072063783,0.3964398505412205,0.4387164284588715,0.3930944287354901
ELM_m_estimator,PAC,1.0,6.0,54000,1000.0,3.0,2650.2393894810903,0.557048643433198,-0.0240881136852751,0.3756241943491629,0.6314689848368178,0.3406389495111311,0.3922487472630204,0.4336246214955089,0.3888374394232201
ELM_m_estimator,PAC,1.0,6.0,54000,1000.0,4.0,2663.1934850369703,0.5597714394888856,-0.02747973331107,0.3764342975335723,0.6278574972261766,0.3413736005317103,0.3941660185004366,0.4357153415093622,0.3904183201805031
ELM_mae,PAC,1.0,6.0,270,5.0,0.0,3573.6706744609387,0.7511428624850539,-0.2539929832299008,0.5687446125466848,0.3299103788877618,0.5157723338181179,0.5289212177403939,0.5473907304295059,0.5306947606626725
ELM_mae,PAC,1.0,6.0,270,5.0,1.0,3935.256130912863,0.8271438036834848,-0.2252312837356597,0.6562169331057415,0.1874504708320936,0.59509757387132,0.5824376822849666,0.5860667031797226,0.5878673197786698
ELM_mae,PAC,1.0,6.0,270,5.0,2.0,3331.7600016594843,0.7002961304309931,-0.1199716768232921,0.5592604838183555,0.4175599173663692,0.5071715469261975,0.4931172225494146,0.4984661965880089,0.4995849886878736
ELM_mae,PAC,1.0,6.0,270,5.0,3.0,3697.176158882723,0.7771022391461885,-0.2188979266066616,0.6186460007500683,0.2827936562533687,0.561025958883991,0.5472006500576545,0.5547691048119596,0.5543319045845351
ELM_mae,PAC,1.0,6.0,270,5.0,4.0,3281.692945086113,0.6897726335515847,-0.1555399660950746,0.5213580248307731,0.4349332911182119,0.472799283350925,0.4857070465864436,0.5061828065391418,0.4882297121588368
ELM_mae,PAC,1.0,6.0,540,10.0,0.0,3105.0817762818974,0.6526510767639155,-0.0723462342244825,0.5073368236954604,0.4941171934090351,0.460084002233603,0.4595677061211752,0.4706963329045974,0.4634493470864585
ELM_mae,PAC,1.0,6.0,540,10.0,1.0,3157.9072682642864,0.6637543637968816,-0.1053106144600628,0.5215223313041552,0.4767580201781973,0.4729482864911186,0.4673861443859924,0.4748880625619642,0.4717408311463584
ELM_mae,PAC,1.0,6.0,540,10.0,2.0,3171.354344077315,0.6665807784104149,-0.1219856730845326,0.5132709478581977,0.4722923696303812,0.4654654282745051,0.4693763791787234,0.4912436553244382,0.4753618209258889
ELM_mae,PAC,1.0,6.0,540,10.0,3.0,3190.698532860832,0.6706466956867722,-0.1127211251921975,0.5195240486911853,0.4658350597123515,0.4711361218320029,0.4722394163244507,0.4920015340221523,0.4784590240595353
ELM_mae,PAC,1.0,6.0,540,10.0,4.0,3188.8991774278347,0.6702684926810424,-0.124565783459642,0.5247872304347573,0.4664373614104915,0.4759090963293536,0.4719731026784927,0.4866698304068158,0.4781840098048873
ELM_mae,PAC,1.0,6.0,1350,25.0,0.0,2909.0063259927338,0.6114383606494224,-0.0569281076674921,0.4606467591557379,0.5559895761922916,0.4177426015020145,0.4305475541868943,0.4539922926072935,0.4340941494320674
ELM_mae,PAC,1.0,6.0,1350,25.0,1.0,2873.642946051559,0.604005400856571,-0.0529763977768595,0.4481484452609326,0.5667191989783689,0.4064083674994269,0.4253135962523894,0.4502805408277186,0.4273341681931783
ELM_mae,PAC,1.0,6.0,1350,25.0,2.0,2958.3383526679686,0.6218073630294793,-0.0586674334469165,0.4685374778110929,0.5408024922299646,0.424898386869635,0.4378489420313696,0.4598796689385993,0.4408756659465346
ELM_mae,PAC,1.0,6.0,1350,25.0,3.0,2928.988645308338,0.61563840533655,-0.0593387539687579,0.4666605909168678,0.5498687021031732,0.4231963112589098,0.4335050378580166,0.4573263525528847,0.438009233889937
ELM_mae,PAC,1.0,6.0,1350,25.0,4.0,2964.788157459236,0.6231630349071385,-0.0545639942268327,0.4683717149622372,0.538798013677062,0.424748062999257,0.4388035455511524,0.4601607622874377,0.441237456945949
ELM_mae,PAC,1.0,6.0,2700,50.0,0.0,2839.8440508274703,0.5969012770521904,-0.0413461418262983,0.4365515478546447,0.5768514883100888,0.3958915929958276,0.4203111899176474,0.452738396076887,0.4229803929967873
ELM_mae,PAC,1.0,6.0,2700,50.0,1.0,2822.770407402445,0.5933126012721378,-0.0465740584381558,0.4254010231627196,0.5819242800759032,0.3857796165185495,0.4177842048946104,0.4517301956141253,0.418431339009095
ELM_mae,PAC,1.0,6.0,2700,50.0,2.0,2801.591946537538,0.5888611419278897,-0.0294125044931804,0.4293864583266522,0.5881741578197455,0.3893938524171156,0.4146496862635047,0.445010358359704,0.4163512990134415
ELM_mae,PAC,1.0,6.0,2700,50.0,3.0,2833.2994016941657,0.5955256700274351,-0.0414690205065663,0.4294312676022035,0.5787996005204641,0.3894344882035793,0.4193425489586443,0.4530539094628659,0.4206103155416965
ELM_mae,PAC,1.0,6.0,2700,50.0,4.0,2840.8297298264947,0.5971084549967363,-0.0414843774633795,0.4333609897061581,0.5765576968360258,0.3929982000983393,0.4204570753626021,0.4534507718286649,0.4223020157632021
ELM_mae,PAC,1.0,6.0,5400,100.0,0.0,2748.1934342913323,0.5776374128843319,-0.0394850301829773,0.4140504476951736,0.6037233983020612,0.3754862217857874,0.4067464381201796,0.4411941633743074,0.4078089410934248
ELM_mae,PAC,1.0,6.0,5400,100.0,1.0,2743.367545123564,0.5766230686613406,-0.0364299889325022,0.4197745292161446,0.6051139174981157,0.3806771683370289,0.4060321822729529,0.4376177277754702,0.408109026128484
ELM_mae,PAC,1.0,6.0,5400,100.0,2.0,2744.8587353300777,0.5769364990197211,-0.0366060959726361,0.412305621443286,0.604684510728863,0.3739039068272096,0.4062528859168416,0.4425566334714004,0.4075711420718171
ELM_mae,PAC,1.0,6.0,5400,100.0,3.0,2748.371818194792,0.577674907048756,-0.0417761437720242,0.4136613253511182,0.6036719523882585,0.3751333418901246,0.406772839834282,0.4412530556966997,0.4077197458070354
ELM_mae,PAC,1.0,6.0,5400,100.0,4.0,2736.730883371541,0.5752281216838855,-0.0332306076554749,0.417769319939105,0.6070221965253507,0.3788587221560946,0.4050499229840104,0.4373216957837416,0.4070767803079489
ELM_mae,PAC,1.0,6.0,13500,250.0,0.0,2686.6439050801955,0.5647004374974673,-0.0361372985320126,0.3978127938212709,0.6212749339505936,0.360760926021186,0.3976367985066713,0.4336446379943522,0.3973474541740698
ELM_mae,PAC,1.0,6.0,13500,250.0,1.0,2673.976031143517,0.5620378018051532,-0.0356091951422866,0.394921631065828,0.6248379894296529,0.3581390431427782,0.3957618895071786,0.4318902019930808,0.3952637115476792
ELM_mae,PAC,1.0,6.0,13500,250.0,2.0,2687.6318579060203,0.5649080933732294,-0.0326815934787015,0.3984339537632207,0.6209963475004687,0.3613242317754141,0.3977830204894185,0.4340351387464168,0.3977141303370832
ELM_mae,PAC,1.0,6.0,13500,250.0,3.0,2677.079976717786,0.5626902140658341,-0.0328190709844629,0.3961482454612615,0.623966509421507,0.3592514119555477,0.3962212890496924,0.4333350126196765,0.3962692378749722
ELM_mae,PAC,1.0,6.0,13500,250.0,4.0,2683.25662043588,0.5639884707507926,-0.0350412363112153,0.398332086296436,0.6222293149152065,0.361231852138008,0.397135463357994,0.4330471750509804,0.3971381635156608
ELM_mae,PAC,1.0,6.0,27000,500.0,0.0,2655.222818231144,0.5580961005934386,-0.0310459612942285,0.3875820575914795,0.6300817329849089,0.3514830698700933,0.3929863197600717,0.4308718907741563,0.3917804268014405
ELM_mae,PAC,1.0,6.0,27000,500.0,1.0,2635.6807077087424,0.5539885825331712,-0.0267281260553783,0.3869760370847581,0.6355068004386687,0.350933493479921,0.3900939892024203,0.4262442438814928,0.389090575521278
ELM_mae,PAC,1.0,6.0,27000,500.0,2.0,2651.5308673206364,0.5573200966390475,-0.0297834222999448,0.3889132646597129,0.6311097224941471,0.3526902897034443,0.3924398924730307,0.4290811832463028,0.3914037884742593
ELM_mae,PAC,1.0,6.0,27000,500.0,3.0,2630.4333167338245,0.552885643668198,-0.0293228242574483,0.3842069239549466,0.6369566986598116,0.3484222926525865,0.3893173489696623,0.4258902886961729,0.3878766434394738
ELM_mae,PAC,1.0,6.0,27000,500.0,4.0,2654.7072472786,0.5579877337414295,-0.0331270729961918,0.3890486031550665,0.6302253748636895,0.3528130229128041,0.3929100126683186,0.4296489228042625,0.3917906527951284
ELM_mae,PAC,1.0,6.0,54000,1000.0,0.0,2622.5974695293485,0.5512386422415616,-0.0240617964674847,0.3802745605889587,0.6391164300451344,0.3448561855001781,0.3881576042077742,0.4252156346166881,0.3860764747748801
ELM_mae,PAC,1.0,6.0,54000,1000.0,1.0,2627.67688641684,0.5523062749610205,-0.0262229880306838,0.3815673783753692,0.637717165946583,0.3460285915892886,0.3889093834315127,0.4257646424761215,0.3869008724989743
ELM_mae,PAC,1.0,6.0,54000,1000.0,2.0,2630.7773495914043,0.5529579552629059,-0.0239552401757838,0.3826141611260568,0.6368617280013172,0.3469778780887337,0.3893682675613709,0.4261723972685086,0.3875061809728711
ELM_mae,PAC,1.0,6.0,54000,1000.0,3.0,2614.857348601246,0.5496117613340779,-0.0209779315706921,0.3797393231899946,0.6412434514972927,0.3443707995530932,0.38701202741582,0.4239657601443102,0.3851161957044078
ELM_mae,PAC,1.0,6.0,54000,1000.0,4.0,2625.8967018310987,0.5519321014382498,-0.0234620792374584,0.3809379071815409,0.6382078745707747,0.3454577486844947,0.3886459071672833,0.4254861239065483,0.3865299265861088
ELM_ols,PAC,1.0,6.0,270,5.0,0.0,3414.228601356528,0.7176300444047298,-0.1764378789861037,0.5543017296755173,0.3883696509939128,0.5026746459610529,0.5053229897144836,0.5183490487920435,0.50878222815586
ELM_ols,PAC,1.0,6.0,270,5.0,1.0,3875.317773286465,0.8145454773066605,-0.165985196688434,0.6523658339558716,0.2120140483618947,0.5916051620708823,0.5735665041622383,0.5743334871277186,0.5798350511202798
ELM_ols,PAC,1.0,6.0,270,5.0,2.0,3253.4716196332506,0.6838408482487929,-0.0650307016029109,0.5516497130818955,0.4446102249155707,0.5002696354209234,0.4815301486054825,0.4843600324005929,0.4887199388089996
ELM_ols,PAC,1.0,6.0,270,5.0,3.0,3570.1448499898047,0.7504017763226399,-0.1468665273094868,0.607256853501488,0.3312319628309328,0.5506975849055626,0.5283993780011761,0.5311057371154161,0.5367342333407182
ELM_ols,PAC,1.0,6.0,270,5.0,4.0,3232.507483164243,0.6794344373309114,-0.1070500132642627,0.5189576823640205,0.4517446068915244,0.4706225062725521,0.4784273510619635,0.4970582960443077,0.4820360511262744
ELM_ols,PAC,1.0,6.0,540,10.0,0.0,3083.602206366309,0.648136327896135,-0.0433338095435042,0.5075570849805269,0.5010919285833793,0.4602837486128079,0.4563886218374766,0.4663913837475881,0.4610212513992909
ELM_ols,PAC,1.0,6.0,540,10.0,1.0,3109.874195437275,0.6536583859903432,-0.0650186623610126,0.5177803185195634,0.4925544175770943,0.4695548008659204,0.4602770082383791,0.466299024966374,0.4653769446902245
ELM_ols,PAC,1.0,6.0,540,10.0,2.0,3146.8606950048656,0.6614325061287897,-0.0908661933626521,0.5133853532386167,0.4804122892259308,0.4655691780573748,0.4657511960338719,0.4860690883711934,0.4724631541541468
ELM_ols,PAC,1.0,6.0,540,10.0,3.0,3111.770176263236,0.6540568984987863,-0.0500430495884588,0.5178622831703846,0.491935485546134,0.4696291314148382,0.4605576229280444,0.4756003331561667,0.4685956958330164
ELM_ols,PAC,1.0,6.0,540,10.0,4.0,3121.760282068153,0.6561566993350697,-0.0687232400779463,0.5216195963182674,0.4886680426349503,0.4730364923434833,0.4620362087880829,0.4732866428990195,0.4694531146768619
ELM_ols,PAC,1.0,6.0,1350,25.0,0.0,2889.022924000487,0.6072380883966049,-0.045352582057452,0.4644327238775333,0.5620688773966471,0.4211759454269263,0.4275899102741884,0.4473553202511975,0.4320403919841041
ELM_ols,PAC,1.0,6.0,1350,25.0,1.0,2847.0834464659742,0.5984229114885778,-0.040093153217228,0.4523418688628289,0.574691338666136,0.410211220010246,0.421382656850565,0.4420278232009199,0.4245405666872436
ELM_ols,PAC,1.0,6.0,1350,25.0,2.0,2937.4109741003927,0.6174086781831403,-0.0411926576044027,0.4721193863579148,0.5472762683345237,0.4281466801984193,0.4347515848419732,0.4537959648458937,0.438898076628762
ELM_ols,PAC,1.0,6.0,1350,25.0,3.0,2900.691919714023,0.6096907718252236,-0.0436799307010992,0.4690541659854604,0.558524054932801,0.4253669512475137,0.42931698027723,0.4494945925633382,0.4347261746960273
ELM_ols,PAC,1.0,6.0,1350,25.0,4.0,2935.9394188490955,0.617099374857665,-0.0399352093975474,0.4705867460531059,0.547729756876257,0.4267567884095981,0.4345337872701235,0.4528978425506798,0.4380628060768004
ELM_ols,PAC,1.0,6.0,2700,50.0,0.0,2806.227988017739,0.5898355824360552,-0.0311971303151291,0.4450765086007593,0.5868100609642427,0.4036225478088203,0.4153358436989747,0.4407628141753786,0.4199070685610579
ELM_ols,PAC,1.0,6.0,2700,50.0,1.0,2777.5197038909146,0.5838014442402323,-0.0353228365229713,0.433111659118551,0.5952208522557412,0.3927720919010475,0.4110868733872692,0.4379816082190593,0.413946857835792
ELM_ols,PAC,1.0,6.0,2700,50.0,2.0,2761.0792454467824,0.5803458563751991,-0.0176518417989532,0.4358967401127771,0.5999985390667546,0.3952977733625956,0.4086536029231987,0.4322316862873923,0.4120610208577289
ELM_ols,PAC,1.0,6.0,2700,50.0,3.0,2795.669260763888,0.5876162641674928,-0.0321570785715981,0.4358181774953983,0.5899135523541195,0.3952265279852813,0.4137730990071355,0.441161382805994,0.4167203365994703
ELM_ols,PAC,1.0,6.0,2700,50.0,4.0,2808.143391867708,0.5902381774319966,-0.0301070201071386,0.4403409614687817,0.5862458190715854,0.3993280645868533,0.4156193330937951,0.4425178284018679,0.4191550753608388
ELM_ols,PAC,1.0,6.0,5400,100.0,0.0,2711.6964892658048,0.5699661912593651,-0.0313891992365692,0.4230029599331801,0.6141788845466535,0.383604906391618,0.4013447068569545,0.4278259429058452,0.4042585187181393
ELM_ols,PAC,1.0,6.0,5400,100.0,1.0,2738.0337495295967,0.5755019685781698,-0.0328602147628057,0.4275147572386389,0.6066479402500444,0.3876964796120321,0.405242753722387,0.4322191082726116,0.4083861138690103
ELM_ols,PAC,1.0,6.0,5400,100.0,2.0,2698.7513208233468,0.5672452715762201,-0.025570051291814,0.4220817302413047,0.617853778004436,0.3827694790703225,0.3994287568771842,0.4269865364045788,0.4030615907840285
ELM_ols,PAC,1.0,6.0,5400,100.0,3.0,2705.423625044503,0.5686477101746805,-0.0317851933217517,0.4234004987231287,0.6159618305350839,0.3839654188342008,0.4004162914306641,0.4262155992507092,0.4035324365051914
ELM_ols,PAC,1.0,6.0,5400,100.0,4.0,2700.361158977048,0.5675836403149933,-0.0222018858624731,0.4257439765695422,0.6173977322406379,0.3860906276035349,0.39966702101347,0.4244377885709227,0.4033984790626426
ELM_ols,PAC,1.0,6.0,13500,250.0,0.0,2649.738309396541,0.5569433223884436,-0.0258314082499896,0.4055930508442016,0.6316083277926464,0.3678165380373656,0.3921745848925481,0.4212614642910216,0.3937508624069784
ELM_ols,PAC,1.0,6.0,13500,250.0,1.0,2654.898650765403,0.5580279644666596,-0.0273344144077584,0.4088873374239958,0.6301720516928402,0.3708039982084922,0.39293834134618,0.4209944260394916,0.3949122551980547
ELM_ols,PAC,1.0,6.0,13500,250.0,2.0,2646.0163412492884,0.5561610091696613,-0.0226315535287162,0.4055158928607154,0.6326425273390941,0.3677465664678113,0.3916237149036304,0.4208808176055896,0.3934170329923438
ELM_ols,PAC,1.0,6.0,13500,250.0,3.0,2645.671894093135,0.5560886104943449,-0.0214410457349088,0.4062176412720659,0.632738163181449,0.3683829547656358,0.3915727349936511,0.4211574635455015,0.3937043844349295
ELM_ols,PAC,1.0,6.0,13500,250.0,4.0,2651.551647392382,0.5573244643617605,-0.0244214192332473,0.4073552812208493,0.6311039404785086,0.3694146361187151,0.3924429680280702,0.4213452156814803,0.3944009399427552
ELM_ols,PAC,1.0,6.0,27000,500.0,0.0,2624.815654241274,0.5517048781557838,-0.0176164666581477,0.3994035865763222,0.6385057034964574,0.3622035540018183,0.388485906691657,0.4182912351079263,0.3896602319338005
ELM_ols,PAC,1.0,6.0,27000,500.0,1.0,2615.88309755316,0.5498273615037962,-0.0189957572813085,0.3977993289967703,0.6409619322536704,0.3607487152963651,0.3871638434151563,0.4163700251907488,0.38809419463409
ELM_ols,PAC,1.0,6.0,27000,500.0,2.0,2633.5459499153653,0.5535398819600913,-0.0229529863912924,0.3993513270492965,0.6360970005982802,0.3621561618725151,0.3897780343217081,0.4199139319964118,0.3906160427302116
ELM_ols,PAC,1.0,6.0,27000,500.0,3.0,2608.6476455584984,0.5483065559742092,-0.0195252894656038,0.3950183467653688,0.6429453618532346,0.3582267508431564,0.3860929601613446,0.4157934665665942,0.3867043925236984
ELM_ols,PAC,1.0,6.0,27000,500.0,4.0,2632.980787955953,0.5534210916711609,-0.0240462110017116,0.3997644858570485,0.6362531718352441,0.3625308395007701,0.3896943875117406,0.4198117569850765,0.3906789946658624
ELM_ols,PAC,1.0,6.0,54000,1000.0,0.0,2635.281031855697,0.5539045754458736,-0.0150852049575879,0.3949715567270814,0.6356173358951163,0.3581843187801276,0.3900348351677732,0.4218468889624039,0.3900220143034349
ELM_ols,PAC,1.0,6.0,54000,1000.0,1.0,2623.677999162087,0.5514657566556388,-0.0143213162685716,0.3957429774100277,0.6388189953636518,0.3588838901469968,0.388317528023149,0.4187547600877976,0.3886520594193145
ELM_ols,PAC,1.0,6.0,54000,1000.0,2.0,2636.9846998639755,0.5542626660986043,-0.0184011104050495,0.3983167422101905,0.635146048207256,0.3612179371839169,0.3902869865940374,0.4207113930664899,0.3907387722814814
ELM_ols,PAC,1.0,6.0,54000,1000.0,3.0,2618.1164923638376,0.5502967943989817,-0.0139642716482748,0.3947169698715675,0.6403485898065859,0.3579534438782277,0.3874943970700862,0.4181869245972905,0.3878782551818681
ELM_ols,PAC,1.0,6.0,54000,1000.0,4.0,2624.1252087529297,0.551559754766488,-0.0135337486570199,0.3947125516487259,0.6386958572534738,0.3579494371640433,0.38838371728985,0.4187878785465064,0.3883736776667999
ELM_ridge,PAC,1.0,6.0,270,5.0,0.0,3421.489598781001,0.7191562192783387,-0.1798284352156122,0.5550576722599234,0.3857653914278687,0.5033601808433014,0.5063976538202749,0.5196586765213105,0.5098055037282956
ELM_ridge,PAC,1.0,6.0,270,5.0,1.0,3875.364735145218,0.8145553481280721,-0.1660529453183952,0.6523707652437111,0.211994950310409,0.5916096340637269,0.5735734547533201,0.5743434205988762,0.5798421698053077
ELM_ridge,PAC,1.0,6.0,270,5.0,2.0,3256.5498633085163,0.684487858277498,-0.0670761581296572,0.552192089987688,0.443558773398042,0.5007614959086333,0.4819857441377901,0.4848223241165542,0.4891898547209925
ELM_ridge,PAC,1.0,6.0,270,5.0,3.0,3576.513843896991,0.7517404627183346,-0.1498414563664317,0.6080879792366298,0.3288437242504035,0.5514513004584731,0.5293420211040352,0.5321801467841648,0.5376578227822244
ELM_ridge,PAC,1.0,6.0,270,5.0,4.0,3232.7038371437834,0.6794757085905455,-0.1071877030162893,0.5189990440474298,0.4516779989109467,0.4706600155720022,0.4784564124376266,0.4970776218850335,0.4820646832982208
ELM_ridge,PAC,1.0,6.0,540,10.0,0.0,3083.769897604793,0.6481715745901824,-0.0434185567012402,0.5076239887521359,0.5010376642641595,0.4603444210370608,0.4564134409834314,0.4663949831919542,0.4610509484041488
ELM_ridge,PAC,1.0,6.0,540,10.0,1.0,3110.04464058128,0.6536942115224158,-0.0651172197834374,0.5178273033412262,0.4924987921722449,0.4695974095704047,0.4603022349761894,0.4663119499963736,0.4654038648476559
ELM_ridge,PAC,1.0,6.0,540,10.0,2.0,3148.216771859755,0.6617175372755629,-0.0917838278751073,0.5138226656870268,0.4799643808157299,0.4659657596814437,0.4659519022227671,0.4861850242833003,0.4727008953958371
ELM_ridge,PAC,1.0,6.0,540,10.0,3.0,3112.0142226628386,0.6541081941350874,-0.0501521808581872,0.517932280553538,0.4918557906004147,0.4696926093148899,0.4605937430215341,0.4756213431042641,0.4686358984802294
ELM_ridge,PAC,1.0,6.0,540,10.0,4.0,3122.116191045702,0.6562315071482493,-0.0688638958159121,0.5217110908937158,0.4885514430297213,0.4731194652098098,0.4620888851052252,0.4733201415592301,0.4695094972914217
ELM_ridge,PAC,1.0,6.0,1350,25.0,0.0,2889.233350895346,0.6072823176148364,-0.0454040125535644,0.464479744870022,0.5620050801580946,0.4212185869333236,0.4276210545120359,0.4473794507896816,0.4320730307450137
ELM_ridge,PAC,1.0,6.0,1350,25.0,1.0,2847.238868393992,0.5984555793202107,-0.04012462522091,0.4523784361537509,0.5746449023058058,0.4102443814619138,0.4214056600769166,0.4420463481155128,0.4245654632181144
ELM_ridge,PAC,1.0,6.0,1350,25.0,2.0,2937.557072259891,0.6174393862700699,-0.0412453898723074,0.4721652659458268,0.5472312329279039,0.4281882866094691,0.4347732081037314,0.4538074597312069,0.4389229848148024
ELM_ridge,PAC,1.0,6.0,1350,25.0,3.0,2900.8382264120323,0.6097215237444559,-0.0437393885328228,0.4691033115862356,0.5584795189955167,0.4254115194784025,0.4293386344037357,0.4495065496691016,0.4347522345170799
ELM_ridge,PAC,1.0,6.0,1350,25.0,4.0,2936.053639605522,0.6171233826954746,-0.0399429806464841,0.4706330771646099,0.5476945656500214,0.4267988042898045,0.4345506925160411,0.4529008495833319,0.4380834487963925
ELM_ridge,PAC,1.0,6.0,2700,50.0,0.0,2806.295879168056,0.589849852344402,-0.031228935797898,0.4451254294725225,0.5867900680914533,0.4036669122417222,0.4153458919303789,0.440754840312095,0.4199225481613988
ELM_ridge,PAC,1.0,6.0,2700,50.0,1.0,2777.700373452222,0.5838394188226173,-0.0353380876908809,0.433169676024241,0.5951681911355087,0.3928247051727841,0.4111136133902186,0.4379967674278511,0.4139783619969512
ELM_ridge,PAC,1.0,6.0,2700,50.0,2.0,2762.416236579409,0.5806268759312694,-0.0181337612870854,0.4362428676991055,0.5996110616777615,0.3956116629873255,0.4088514843292921,0.4323702388738435,0.4122777953968204
ELM_ridge,PAC,1.0,6.0,2700,50.0,3.0,2795.804202328908,0.5876446272716093,-0.0321931621465548,0.435854783233809,0.5898739632343779,0.3952597243034788,0.4137930710368483,0.4411726613274147,0.4167418188892473
ELM_ridge,PAC,1.0,6.0,2700,50.0,4.0,2808.285957420532,0.5902681430072259,-0.0301551375881819,0.4403976158767387,0.5862038065511033,0.3993794422624716,0.415640433512014,0.4425170134702972,0.4191789630815943
ELM_ridge,PAC,1.0,6.0,5400,100.0,0.0,2711.8351021384915,0.5699953260284728,-0.0314215531263789,0.4230445603491671,0.6141394397634916,0.3836426321883431,0.4013652222586506,0.4278422729889539,0.4042833758119825
ELM_ridge,PAC,1.0,6.0,5400,100.0,1.0,2738.142964913617,0.575524924346525,-0.0328993279735439,0.4275571735938872,0.606616559370923,0.3877349453522885,0.4052589181480363,0.4322275874739066,0.4084071503247439
ELM_ridge,PAC,1.0,6.0,5400,100.0,2.0,2698.9377356657537,0.5672844537480234,-0.0256013608181036,0.4221580541451681,0.6178009830784608,0.3828386942455581,0.3994563472106067,0.4269956916012939,0.4030969110191529
ELM_ridge,PAC,1.0,6.0,5400,100.0,3.0,2707.104675022114,0.5690010467877006,-0.0321075175220651,0.4238557511350821,0.615484428088952,0.3843782695123605,0.4006650952747326,0.4263792110085916,0.4038075252652282
ELM_ridge,PAC,1.0,6.0,5400,100.0,4.0,2700.5187571553174,0.5676167655684181,-0.0222516647263554,0.4258049800436301,0.6173530721552741,0.3861459492778106,0.3996903463357947,0.4244416710776803,0.4034259888970952
ELM_ridge,PAC,1.0,6.0,13500,250.0,0.0,2651.136628120598,0.5572372322712318,-0.0263267260511576,0.4066244077447106,0.6312194102206556,0.3687518354341937,0.3923815430903482,0.4212664295595487,0.3941332693613635
ELM_ridge,PAC,1.0,6.0,13500,250.0,1.0,2634.6321167994106,0.5537681812570155,-0.0243622855128233,0.404826534451132,0.6357967659307232,0.3671214141799401,0.3899387924786038,0.4184957170601148,0.3918519745728862
ELM_ridge,PAC,1.0,6.0,13500,250.0,2.0,2648.423912696035,0.5566670519119515,-0.0244547381165681,0.4069259160159022,0.6319737168579697,0.3690252615401599,0.3919800475759471,0.4208379800287193,0.3939477630482755
ELM_ridge,PAC,1.0,6.0,13500,250.0,3.0,2646.480554782245,0.5562585813059079,-0.0240367184216149,0.4072365984700753,0.6325136186346676,0.3693070073552942,0.3916924208392102,0.4211630842262521,0.3940541708069189
ELM_ridge,PAC,1.0,6.0,13500,250.0,4.0,2651.351120816684,0.5572823160722858,-0.0247832841969303,0.4077375333003361,0.6311597347275206,0.3697612856390699,0.3924132890872082,0.4211908586759647,0.3944551444674142
ELM_ridge,PAC,1.0,6.0,27000,500.0,0.0,2620.961601474202,0.5508948023286194,-0.0221683534664694,0.3997642622273278,0.6395664981856908,0.3625306366996879,0.3879154875152725,0.4173781644894123,0.3892747629014576
ELM_ridge,PAC,1.0,6.0,27000,500.0,1.0,2608.2085452950973,0.5482142623470638,-0.0209989316791786,0.3968136631371876,0.6430655540844125,0.3598548533246703,0.3860279711158547,0.4152053331253851,0.3870293858553034
ELM_ridge,PAC,1.0,6.0,27000,500.0,2.0,2627.999428981726,0.5523740695530609,-0.0241221903371119,0.3991251441659292,0.6376282213683686,0.3619510454264855,0.3889571213519125,0.4189282354609807,0.3899454674131262
ELM_ridge,PAC,1.0,6.0,27000,500.0,3.0,2601.951576589963,0.5468991223098911,-0.0217745659011641,0.3944971822616301,0.6447760375795238,0.3577541270565454,0.3851019083058331,0.4146490304261009,0.3858350219294932
ELM_ridge,PAC,1.0,6.0,27000,500.0,4.0,2616.175319939884,0.5498887831567802,-0.0210939370643625,0.3975407132259585,0.6408817109154383,0.3605141867281269,0.3872070937968274,0.4164771719756707,0.3880661508335417
ELM_ridge,PAC,1.0,6.0,54000,1000.0,0.0,2604.3379829335936,0.5474007164004763,-0.0188452925506715,0.3910747078529266,0.6441241442335487,0.3546504183369048,0.3854551084365326,0.4162187655918579,0.3854414307884317
ELM_ridge,PAC,1.0,6.0,54000,1000.0,1.0,2596.8336738244816,0.5458234003188702,-0.0183011590941491,0.392060933528051,0.6461720771974885,0.3555447879835068,0.3843444329787582,0.414162066445465,0.3846837624692433
ELM_ridge,PAC,1.0,6.0,54000,1000.0,2.0,2616.4370450214246,0.5499437946407253,-0.0181453821994669,0.3931802505098515,0.6408098541371695,0.356559852951596,0.3872458304240804,0.4181728828705426,0.3873261887487396
ELM_ridge,PAC,1.0,6.0,54000,1000.0,3.0,2602.998937389149,0.5471192650315967,-0.0186961838324507,0.3931582361992016,0.6444900041756036,0.3565398890308293,0.3852569229671667,0.4156040287180588,0.385800280238685
ELM_ridge,PAC,1.0,6.0,54000,1000.0,4.0,2606.2609635275744,0.5478049039374501,-0.0213350044407176,0.3916916127398596,0.6435984098473275,0.3552098653474926,0.3857397192275403,0.416434905252684,0.3857948299425723
ELM_robust_risk,PAC,1.0,6.0,270,5.0,0.0,3421.489598781001,0.7191562192783387,-0.1798284352156122,0.5550576722599234,0.3857653914278687,0.5033601808433014,0.5063976538202749,0.5196586765213105,0.5098055037282956
ELM_robust_risk,PAC,1.0,6.0,270,5.0,1.0,3875.3177732864647,0.8145454773066604,-0.1659851966884337,0.6523658339558716,0.2120140483618949,0.5916051620708823,0.5735665041622383,0.5743334871277185,0.5798350511202797
ELM_robust_risk,PAC,1.0,6.0,270,5.0,2.0,3266.108581222138,0.6864969865350726,-0.0730156231974389,0.5538276412062516,0.4402874150674206,0.5022447135962707,0.4834004824221656,0.4862928629724468,0.4906460196636277
ELM_robust_risk,PAC,1.0,6.0,270,5.0,3.0,3576.513843896991,0.7517404627183346,-0.1498414563664317,0.6080879792366298,0.3288437242504035,0.5514513004584731,0.5293420211040352,0.5321801467841648,0.5376578227822244
ELM_robust_risk,PAC,1.0,6.0,270,5.0,4.0,3232.5074831642423,0.6794344373309112,-0.1070500132642621,0.5189576823640204,0.4517446068915245,0.4706225062725519,0.4784273510619634,0.4970582960443076,0.4820360511262744
ELM_robust_risk,PAC,1.0,6.0,540,10.0,0.0,3083.602206366309,0.648136327896135,-0.0433338095435043,0.507557084980527,0.5010919285833793,0.4602837486128081,0.4563886218374766,0.4663913837475881,0.4610212513992909
ELM_robust_risk,PAC,1.0,6.0,540,10.0,1.0,3109.8741954372763,0.6536583859903435,-0.0650186623610127,0.5177803185195639,0.4925544175770938,0.4695548008659208,0.4602770082383793,0.4662990249663741,0.4653769446902247
ELM_robust_risk,PAC,1.0,6.0,540,10.0,2.0,3148.216771859755,0.6617175372755629,-0.0917838278751073,0.5138226656870268,0.4799643808157299,0.4659657596814437,0.4659519022227671,0.4861850242833003,0.4727008953958371
ELM_robust_risk,PAC,1.0,6.0,540,10.0,3.0,3111.770176263236,0.6540568984987863,-0.0500430495884592,0.5178622831703846,0.491935485546134,0.4696291314148382,0.4605576229280444,0.4756003331561667,0.4685956958330164
ELM_robust_risk,PAC,1.0,6.0,540,10.0,4.0,3121.7602820681523,0.6561566993350695,-0.0687232400779461,0.5216195963182669,0.4886680426349507,0.473036492343483,0.4620362087880827,0.4732866428990194,0.4694531146768617
ELM_robust_risk,PAC,1.0,6.0,1350,25.0,0.0,2889.0250295282985,0.6072385309533851,-0.0453530967473272,0.4644331934319905,0.5620682390656138,0.4211763712475722,0.4275902219028849,0.4473555617733352,0.4320407183079307
ELM_robust_risk,PAC,1.0,6.0,1350,25.0,1.0,2847.0834464659733,0.5984229114885776,-0.0400931532172268,0.452341868862829,0.5746913386661361,0.4102112200102462,0.4213826568505648,0.4420278232009197,0.4245405666872435
ELM_robust_risk,PAC,1.0,6.0,1350,25.0,2.0,2937.410974100394,0.6174086781831405,-0.0411926576044059,0.4721193863579148,0.5472762683345233,0.4281466801984194,0.4347515848419734,0.4537959648458939,0.4388980766287623
ELM_robust_risk,PAC,1.0,6.0,1350,25.0,3.0,2900.6919197140246,0.609690771825224,-0.0436799307011011,0.4690541659854604,0.5585240549328006,0.4253669512475137,0.4293169802772302,0.4494945925633386,0.4347261746960275
ELM_robust_risk,PAC,1.0,6.0,1350,25.0,4.0,2935.939418849095,0.6170993748576649,-0.0399352093975417,0.4705867460531065,0.5477297568762571,0.4267567884095986,0.4345337872701234,0.4528978425506796,0.4380628060768005
ELM_robust_risk,PAC,1.0,6.0,2700,50.0,0.0,2806.2279880177366,0.5898355824360547,-0.0311971303151247,0.4450765086007597,0.5868100609642434,0.4036225478088206,0.4153358436989744,0.440762814175378,0.4199070685610577
ELM_robust_risk,PAC,1.0,6.0,2700,50.0,1.0,2777.519703890915,0.5838014442402323,-0.0353228365229731,0.4331116591185505,0.595220852255741,0.3927720919010471,0.4110868733872693,0.4379816082190594,0.4139468578357919
ELM_robust_risk,PAC,1.0,6.0,2700,50.0,2.0,2762.416236579409,0.5806268759312695,-0.0181337612870853,0.4362428676991055,0.5996110616777612,0.3956116629873255,0.4088514843292922,0.4323702388738436,0.4122777953968204
ELM_robust_risk,PAC,1.0,6.0,2700,50.0,3.0,2795.6692607638893,0.5876162641674931,-0.0321570785715994,0.4358181774953983,0.5899135523541192,0.3952265279852813,0.4137730990071356,0.4411613828059941,0.4167203365994704
ELM_robust_risk,PAC,1.0,6.0,2700,50.0,4.0,2808.143391867708,0.5902381774319966,-0.0301070201071402,0.4403409614687815,0.5862458190715854,0.3993280645868531,0.4156193330937951,0.4425178284018681,0.4191550753608388
ELM_robust_risk,PAC,1.0,6.0,5400,100.0,0.0,2711.697857773123,0.5699664789032467,-0.031389524138967,0.4230033712542198,0.614178495123165,0.383605279402646,0.4013449094029145,0.4278261038963787,0.4042587642339798
ELM_robust_risk,PAC,1.0,6.0,5400,100.0,1.0,2738.033749529598,0.5755019685781702,-0.0328602147628132,0.4275147572386379,0.6066479402500441,0.3876964796120312,0.4052427537223872,0.4322191082726122,0.4083861138690102
ELM_robust_risk,PAC,1.0,6.0,5400,100.0,2.0,2698.7513208233463,0.56724527157622,-0.0255700512918197,0.4220817302413042,0.6178537780044361,0.3827694790703221,0.3994287568771841,0.4269865364045788,0.4030615907840283
ELM_robust_risk,PAC,1.0,6.0,5400,100.0,3.0,2707.104675022114,0.5690010467877006,-0.0321075175220651,0.4238557511350821,0.615484428088952,0.3843782695123605,0.4006650952747326,0.4263792110085916,0.4038075252652282
ELM_robust_risk,PAC,1.0,6.0,5400,100.0,4.0,2700.3611589770426,0.5675836403149923,-0.0222018858624673,0.4257439765695419,0.6173977322406392,0.3860906276035347,0.3996670210134693,0.4244377885709218,0.4033984790626419
ELM_robust_risk,PAC,1.0,6.0,13500,250.0,0.0,2651.136628120598,0.5572372322712318,-0.0263267260511576,0.4066244077447106,0.6312194102206556,0.3687518354341937,0.3923815430903482,0.4212664295595487,0.3941332693613635
ELM_robust_risk,PAC,1.0,6.0,13500,250.0,1.0,2634.6321167994106,0.5537681812570155,-0.0243622855128233,0.404826534451132,0.6357967659307232,0.3671214141799401,0.3899387924786038,0.4184957170601148,0.3918519745728862
ELM_robust_risk,PAC,1.0,6.0,13500,250.0,2.0,2648.423912696035,0.5566670519119515,-0.0244547381165681,0.4069259160159022,0.6319737168579697,0.3690252615401599,0.3919800475759471,0.4208379800287193,0.3939477630482755
ELM_robust_risk,PAC,1.0,6.0,13500,250.0,3.0,2646.480554782245,0.5562585813059079,-0.0240367184216149,0.4072365984700753,0.6325136186346676,0.3693070073552942,0.3916924208392102,0.4211630842262521,0.3940541708069189
ELM_robust_risk,PAC,1.0,6.0,13500,250.0,4.0,2651.351120816684,0.5572823160722858,-0.0247832841969303,0.4077375333003361,0.6311597347275206,0.3697612856390699,0.3924132890872082,0.4211908586759647,0.3944551444674142
ELM_robust_risk,PAC,1.0,6.0,27000,500.0,0.0,2627.290072896287,0.5522249713822793,-0.0250567393248645,0.4028072759954449,0.6378238195345326,0.3652902273461726,0.3888521330867085,0.4179613209714941,0.3907012271347918
ELM_robust_risk,PAC,1.0,6.0,27000,500.0,1.0,2614.2765105002736,0.5494896761075563,-0.0237276015168503,0.3992674694503611,0.6414028149354515,0.3620801146826919,0.3869260604581281,0.4159021917842621,0.3883027889750274
ELM_robust_risk,PAC,1.0,6.0,27000,500.0,2.0,2620.691961519523,0.5508381272329411,-0.0288240148527799,0.3995545439774353,0.6396406559099481,0.3623404513883809,0.3878755794470223,0.417943630827486,0.3893865538876297
ELM_robust_risk,PAC,1.0,6.0,27000,500.0,3.0,2609.582589272148,0.5485030699681683,-0.0244669164716345,0.3977267138240076,0.6426893780205145,0.3606828634248921,0.3862313365291157,0.415459756530058,0.3874579854946886
ELM_robust_risk,PAC,1.0,6.0,27000,500.0,4.0,2619.2198092520966,0.5505286984218112,-0.0236894297674531,0.4001484898359832,0.6400454000234769,0.3628790777504895,0.3876576935137854,0.4165808252224798,0.3890391988289182
ELM_robust_risk,PAC,1.0,6.0,54000,1000.0,0.0,2598.8204733430744,0.5462410018310199,-0.022290288110166,0.3920029328404408,0.6456304529297413,0.3554921894193151,0.3846384892913026,0.4148116081933237,0.3849807623013138
ELM_robust_risk,PAC,1.0,6.0,54000,1000.0,1.0,2594.751670933414,0.5453857881957177,-0.0223769950043196,0.3933271772947342,0.6467392105136913,0.3566930951293109,0.3840362860886845,0.4134164273794504,0.384715269532482
ELM_robust_risk,PAC,1.0,6.0,54000,1000.0,2.0,2608.3402453109816,0.5482419441162956,-0.0212636158569426,0.3941896726632637,0.6430295067682501,0.3574752585807444,0.3860474633800064,0.4164334363060245,0.3866520527555918
ELM_robust_risk,PAC,1.0,6.0,54000,1000.0,3.0,2600.2436656640284,0.5465401398465812,-0.0228535676489934,0.3935192486086075,0.6452422197923335,0.3568672771217738,0.3848491289064348,0.4149112317125177,0.3855425459135754
ELM_robust_risk,PAC,1.0,6.0,54000,1000.0,4.0,2602.492713285661,0.5470128627755436,-0.0241723140413718,0.3936133564213794,0.6446282679501424,0.3569526198312309,0.3851819992560424,0.41531040590569,0.3858150083309877
ELM_tikhonov,PAC,1.0,6.0,270,5.0,0.0,3417.5605914920848,0.7183303889065554,-0.1778706591196962,0.5546698849761739,0.3871752724348195,0.5030085116618231,0.5058161409980063,0.518939584307805,0.5092547456558781
ELM_tikhonov,PAC,1.0,6.0,270,5.0,1.0,3875.517652997914,0.8145874896330013,-0.1662741161831353,0.6523882323415651,0.2119327613678188,0.5916254742943444,0.5735960873639409,0.5743774129859552,0.5798663248814134
ELM_tikhonov,PAC,1.0,6.0,270,5.0,2.0,3254.7644742254192,0.6841125908315884,-0.0658810654974686,0.5518873790992422,0.4441687390376903,0.5004851654738364,0.4817214975817992,0.4845500984815299,0.4889189205123885
ELM_tikhonov,PAC,1.0,6.0,270,5.0,3.0,3573.0065405095083,0.7510032694663362,-0.1481332862718863,0.6076439172750834,0.3301594157779018,0.5510485979638664,0.5288229225782674,0.5315793123292085,0.5371502776237808
ELM_tikhonov,PAC,1.0,6.0,270,5.0,4.0,3233.4205513405896,0.6796263533483907,-0.1077210739448606,0.5191375079893854,0.4514348379244753,0.4707855831271343,0.4785624897402878,0.4971543696468803,0.4821674808381008
ELM_tikhonov,PAC,1.0,6.0,540,10.0,0.0,3084.3694482463898,0.6482975929690867,-0.0437015944168875,0.5078694262061431,0.50084362756276,0.4605669987031469,0.4565021774911674,0.4664061339339265,0.4611584367094136
ELM_tikhonov,PAC,1.0,6.0,540,10.0,1.0,3110.665990936456,0.6538248119405596,-0.0654967187972094,0.5180069435998756,0.4922959863656406,0.4697603183231337,0.4603941979510801,0.4663552782184239,0.4655032648308792
ELM_tikhonov,PAC,1.0,6.0,540,10.0,2.0,3148.159564565276,0.6617055129860173,-0.0918355943613706,0.5138221142933568,0.4799832801245548,0.4659652596440038,0.4659434352557139,0.4861641235489397,0.4726909394828857
ELM_tikhonov,PAC,1.0,6.0,540,10.0,3.0,3113.0004618680314,0.6543154898282741,-0.0505869062504024,0.5182200366651418,0.4915336640828569,0.4699535641230379,0.4607397113798167,0.4757026026767542,0.4687986260598696
ELM_tikhonov,PAC,1.0,6.0,540,10.0,4.0,3123.3271374591327,0.6564860336108582,-0.0693572285672014,0.5220135065988661,0.4881546244194984,0.4733937142322844,0.4622681112594948,0.4734397457301351,0.4697005237406381
ELM_tikhonov,PAC,1.0,6.0,1350,25.0,0.0,2890.049770881947,0.6074539193379912,-0.0456114106954379,0.4646646532894973,0.5617575139109117,0.4213862731758857,0.4277418887726147,0.4474719307593576,0.4322000309026193
ELM_tikhonov,PAC,1.0,6.0,1350,25.0,1.0,2847.7714755749835,0.5985675269838185,-0.0402294650882413,0.4525164191254118,0.5744857527724929,0.4103695128438218,0.4214844886160879,0.4421037360174245,0.4246525791591114
ELM_tikhonov,PAC,1.0,6.0,1350,25.0,2.0,2938.059065321368,0.6175448992116624,-0.0414188628054883,0.472344831268614,0.5470764742667329,0.4283511274057838,0.4348475055993768,0.4538384060801018,0.4390123463617542
ELM_tikhonov,PAC,1.0,6.0,1350,25.0,3.0,2901.344292365384,0.6098278927592403,-0.0439649151973009,0.4692753972348325,0.5583254545798606,0.4255675772495627,0.429413534707845,0.4495467956344237,0.4348426358639438
ELM_tikhonov,PAC,1.0,6.0,1350,25.0,4.0,2936.48602010191,0.6172142639079099,-0.0399718043536338,0.4708062848513285,0.5475613375333177,0.4269558795936286,0.4346146870022457,0.4529195932865129,0.4381633866274624
ELM_tikhonov,PAC,1.0,6.0,2700,50.0,0.0,2806.5079440354043,0.5898944258448734,-0.0313301269355292,0.4453039495530492,0.5867276152182992,0.4038288051485479,0.4153772785963858,0.4407154055267407,0.4199738297572248
ELM_tikhonov,PAC,1.0,6.0,2700,50.0,1.0,2778.2704754241586,0.583959247443136,-0.0354103841294281,0.4333679666114023,0.5950019967545395,0.3930045271819218,0.4111979913468636,0.4380320792401843,0.4140781992563232
ELM_tikhonov,PAC,1.0,6.0,2700,50.0,2.0,2762.702029125649,0.5806869461086345,-0.0181905063390579,0.4363020817644813,0.5995282109531836,0.395665361916546,0.4088937830622611,0.4323972292372325,0.4123187914053465
ELM_tikhonov,PAC,1.0,6.0,2700,50.0,3.0,2796.314269671403,0.5877518373305662,-0.0322967881685906,0.435995105703707,0.5897243025535603,0.3953869772852035,0.4138685635666581,0.4412170859556096,0.4168242089358236
ELM_tikhonov,PAC,1.0,6.0,2700,50.0,4.0,2808.788138700851,0.5903736955101694,-0.0303212600478973,0.4405804285553739,0.5860558021918879,0.3995452279593049,0.4157147588649937,0.4425254851275329,0.4192618239839438
ELM_tikhonov,PAC,1.0,6.0,5400,100.0,0.0,2712.334091984176,0.5701002077300008,-0.0315260323538306,0.4231795553879111,0.613997426544904,0.3837650539302829,0.4014390752632673,0.4279068096047388,0.404370312932763
ELM_tikhonov,PAC,1.0,6.0,5400,100.0,1.0,2738.5594446417663,0.5756124634075259,-0.0330100629846963,0.427721422356867,0.6064968806759086,0.3878838961571665,0.4053205592406392,0.4322563920512904,0.4084869491496987
ELM_tikhonov,PAC,1.0,6.0,5400,100.0,2.0,2699.551438011522,0.5674134466460004,-0.025695550664116,0.4223960335084638,0.6176271494270704,0.3830545084597059,0.3995471782416733,0.4270273185472084,0.4032096684161959
ELM_tikhonov,PAC,1.0,6.0,5400,100.0,3.0,2707.3948341543587,0.5690620347692537,-0.0321398524446643,0.4239409475064646,0.615401995603039,0.3844555307827645,0.4007080402843727,0.4264164228933432,0.4038599979868268
ELM_tikhonov,PAC,1.0,6.0,5400,100.0,4.0,2701.088484516173,0.567736515450165,-0.0224088723744857,0.4260326187234038,0.6171916013860629,0.386352385928891,0.3997746688481172,0.4244543155833762,0.4035271234534615
ELM_tikhonov,PAC,1.0,6.0,13500,250.0,0.0,2649.557764049279,0.5569053739143662,-0.0260825518871605,0.4059394265560808,0.6316585283246807,0.3681306526774917,0.3921478632739016,0.4211223702761736,0.393800295409189
ELM_tikhonov,PAC,1.0,6.0,13500,250.0,1.0,2653.728427721532,0.5577819975695975,-0.0278187086050028,0.4088861109372368,0.6304980044796746,0.3708028859554281,0.3927651424552427,0.4208006031626392,0.39478954385777
ELM_tikhonov,PAC,1.0,6.0,13500,250.0,2.0,2648.8428506503524,0.5567551076627117,-0.0242333629502782,0.4067522873748701,0.6318572760028148,0.3688678044892671,0.3920420524983756,0.420986443282063,0.3939654334232352
ELM_tikhonov,PAC,1.0,6.0,13500,250.0,3.0,2645.4200551322424,0.5560356769547992,-0.0228077668399012,0.4065448399828172,0.6328080784551529,0.3686796785304742,0.3915354615619323,0.4210876925896724,0.3937676108940264
ELM_tikhonov,PAC,1.0,6.0,13500,250.0,4.0,2651.459908595632,0.5573051819631656,-0.024838845043118,0.4078228797957227,0.6311294662835389,0.3698386830510852,0.392429390225158,0.4211860485032286,0.3944847072598239
ELM_tikhonov,PAC,1.0,6.0,27000,500.0,0.0,2617.6110243639446,0.5501905510668673,-0.0222425129857055,0.3959522187503935,0.6404874489678111,0.3590736429676318,0.3874195852660935,0.4175347137905845,0.3880093140081033
ELM_tikhonov,PAC,1.0,6.0,27000,500.0,1.0,2610.3235037397103,0.5486588013336797,-0.0200404922870882,0.3969580379357528,0.6424864534666597,0.3599857812054058,0.3863409955934568,0.4155467143359685,0.3872911637116104
ELM_tikhonov,PAC,1.0,6.0,27000,500.0,2.0,2629.2698468797907,0.552641096210924,-0.0236755357589359,0.3988907630465123,0.6372777837983346,0.3617384943195428,0.389145149584756,0.4192238790923993,0.3900358409988994
ELM_tikhonov,PAC,1.0,6.0,27000,500.0,3.0,2603.3350323392874,0.547189908173036,-0.0207526567081467,0.3942191383973855,0.6443981925144733,0.3575019799071894,0.3853066667086853,0.4149506603503598,0.3859197689887448
ELM_tikhonov,PAC,1.0,6.0,27000,500.0,4.0,2619.184186981261,0.5505212110462467,-0.0201513137897733,0.397495050116998,0.6400551909642822,0.3604727766334053,0.3876524212386976,0.4170334926775439,0.3883862301832156
ELM_tikhonov,PAC,1.0,6.0,54000,1000.0,0.0,2614.3381757110287,0.549502637397821,-0.0172829956725455,0.3920956617816718,0.6413858976493854,0.3555762816838854,0.3869351872191914,0.4180881912366174,0.386866553379898
ELM_tikhonov,PAC,1.0,6.0,54000,1000.0,1.0,2604.8730828959697,0.5475131880169369,-0.0166096076621004,0.3930226429190713,0.6439778892378222,0.3564169247670806,0.3855343059198752,0.4155742401267399,0.3858418236045652
ELM_tikhonov,PAC,1.0,6.0,54000,1000.0,2.0,2626.967433523472,0.5521571564423694,-0.0168449016968618,0.3944381842487265,0.637912766790115,0.3577006240568956,0.3888043808382488,0.4199248317816453,0.3888099455589299
ELM_tikhonov,PAC,1.0,6.0,54000,1000.0,3.0,2601.1147286409387,0.5467232268731942,-0.015537530262621,0.3918758847806309,0.6450044973578366,0.3553769744829981,0.3849780506041638,0.4153693127551269,0.3852414459474296
ELM_tikhonov,PAC,1.0,6.0,54000,1000.0,4.0,2614.071786690801,0.5494466456097086,-0.0207321757406811,0.3927069526509681,0.6414589761770028,0.3561306375605712,0.3868957603055761,0.4177584603584041,0.3869282860748504
Persistence_P,PAC,1.0,6.0,0,,,6756.527351517545,1.4201412938093383,-0.4077291436022947,1.102704769634362,-1.395250353838822,1.0,1.0,1.0,1.0
