Method,quantity,LB_days,FH_hours,N_params,n_hidden,seed,RMSE,nRMSE,nMBE,nMAE,R2,NICE1,NICE2,NICE3,NICE_Sigma
AR_OLS,humidity,1.0,1.0,149,,,4.74870806840171,0.0667444504416411,0.0003635721439326,0.0464518481362868,0.8667264256836533,0.9550408484838268,0.9372457058973688,0.938281196348648,0.9435225835766144
ELM_corr,humidity,1.0,1.0,750,5.0,0.0,9.135802503222877,0.1284063178106062,-0.0062880326805454,0.1006066183830183,0.5067279512070406,2.0684522583838545,1.8031202471778776,1.5997849742198398,1.8237858265938571
ELM_corr,humidity,1.0,1.0,750,5.0,1.0,8.788596586913156,0.123526239326022,-0.005887778795935,0.0964632008502866,0.5435090605580787,1.983264410002174,1.7345927130704857,1.549262765510769,1.7557066295278094
ELM_corr,humidity,1.0,1.0,750,5.0,2.0,9.568363928426592,0.1344860923917361,-0.0107125456269947,0.104539774571205,0.4589112900654257,2.1493171749349558,1.8884942757492909,1.6845075748852631,1.9074396751898364
ELM_corr,humidity,1.0,1.0,750,5.0,3.0,9.84275336735605,0.1383427144549452,-0.007706454462455,0.1083696339702301,0.4274330076438024,2.228058329846323,1.9426501260723408,1.7217231320018949,1.964143862640186
ELM_corr,humidity,1.0,1.0,750,5.0,4.0,9.532884948612375,0.1339874251803977,0.0023523789048198,0.1032366762240482,0.4629165064906028,2.1225257295768465,1.8814918403497007,1.6865676507686906,1.8968617402317465
ELM_corr,humidity,1.0,1.0,1500,10.0,0.0,7.748214896688229,0.1089033770309768,-0.0062806331023743,0.0835944520543764,0.6451895382662505,1.7186854693987208,1.5292540698833186,1.3868845814698518,1.5449413735839637
ELM_corr,humidity,1.0,1.0,1500,10.0,1.0,8.21541400125893,0.1154699941049747,-0.0075147086688023,0.0889993065250768,0.6011110463815514,1.829808212771271,1.621464487590753,1.4607555344689376,1.6373427449436535
ELM_corr,humidity,1.0,1.0,1500,10.0,2.0,8.711839273791924,0.1224473933308884,-0.0065416520601124,0.0950208379910619,0.55144798614265,1.9536097137056152,1.719443232183717,1.5363575465720485,1.7364701641537936
ELM_corr,humidity,1.0,1.0,1500,10.0,3.0,8.774613206193468,0.1233296989095533,-0.0061980218462059,0.096137282134243,0.544960534265166,1.9765635853935652,1.7318328332579815,1.5460789678935365,1.7514917955150278
ELM_corr,humidity,1.0,1.0,1500,10.0,4.0,8.717893001798389,0.1225324802099079,-0.007236442702103,0.0940216949930069,0.5508243852581486,1.9330675304577167,1.7206380478045138,1.5487472350509688,1.7341509377710669
ELM_corr,humidity,1.0,1.0,3750,25.0,0.0,7.403854317637468,0.1040632905755792,-0.0071261138503792,0.0798525812158927,0.6760269895846878,1.6417533419617776,1.4612881159129607,1.3239911744261996,1.4756775441003125
ELM_corr,humidity,1.0,1.0,3750,25.0,1.0,7.465805448967652,0.104934031449794,-0.0071566545602815,0.0800005572442079,0.6705826729510711,1.644795699958445,1.47351532191896,1.338801733329527,1.485704251735644
ELM_corr,humidity,1.0,1.0,3750,25.0,2.0,7.245133394875325,0.1018324225982779,-0.0072691601173245,0.0776677448683635,0.6897685134476954,1.5968335369839306,1.4299615948566864,1.298597456790744,1.441797529543787
ELM_corr,humidity,1.0,1.0,3750,25.0,3.0,7.581980043334984,0.1065668986095851,-0.0047560561393146,0.0817591981388291,0.660250852306599,1.6809530103683483,1.496444535114792,1.3534460926381773,1.510281212707106
ELM_corr,humidity,1.0,1.0,3750,25.0,4.0,7.565798084882348,0.1063394565540969,-0.0070608821523035,0.0811534112376871,0.6616995344902573,1.668498150997206,1.493250725166006,1.3601751043560404,1.5073079935064173
ELM_corr,humidity,1.0,1.0,7500,50.0,0.0,6.903366604175746,0.0970287925802035,-0.0066186034091528,0.0739633810980089,0.7183466140902062,1.5206725474802945,1.3625075731759395,1.2438570267422602,1.3756790491328317
ELM_corr,humidity,1.0,1.0,7500,50.0,1.0,6.717145976268633,0.0944114083798012,-0.007387895216351,0.0714940413591392,0.733337052704945,1.469903408812533,1.3257534747261277,1.217560101259775,1.3377389949328116
ELM_corr,humidity,1.0,1.0,7500,50.0,2.0,6.744454088227132,0.0947952317058542,-0.005912142148971,0.0721334070465372,0.7311644442741508,1.4830486414153896,1.3311432376470314,1.2179653541625932,1.3440524110750047
ELM_corr,humidity,1.0,1.0,7500,50.0,3.0,7.142493623439409,0.1003897912469151,-0.0069708399633789,0.0765200656673066,0.6984961760539029,1.5732374786581391,1.4097037302655329,1.2867460720433683,1.4232290936556804
ELM_corr,humidity,1.0,1.0,7500,50.0,4.0,6.903938874305606,0.0970368360005973,-0.0058412564431415,0.0735469033633457,0.7182999155705599,1.5121098472854524,1.362620521311327,1.249166210204444,1.374632192933741
ELM_corr,humidity,1.0,1.0,15000,100.0,0.0,6.208225830990849,0.0872583901428476,-0.005265515083501,0.0654888063994759,0.7722134300781984,1.346436960838391,1.225308635006425,1.1338179309177527,1.2351878422541895
ELM_corr,humidity,1.0,1.0,15000,100.0,1.0,6.47008221427887,0.090938856523481,-0.0056684974661177,0.0682425907164543,0.7525925914114082,1.4030542240076058,1.2769908540991468,1.1833996513432332,1.287814909816662
ELM_corr,humidity,1.0,1.0,15000,100.0,2.0,6.396972724177885,0.0899112817244891,-0.0065104767171865,0.0675386104956688,0.7581522229789786,1.38858052932484,1.2625613388140438,1.1654227586750483,1.2721882089379772
ELM_corr,humidity,1.0,1.0,15000,100.0,3.0,6.408435392105519,0.0900723928015241,-0.0072257916403618,0.0680915449484665,0.7572847174781021,1.399948752767887,1.264823709155314,1.1668083956355133,1.277193619186238
ELM_corr,humidity,1.0,1.0,15000,100.0,4.0,6.35719518957489,0.0893521970958369,-0.0063113751435559,0.0669991892711719,0.761150578277639,1.377490135194078,1.2547105038162234,1.161739484736382,1.2646467079155612
ELM_corr,humidity,1.0,1.0,37500,250.0,0.0,5.965379514293023,0.0838451156866589,-0.0060216934667671,0.0623932574195952,0.7896854791623467,1.2827930835141848,1.1773784055125247,1.0971464377969269,1.1857726422745454
ELM_corr,humidity,1.0,1.0,37500,250.0,1.0,5.981193123508756,0.0840673804882427,-0.0042315422612015,0.0624948889435399,0.7885689567831017,1.2848826076290512,1.1804995149003197,1.1004755155746615,1.188619212701344
ELM_corr,humidity,1.0,1.0,37500,250.0,2.0,6.011103089084808,0.0844877736112451,-0.0053348925502178,0.0628768286394195,0.7864490763692623,1.2927352125491451,1.1864028019408994,1.1052845184709277,1.194807510986991
ELM_corr,humidity,1.0,1.0,37500,250.0,3.0,6.015547135549305,0.0845502359556843,-0.0055261607953413,0.063048287831548,0.7861332005557551,1.2962603797685504,1.187279917022657,1.104093212445168,1.195877836412125
ELM_corr,humidity,1.0,1.0,37500,250.0,4.0,6.051524437425176,0.0850559072261624,-0.0037544822749907,0.0633603553222235,0.7835673959471794,1.3026764259117407,1.19438070553339,1.1117112249042551,1.2029227854497953
ELM_corr,humidity,1.0,1.0,75000,500.0,0.0,5.847145791968756,0.0821833068943448,-0.0047467178164652,0.0609674201466074,0.7979397215232176,1.253478150015762,1.1540427851828507,1.0779963369931935,1.161839090730602
ELM_corr,humidity,1.0,1.0,75000,500.0,1.0,5.849342904146099,0.082214187934561,-0.0050659212368555,0.060917385950848,0.7977878414357619,1.2524494568057296,1.154476426064524,1.080841060575455,1.1625889811485697
ELM_corr,humidity,1.0,1.0,75000,500.0,2.0,5.789178886802315,0.0813685654586938,-0.0047646721104106,0.060155051595442,0.8019261965391359,1.2367760126086491,1.142601940184836,1.0714953783865375,1.1502911103933409
ELM_corr,humidity,1.0,1.0,75000,500.0,3.0,5.86376833739416,0.0824169415257811,-0.0053613251960795,0.0612442742643056,0.7967892352882033,1.2591702161461975,1.1573235531510295,1.081880048053676,1.1661246057836343
ELM_corr,humidity,1.0,1.0,75000,500.0,4.0,5.8977497412345,0.0828945598783707,-0.0058914206559697,0.0613994340628688,0.7944271379026955,1.2623602710442423,1.1640304141268911,1.088066731053245,1.1714858054081263
ELM_corr,humidity,1.0,1.0,150000,1000.0,0.0,5.746099125788961,0.0807630670931223,-0.0031960015906283,0.0595305056715754,0.804863132339944,1.2239354714250843,1.1340993494929552,1.0653034810275293,1.1411127673151895
ELM_corr,humidity,1.0,1.0,150000,1000.0,1.0,5.742609037465515,0.0807140129032698,-0.0038534727300899,0.0594597887327035,0.8051001063497972,1.2224815450903508,1.1334105157623418,1.06645837014109,1.1407834769979277
ELM_corr,humidity,1.0,1.0,150000,1000.0,2.0,5.762960794899734,0.0810000626763665,-0.0034990794695004,0.0598365845071769,0.8037162113108781,1.2302283919994863,1.1374273129602177,1.068224659335332,1.145293454765012
ELM_corr,humidity,1.0,1.0,150000,1000.0,3.0,5.768261220936267,0.0810745616806892,-0.0037508937351857,0.0599750957705983,0.8033549851341619,1.2330761562941244,1.138473450450796,1.064635445901314,1.1453950175487446
ELM_corr,humidity,1.0,1.0,150000,1000.0,4.0,5.69203428112286,0.0800031702341296,-0.0032997712795844,0.0586926259949634,0.8085179289977077,1.2067088303034843,1.1234286485836935,1.058378012100068,1.1295051636624154
ELM_elastic_net,humidity,1.0,1.0,750,5.0,0.0,9.128575310926603,0.1283047375552815,-0.0058800371878184,0.1005577406908372,0.5075080823126796,2.0674473426596065,1.80169382659194,1.5987446134780523,1.8226285942432
ELM_elastic_net,humidity,1.0,1.0,750,5.0,1.0,8.774932393304471,0.1233341851757135,-0.0056995698757605,0.0962918253641,0.5449274284471118,1.9797409637604493,1.7318958307606405,1.5480765340044325,1.753237776175174
ELM_elastic_net,humidity,1.0,1.0,750,5.0,2.0,9.54547485579205,0.1341643799276078,-0.0105280220052945,0.1043185872360401,0.4614969369728522,2.1447696068892244,1.8839766922866543,1.6809224012881618,1.90322290015468
ELM_elastic_net,humidity,1.0,1.0,750,5.0,3.0,9.83495305958335,0.1382330788976388,-0.00725274306037,0.1082385576507197,0.428340158088365,2.2253634265341,1.9411105905061756,1.7211831425778623,1.9625523865393797
ELM_elastic_net,humidity,1.0,1.0,750,5.0,4.0,9.409036632738442,0.1322467016694848,0.0040765793911426,0.1019118782057132,0.4767811032049649,2.0952881432533013,1.8570480757376275,1.6673379819033434,1.873224733631424
ELM_elastic_net,humidity,1.0,1.0,1500,10.0,0.0,7.738591494780477,0.10876811736404,-0.0060237341553413,0.0834900046289231,0.6460703510209957,1.7165380509034602,1.527354712840467,1.385698835518984,1.5431971997543037
ELM_elastic_net,humidity,1.0,1.0,1500,10.0,1.0,8.20573922848486,0.1153340124058153,-0.007354754365043,0.0888426617512203,0.6020499857079442,1.82658762707368,1.6195549915536378,1.4601531967796555,1.635431938468991
ELM_elastic_net,humidity,1.0,1.0,1500,10.0,2.0,8.69965537909529,0.1222761452052821,-0.0063589213645951,0.0949052044799805,0.5527017486906292,1.9512323114930623,1.7170385143486682,1.5344579250002934,1.7342429169473412
ELM_elastic_net,humidity,1.0,1.0,1500,10.0,3.0,8.765713074857675,0.1232046050174232,-0.0059247275521236,0.0959878243879181,0.5458831634434608,1.9734907635664585,1.7300762270913697,1.5452896614730056,1.749618884043611
ELM_elastic_net,humidity,1.0,1.0,1500,10.0,4.0,8.709637545072447,0.1224164474038518,-0.0073175539331428,0.0939918011078996,0.5516746811089093,1.9324529180678376,1.719008680141739,1.5471821919976825,1.7328812634024195
ELM_elastic_net,humidity,1.0,1.0,3750,25.0,0.0,7.400846585668358,0.1040210160422825,-0.0072236024383028,0.079861108589923,0.6762901568525475,1.64192866309228,1.460694484164718,1.322857113726522,1.4751600869945067
ELM_elastic_net,humidity,1.0,1.0,3750,25.0,1.0,7.450179951589481,0.1047144106139033,-0.0069910420384634,0.0798392033823887,0.671960132651893,1.6414782963398449,1.4704313398949544,1.336671862959712,1.4828604997315036
ELM_elastic_net,humidity,1.0,1.0,3750,25.0,2.0,7.239405476746255,0.101751915070295,-0.0073414260285832,0.0775977733462554,0.690258850348108,1.5953949362710422,1.4288310838644598,1.2982659709469224,1.4408306636941417
ELM_elastic_net,humidity,1.0,1.0,3750,25.0,3.0,7.574221688876385,0.1064578527181107,-0.0047294079829124,0.081708827765095,0.6609458015663159,1.6799174054053694,1.4949132798141058,1.3519265197830908,1.5089190683341889
ELM_elastic_net,humidity,1.0,1.0,3750,25.0,4.0,7.555777184196301,0.1061986099281122,-0.0071953171327285,0.0810384037355888,0.6625950990430631,1.6661336194060483,1.4912729143589534,1.3587401531793506,1.505382228981451
ELM_elastic_net,humidity,1.0,1.0,7500,50.0,0.0,6.890724387982507,0.0968511026148428,-0.0067502710131096,0.0738816225157103,0.7193772598036161,1.5189916071314806,1.3600123970839446,1.2414906236540877,1.3734982092898376
ELM_elastic_net,humidity,1.0,1.0,7500,50.0,1.0,6.693516793694074,0.0940792934587307,-0.0075086902734424,0.0711977610642774,0.7352098554688257,1.4638119443058102,1.3210898168253116,1.2145956740241886,1.3331658117184368
ELM_elastic_net,humidity,1.0,1.0,7500,50.0,2.0,6.7252556551513685,0.0945253922365659,-0.0060630058354707,0.0718964839159854,0.732692774222685,1.4781775485158388,1.3273540704249085,1.215824005985204,1.340451874975317
ELM_elastic_net,humidity,1.0,1.0,7500,50.0,3.0,7.124810330183795,0.1001412475012598,-0.0070204700574304,0.0763181389622782,0.699987246508629,1.5690859053744215,1.4062136040183058,1.2839136234046649,1.4197377109324638
ELM_elastic_net,humidity,1.0,1.0,7500,50.0,4.0,6.826670271119765,0.0959508036773326,-0.0071334725068822,0.0723644888399179,0.7245701816145117,1.4877996375732152,1.347370127837257,1.2364570488177151,1.3572089380760624
ELM_elastic_net,humidity,1.0,1.0,15000,100.0,0.0,6.180357489849454,0.0868666926353551,-0.0056795716187408,0.0651681424848631,0.7742538796511118,1.3398441739122082,1.21980830045458,1.1294972992984484,1.2297165912217456
ELM_elastic_net,humidity,1.0,1.0,15000,100.0,1.0,6.429987060851137,0.0903753076713806,-0.0058550276942793,0.0678356861599216,0.7556494617940674,1.3946883464695845,1.26907733112908,1.176527665683821,1.2800977810941618
ELM_elastic_net,humidity,1.0,1.0,15000,100.0,2.0,6.363641923310954,0.0894428077828194,-0.0066811644427164,0.0671503266714246,0.7606659056124299,1.3805974903751148,1.255982886414639,1.16081873739832,1.265799704729358
ELM_elastic_net,humidity,1.0,1.0,15000,100.0,3.0,6.381343481058336,0.0896916082411317,-0.0072963845742387,0.0677837887253619,0.7593325563327841,1.3936213454368027,1.2594766174984309,1.162239904453268,1.2717792891295006
ELM_elastic_net,humidity,1.0,1.0,15000,100.0,4.0,6.32945047739334,0.0889622372287435,-0.0065309250933546,0.0666665819643896,0.7632308503380155,1.3706517944772714,1.2492345697350051,1.1579610392330044,1.2592824678150938
ELM_elastic_net,humidity,1.0,1.0,37500,250.0,0.0,5.9193584778806665,0.0831982768538958,-0.0062212728871931,0.0618426143159533,0.7929179834433944,1.271471969758474,1.168295299510402,1.089990668830814,1.1765859793665634
ELM_elastic_net,humidity,1.0,1.0,37500,250.0,1.0,5.915633468788052,0.0831459207854251,-0.0045593985064516,0.0617170291332755,0.7931785318405953,1.2688899631379904,1.167560099804252,1.090194616943452,1.1755482266285648
ELM_elastic_net,humidity,1.0,1.0,37500,250.0,2.0,5.959079571601848,0.0837565681898072,-0.0054294803340002,0.0622726808712099,0.7901294642552068,1.280314053428249,1.1761349948522668,1.0968614897631668,1.184436846014561
ELM_elastic_net,humidity,1.0,1.0,37500,250.0,3.0,5.959643079118855,0.0837644884491705,-0.0057242222930937,0.062400897779942,0.7900897704686943,1.2829501678180626,1.1762462135233134,1.0954996748088404,1.1848986853834054
ELM_elastic_net,humidity,1.0,1.0,37500,250.0,4.0,5.957367287486908,0.0837325015467107,-0.006339267654277,0.06207215012135,0.790250055481152,1.2761911807078503,1.1757970437904437,1.0980613807880064,1.1833498684287669
ELM_elastic_net,humidity,1.0,1.0,75000,500.0,0.0,5.74884413162384,0.08080164893544,-0.0050799432021405,0.059856879395648,0.804676647640173,1.230645650909151,1.1346411273606078,1.0625078428046453,1.1425982070248015
ELM_elastic_net,humidity,1.0,1.0,75000,500.0,1.0,5.745035048152811,0.0807481111775282,-0.0051233870530426,0.0596778002652376,0.8049353975572993,1.2269638192595016,1.1338893340148806,1.0644111119388162,1.141754755071066
ELM_elastic_net,humidity,1.0,1.0,75000,500.0,2.0,5.695812395620886,0.0800562727142661,-0.004835331263869,0.0590352167644475,0.8082636503877879,1.213752429047088,1.1241743296276026,1.0569930585376326,1.1316399390707743
ELM_elastic_net,humidity,1.0,1.0,75000,500.0,3.0,5.761203703269262,0.0809753662508204,-0.0054906304190926,0.0599868018543441,0.8038358845265597,1.2333168310702989,1.1370805183032693,1.06665069621058,1.1456826818613826
ELM_elastic_net,humidity,1.0,1.0,75000,500.0,4.0,5.801834008247271,0.0815464368110594,-0.0059715341069771,0.0602532531904539,0.8010592729742836,1.2387950180602187,1.1450996633678672,1.0741176108686026,1.1526707640988962
ELM_elastic_net,humidity,1.0,1.0,150000,1000.0,0.0,5.5758135714023656,0.0783696549098569,-0.0036202306769096,0.0574817076942852,0.8162575126626186,1.1818125885451098,1.1004903336666978,1.038942375903416,1.107081766038408
ELM_elastic_net,humidity,1.0,1.0,150000,1000.0,1.0,5.561909310918868,0.0781742265509431,-0.0041165622783674,0.0573142095638999,0.8171727577474585,1.1783688599749726,1.0977460697018206,1.0373104875638133,1.104475139080202
ELM_elastic_net,humidity,1.0,1.0,150000,1000.0,2.0,5.58448581541024,0.0784915457803976,-0.0039299137937759,0.057742474651777,0.8156855068578361,1.1871739058302435,1.102201962037993,1.0393819703021296,1.1095859460567887
ELM_elastic_net,humidity,1.0,1.0,150000,1000.0,3.0,5.6027978908221865,0.0787489272391462,-0.0039783237181992,0.0578523327529679,0.8144747545043025,1.1894325667529773,1.1058161901182828,1.042341973561823,1.1125302434776942
ELM_elastic_net,humidity,1.0,1.0,150000,1000.0,4.0,5.5231685639030825,0.0776297142684398,-0.0035357234957322,0.0566409061983739,0.8197108058050662,1.1645258753941996,1.090099863984226,1.032309526179477,1.0956450885193008
ELM_huber,humidity,1.0,1.0,750,5.0,0.0,9.096499882152775,0.1278539082275251,-0.001494520301948,0.0999410887161013,0.5109629776975839,2.0547690995153705,1.7953631451834269,1.5975745623204596,1.815902269006419
ELM_huber,humidity,1.0,1.0,750,5.0,1.0,8.745591908556245,0.1229217962686669,-0.0004231058973976,0.0955604326717014,0.5479655663650556,1.9647036740605044,1.7261049413349028,1.550159726415795,1.7469894472704006
ELM_huber,humidity,1.0,1.0,750,5.0,2.0,9.538454917966169,0.1340657126931571,-0.0068607747901631,0.1040052378178508,0.4622886981034354,2.138327204568838,1.8825911772185135,1.6819125218808906,1.900943634556081
ELM_huber,humidity,1.0,1.0,750,5.0,3.0,9.811973614482474,0.1379100962226419,-0.0025304781981951,0.1077674518959452,0.431008412668303,2.215677585005355,1.9365751703593757,1.7205807156935051,1.957611157019412
ELM_huber,humidity,1.0,1.0,750,5.0,4.0,9.410136920472056,0.1322621665283581,0.0096573791045808,0.1015300702791176,0.4766587261716658,2.0874382474837314,1.8572652379507448,1.67282652011419,1.8725100018495555
ELM_huber,humidity,1.0,1.0,1500,10.0,0.0,7.711850037213182,0.1083922585275674,-0.0020381022598082,0.0828784525980962,0.6485122015260624,1.7039646616015038,1.52207678968466,1.3851766674764778,1.5370727062542138
ELM_huber,humidity,1.0,1.0,1500,10.0,1.0,8.17924175789207,0.1149615828760707,-0.0027767499487231,0.0880849158351835,0.604615907779948,1.8110085202862876,1.6143252237573211,1.4624054245516478,1.6292463895317522
ELM_huber,humidity,1.0,1.0,1500,10.0,2.0,8.676006911045908,0.1219437592213456,-0.0028590682972979,0.0944520874184246,0.555130245188035,1.9419163139538207,1.7123710501013252,1.5334383698964478,1.729241911317198
ELM_huber,humidity,1.0,1.0,1500,10.0,3.0,8.7396235642103,0.1228379094814232,-0.0021199906496633,0.0955325006645029,0.5485823288683802,1.9641293974940164,1.7249269777648162,1.543489368407772,1.7441819145555348
ELM_huber,humidity,1.0,1.0,1500,10.0,4.0,8.686393567400934,0.1220897466478954,-0.0031756388164708,0.0935198698405813,0.5540644380256053,1.9227501041637851,1.7144210495805847,1.5463558910630628,1.7278423482691443
ELM_huber,humidity,1.0,1.0,3750,25.0,0.0,7.380490516773752,0.1037349056703766,-0.0033750699540145,0.0792779875340828,0.67806843927474,1.6299398090362596,1.4566768360200846,1.3242682868016658,1.4702949772860032
ELM_huber,humidity,1.0,1.0,3750,25.0,1.0,7.417343066200526,0.1042528787955789,-0.0025835555120725,0.0791055182978745,0.67484545060906,1.6263938755095153,1.4639503708855874,1.336612047056425,1.475652097817176
ELM_huber,humidity,1.0,1.0,3750,25.0,2.0,7.209964651665609,0.1013381158511702,-0.0032098995400609,0.0769432911340863,0.6927730050354504,1.5819389108962556,1.4230203904111145,1.2983170067049703,1.434425436004113
ELM_huber,humidity,1.0,1.0,3750,25.0,3.0,7.559721986695021,0.1062540552557856,-0.0007613343814523,0.0812176820968249,0.6622426950178282,1.6698195472022324,1.492051494374672,1.3536493679987012,1.5051734698585353
ELM_huber,humidity,1.0,1.0,3750,25.0,4.0,7.531422151630532,0.1058562929777595,-0.0027831661170834,0.0804704563426394,0.6647667521067328,1.654456732870443,1.486465996485617,1.3586953889025684,1.4998727060862092
ELM_huber,humidity,1.0,1.0,7500,50.0,0.0,6.939845599550145,0.097541515296331,-0.0024934724383962,0.0739852375615182,0.7153621054008708,1.5211219120651762,1.3697073802134805,1.2537595420567127,1.3815296114451232
ELM_huber,humidity,1.0,1.0,7500,50.0,1.0,6.665829879281278,0.0936901459558123,-0.0038338558834729,0.0705963139711831,0.7373958691720239,1.4514463105333588,1.31562529020688,1.213508826428083,1.3268601423894406
ELM_huber,humidity,1.0,1.0,7500,50.0,2.0,6.702787515437396,0.0942095961050594,-0.0026428805159484,0.0713420703640617,0.7344758629178401,1.4667789150860846,1.3229195658895496,1.2157436498258585,1.335147376933831
ELM_huber,humidity,1.0,1.0,7500,50.0,3.0,7.09988766406855,0.099790952298977,-0.0031125495356019,0.0756465040401134,0.7020824714533184,1.5552772236605394,1.4012946531248074,1.2843769343407585,1.413649603708702
ELM_huber,humidity,1.0,1.0,7500,50.0,4.0,6.79452982825361,0.0954990605579089,-0.0034297213137114,0.0717403265224042,0.7271575622978734,1.4749669832607115,1.3410266146905154,1.2351036908466648,1.3503657629326309
ELM_huber,humidity,1.0,1.0,15000,100.0,0.0,6.165600155580197,0.0866592740803297,-0.0025370696831355,0.0647393200459714,0.7753306567227107,1.3310276690298526,1.2168956665391817,1.130152606799875,1.2260253141229696
ELM_huber,humidity,1.0,1.0,15000,100.0,1.0,6.420038661774789,0.090235480076262,-0.0027209428625742,0.0673938106215955,0.7564049893304311,1.3856034724338075,1.2671138298608289,1.1787795298023849,1.277165610699007
ELM_huber,humidity,1.0,1.0,15000,100.0,2.0,6.348487230188775,0.0892298042354373,-0.003742051874057,0.0667496757480106,0.7618044724888728,1.3723601863022916,1.25299182635191,1.1611433121308214,1.2621651082616745
ELM_huber,humidity,1.0,1.0,15000,100.0,3.0,6.362705426531647,0.0894296450526673,-0.0038108346180024,0.0672718466778771,0.7607363429874319,1.3830959177730855,1.2557980513874378,1.162640496139126,1.267178155099883
ELM_huber,humidity,1.0,1.0,15000,100.0,4.0,6.301175280547679,0.0885648212479317,-0.0030455738728383,0.0660138398186522,0.7653415362253672,1.3572315445255971,1.2436539346558904,1.1571941211670669,1.2526932001161846
ELM_huber,humidity,1.0,1.0,37500,250.0,0.0,5.901973180211835,0.0829539215214651,-0.002930507551022,0.0613780529733751,0.7941326068192225,1.2619206800554914,1.1648639882250689,1.0900744465972307,1.1722863716259304
ELM_huber,humidity,1.0,1.0,37500,250.0,1.0,5.918708450741565,0.0831891405364919,-0.0021023639077276,0.0615660938879083,0.7929634618648573,1.265786764221584,1.1681670045855377,1.092711420590518,1.1755550631325469
ELM_huber,humidity,1.0,1.0,37500,250.0,2.0,5.961895383219146,0.0837961452276534,-0.0028228653489,0.0620349749938637,0.7899310794186993,1.2754268674087788,1.1766907475557211,1.1003971426834809,1.1841715858826602
ELM_huber,humidity,1.0,1.0,37500,250.0,3.0,5.963144477509051,0.0838137016052467,-0.0026117625254471,0.0621730561422908,0.7898430458790329,1.278265788623851,1.1769372795055926,1.1016973855473216,1.1856334845589218
ELM_huber,humidity,1.0,1.0,37500,250.0,4.0,5.99593612771185,0.0842745976300885,-0.001435871931284,0.0625134671193231,0.787525362172591,1.2852645712639792,1.1834093205110965,1.1049175889135934,1.1911971602295564
ELM_huber,humidity,1.0,1.0,75000,500.0,0.0,5.770738027380561,0.0811093739038441,-0.0027686711001658,0.0598490336125289,0.8031860759298799,1.230484343153536,1.138962294189096,1.068479362687966,1.1459753333435323
ELM_huber,humidity,1.0,1.0,75000,500.0,1.0,5.755543005970803,0.0808958035308427,-0.0024709750843491,0.0595662933264931,0.8042211790617786,1.2246712585614226,1.135963274590044,1.0686936902663935,1.1431094078059532
ELM_huber,humidity,1.0,1.0,75000,500.0,2.0,5.720622760000201,0.0804049894835224,-0.0025703659251551,0.0591048389676168,0.8065896453569528,1.2151838478313963,1.1290711156884246,1.063200460671577,1.135818474730466
ELM_huber,humidity,1.0,1.0,75000,500.0,3.0,5.774845551981717,0.0811671063372198,-0.0030840195580395,0.0598957259185208,0.8029057978299089,1.231444327768171,1.1397729904329688,1.0713295167774692,1.1475156116595364
ELM_huber,humidity,1.0,1.0,75000,500.0,4.0,5.80512550613734,0.0815926997555567,-0.0036975022070433,0.0601260527413631,0.8008334827408319,1.2361798018804266,1.1457493015892533,1.0757875557500278,1.1525722197399026
ELM_huber,humidity,1.0,1.0,150000,1000.0,0.0,5.609213081041802,0.0788390945729808,-0.0015882511029215,0.0577462997436158,0.8140496593500304,1.187252548965057,1.107082347018063,1.0451906429053406,1.1131751796294866
ELM_huber,humidity,1.0,1.0,150000,1000.0,1.0,5.615968144180348,0.078934038917924,-0.0019982312315702,0.0578079475000204,0.8136015171149578,1.188520014694537,1.1084155841487673,1.0481532795984752,1.11502962614726
ELM_huber,humidity,1.0,1.0,150000,1000.0,2.0,5.6415913090039815,0.0792941798299562,-0.0021706247787786,0.0581696905862357,0.8118967301288448,1.195957381297877,1.1134727914684277,1.050305162237554,1.1199117783346193
ELM_huber,humidity,1.0,1.0,150000,1000.0,3.0,5.636869154223381,0.0792278085935712,-0.0024185404973013,0.0581801253845206,0.8122114927415238,1.1961719186953674,1.1125407865468888,1.0464457179121485,1.1183861410514684
ELM_huber,humidity,1.0,1.0,150000,1000.0,4.0,5.571654794109362,0.0783112021052346,-0.0015769401686685,0.0569603525760326,0.8165315028532862,1.171093630000414,1.0996695217524874,1.042724280555455,1.1044958107694522
ELM_l3,humidity,1.0,1.0,750,5.0,0.0,9.270009544033709,0.1302926361639963,-0.0170383136524422,0.102752297231953,0.4921289419026429,2.112566992903096,1.829608498485244,1.6130532414133387,1.8517429109338928
ELM_l3,humidity,1.0,1.0,750,5.0,1.0,8.938523766498275,0.1256335087272008,-0.018732849780739,0.0990466947956358,0.527801394258316,2.036380536671237,1.7641836256385748,1.5602735853737262,1.786945915894513
ELM_l3,humidity,1.0,1.0,750,5.0,2.0,9.600917064797152,0.1349436360364302,-0.0211002391038628,0.1057705884317438,0.4552232828416355,2.1746224654854176,1.894919241621549,1.6822847941781016,1.917275500428356
ELM_l3,humidity,1.0,1.0,750,5.0,3.0,9.95331225232712,0.1398966512125943,-0.0200248476391968,0.1100922049574992,0.4144980313616022,2.2634740500654287,1.9644709747527296,1.7326320355712062,1.986859020129788
ELM_l3,humidity,1.0,1.0,750,5.0,4.0,9.509050262734643,0.1336524218516094,-0.0114756758779461,0.1043012256282505,0.4655988452045624,2.1444126556526277,1.8767876225564528,1.6685896379620202,1.8965966387237
ELM_l3,humidity,1.0,1.0,1500,10.0,0.0,7.843736408877432,0.1102459592121907,-0.014786857255507,0.0853375467349205,0.6363872667478685,1.7545231527091945,1.5481070138484097,1.3946994997547135,1.565776555437439
ELM_l3,humidity,1.0,1.0,1500,10.0,1.0,8.348466460043678,0.1173400844776781,-0.0178895455028042,0.0913943312317953,0.5880860355172995,1.8790494490151608,1.647724860698309,1.4699930865158095,1.6655891320764262
ELM_l3,humidity,1.0,1.0,1500,10.0,2.0,8.797237576023793,0.1236476909000405,-0.014929464683959,0.0964639269817394,0.5426109712352791,1.9832793391218249,1.7362981727075053,1.5439348889906943,1.754504133606675
ELM_l3,humidity,1.0,1.0,1500,10.0,3.0,8.929343285803533,0.1255044744446266,-0.0207407435295492,0.0989653577765982,0.5287708572524268,2.034708263580039,1.7623716873207669,1.561605632043039,1.786228527647948
ELM_l3,humidity,1.0,1.0,1500,10.0,4.0,8.811952557200273,0.1238545141702302,-0.0178879214051115,0.0958356323458015,0.5410795587073618,1.970361725156424,1.7392024474536805,1.5557265965743854,1.7550969230614966
ELM_l3,humidity,1.0,1.0,3750,25.0,0.0,7.499885994602051,0.1054130432686622,-0.0152731767306222,0.0816817492344582,0.6675683038588384,1.6793606761488875,1.4802417503686311,1.330057195503447,1.496553207340322
ELM_l3,humidity,1.0,1.0,3750,25.0,1.0,7.601311423750821,0.1068386066917725,-0.0161218744861959,0.082223787144769,0.6585161622132221,1.690504868824599,1.5002599419628928,1.3521436070635828,1.5143028059503585
ELM_l3,humidity,1.0,1.0,3750,25.0,2.0,7.369098610680575,0.1035747891711689,-0.0157143638928742,0.0796469292726299,0.6790614853991093,1.637525178513688,1.4544284318406695,1.3110424042222693,1.467665338192209
ELM_l3,humidity,1.0,1.0,3750,25.0,3.0,7.659432020923287,0.1076555083125373,-0.0128752139606354,0.0833077617727788,0.6532741399492578,1.7127911736758537,1.511731120931875,1.357771439401949,1.5274312446698926
ELM_l3,humidity,1.0,1.0,3750,25.0,4.0,7.518239086745996,0.1056710012293133,-0.0153683725985226,0.0811789994732496,0.6659393151872653,1.6690242400804902,1.4838640738625324,1.337897621049009,1.4969286449973438
ELM_l3,humidity,1.0,1.0,7500,50.0,0.0,6.976682786521349,0.0980592724978252,-0.0127473538110566,0.0752618746924223,0.7123323297560187,1.547369320028955,1.3769778830131438,1.2503155433564035,1.391554248799501
ELM_l3,humidity,1.0,1.0,7500,50.0,1.0,6.822362658847754,0.0958902589545007,-0.0144315893513869,0.0731819377818151,0.7249176630356859,1.5046062268131362,1.3465199405765411,1.229216057829735,1.3601140750731373
ELM_l3,humidity,1.0,1.0,7500,50.0,2.0,6.824356379784264,0.0959182812726395,-0.0118862793524203,0.0735194335566603,0.7247568631551426,1.5115450734704785,1.3469134384204993,1.2254931730558871,1.3613172283156214
ELM_l3,humidity,1.0,1.0,7500,50.0,3.0,7.244247461119274,0.1018199705458831,-0.0145042596366031,0.0783489145904221,0.6898443789224009,1.6108382523056468,1.4297867393809214,1.2960350066536652,1.4455533327800778
ELM_l3,humidity,1.0,1.0,7500,50.0,4.0,6.9748409424626665,0.0980333848526541,-0.0125977981093793,0.0749013926541352,0.7124841982203834,1.5399578803226437,1.376614360890902,1.2535599920761316,1.3900440777632257
ELM_l3,humidity,1.0,1.0,15000,100.0,0.0,6.281659320107963,0.0882905188407028,-0.0108205470377957,0.0667724296329292,0.7667928506741499,1.3728280016945922,1.2398020975130053,1.1407164086241726,1.25111550261059
ELM_l3,humidity,1.0,1.0,15000,100.0,1.0,6.426308224988079,0.0903236005808609,-0.0117038416359546,0.0687951901633847,0.7559289859548983,1.414415559796006,1.2683512445670746,1.16307761773477,1.2819481406992834
ELM_l3,humidity,1.0,1.0,15000,100.0,2.0,6.471175224066037,0.0909542190887347,-0.0116780182187134,0.0688059509804988,0.7525089938460733,1.414636800076411,1.277206579874404,1.1725340255032313,1.2881258018180155
ELM_l3,humidity,1.0,1.0,15000,100.0,3.0,6.489887354466688,0.0912172234347998,-0.0131434691538511,0.0694937426717869,0.7510756283538884,1.4287776617812176,1.2808997662344797,1.1746621799952035,1.294779869336967
ELM_l3,humidity,1.0,1.0,15000,100.0,4.0,6.47485083293967,0.0910058808229949,-0.012378199797827,0.068862158555745,0.7522277656441765,1.415792416752777,1.2779320295301313,1.1748276050908315,1.2895173504579132
ELM_l3,humidity,1.0,1.0,37500,250.0,0.0,6.077085257965723,0.08541517187146,-0.0109167413796651,0.0641675289724331,0.781735170487242,1.3192717571783952,1.1994256080512455,1.1091600391072896,1.2092858014456431
ELM_l3,humidity,1.0,1.0,37500,250.0,1.0,6.045348217660055,0.0849690986904318,-0.0078686039794755,0.0635645817895922,0.7840089551612249,1.3068752818562113,1.193161713889735,1.106809701425409,1.2022822323904518
ELM_l3,humidity,1.0,1.0,37500,250.0,2.0,6.099511842601996,0.0857303839344611,-0.0094591163579427,0.0643199552017119,0.780121249839312,1.322405610430358,1.203851910920473,1.1149833844208388,1.2137469685905566
ELM_l3,humidity,1.0,1.0,37500,250.0,3.0,6.077399850703137,0.085419593562385,-0.0094104971292213,0.0640898505887348,0.7817125720524455,1.3176747049091615,1.1994876987689735,1.1102470317917417,1.209136478489959
ELM_l3,humidity,1.0,1.0,37500,250.0,4.0,6.164952802226401,0.0866501753437432,-0.0088611414993357,0.0652596331792869,0.7753778322819364,1.3417252045694716,1.216767899335491,1.1217635668105246,1.226752223571829
ELM_l3,humidity,1.0,1.0,75000,500.0,0.0,5.920317179355027,0.0832117516773893,-0.0078920378750788,0.0622963317329472,0.7928508998523901,1.280800310487273,1.1684845170464433,1.08445068079387,1.1779118361091954
ELM_l3,humidity,1.0,1.0,75000,500.0,1.0,5.967532548008311,0.0838753771914806,-0.0090204155685114,0.0627171055994755,0.789533637701701,1.2894513383070925,1.1778033466913125,1.095016367684453,1.1874236842276196
ELM_l3,humidity,1.0,1.0,75000,500.0,2.0,5.889486687466244,0.0827784202937115,-0.0078989542201919,0.0616716440489483,0.7950027708922596,1.267956854743311,1.1623995470467627,1.083616507907102,1.171324303232392
ELM_l3,humidity,1.0,1.0,75000,500.0,3.0,5.972622411779899,0.0839469166829305,-0.0090257093079526,0.0629644747164653,0.7891744601185401,1.294537198630357,1.178807925809424,1.0944062495568727,1.1892504579988847
ELM_l3,humidity,1.0,1.0,75000,500.0,4.0,6.037447558383249,0.0848580526640261,-0.008664285064634,0.0633663873912512,0.7845731431939738,1.302800444062869,1.191602372091022,1.1075044143955228,1.2006357435164714
ELM_l3,humidity,1.0,1.0,150000,1000.0,0.0,5.885312847904335,0.0827197557845906,-0.0068013672711076,0.0617246050127217,0.7952932282452647,1.2690457217272515,1.161575762314125,1.0778708227127367,1.1694974355847043
ELM_l3,humidity,1.0,1.0,150000,1000.0,1.0,5.937515800312784,0.0834534832152401,-0.0071369343905919,0.0624286995116659,0.7916456084573238,1.2835217659464528,1.1718789842168456,1.087020725452477,1.180807158538592
ELM_l3,humidity,1.0,1.0,150000,1000.0,2.0,5.874636026616317,0.0825696900068954,-0.0054737401930635,0.0614683908169604,0.7960352907861471,1.2637780083265802,1.1594684933978874,1.081291379889682,1.1681792938713833
ELM_l3,humidity,1.0,1.0,150000,1000.0,3.0,5.8883747828195245,0.0827627921558012,-0.0057170409488823,0.0617421617485054,0.7950801684200937,1.2694066847569745,1.1621800920201546,1.078079688079218,1.1698888216187824
ELM_l3,humidity,1.0,1.0,150000,1000.0,4.0,5.828984161315322,0.0819280399797173,-0.0058539215234905,0.0608141908997767,0.7991929979219642,1.2503277868810942,1.1504582501689404,1.0732324277453154,1.1580061549317833
ELM_lp,humidity,1.0,1.0,750,5.0,0.0,9.115129563891776,0.1281157537340632,-0.0040261330046095,0.1002851311669906,0.5089578254993001,2.0618425445427406,1.7990400587693127,1.5982262838912262,1.8197029624010927
ELM_lp,humidity,1.0,1.0,750,5.0,1.0,8.760429992414792,0.1231303497822711,-0.0032063671572589,0.0959480139336992,0.5464303895932703,1.9726722684688216,1.729033512681014,1.5486287795670788,1.7501115202389717
ELM_lp,humidity,1.0,1.0,750,5.0,2.0,9.545083088885187,0.1341588735316528,-0.0087510412172322,0.1041597280718249,0.4615411387235748,2.1415034937620057,1.8838993698137043,1.6821433553330165,1.9025154063029088
ELM_lp,humidity,1.0,1.0,750,5.0,3.0,9.82441232151248,0.1380849258084921,-0.0054273779374161,0.1080367553116242,0.4295648690865525,2.221214410189469,1.9390301801394805,1.7206684292188368,1.9603043398492617
ELM_lp,humidity,1.0,1.0,750,5.0,4.0,9.409755582623845,0.1322568067158059,0.0066978343877412,0.1017221076795086,0.4767011412381479,2.091386498611911,1.8571899738461533,1.6699590937222304,1.872845188726765
ELM_lp,humidity,1.0,1.0,1500,10.0,0.0,7.72734494416524,0.1086100438776589,-0.0044136722277606,0.0832243638203832,0.6470983404887083,1.7110765282007354,1.525134997263418,1.3854553489579045,1.5405556248073526
ELM_lp,humidity,1.0,1.0,1500,10.0,1.0,8.193897961647185,0.1151675800127877,-0.0056045853410023,0.0885274600416993,0.6031976781193117,1.8201071420083417,1.6172178976880778,1.4606960662231694,1.6326737019731965
ELM_lp,humidity,1.0,1.0,1500,10.0,2.0,8.689799155296225,0.1221376131600557,-0.0049383634250588,0.0947045955360029,0.5537147024430276,1.9471078311170031,1.7150932055827943,1.5339839936691837,1.7320616767896604
ELM_lp,humidity,1.0,1.0,1500,10.0,3.0,8.755482525627565,0.1230608117211742,-0.0044492642006216,0.0958009871525399,0.5469425532491698,1.969649426806715,1.7280570382516312,1.5445915161807258,1.747432660413024
ELM_lp,humidity,1.0,1.0,1500,10.0,4.0,8.700905889739136,0.1222937214901353,-0.0055358017698639,0.0937751304958651,0.55257314786654,1.9279982129600484,1.717285325842287,1.5471645964397005,1.7308160450806789
ELM_lp,humidity,1.0,1.0,3750,25.0,0.0,7.393353431573126,0.1039156976177854,-0.0056369700722331,0.0796206736111242,0.6769453196851087,1.6369853672844688,1.4592155710796804,1.3236243871467757,1.4732751085036415
ELM_lp,humidity,1.0,1.0,3750,25.0,1.0,7.4347383925465,0.1044973750839359,-0.0048494062948136,0.0794759501917284,0.6733185421353771,1.6340098822865483,1.4673836615165556,1.3365920290885205,1.479328524297208
ELM_lp,humidity,1.0,1.0,3750,25.0,2.0,7.222272849938473,0.1015111110991021,-0.0051041454824698,0.0772336199390084,0.6917231695390118,1.587908013942029,1.4254496418648592,1.2978952661997285,1.4370843073355388
ELM_lp,humidity,1.0,1.0,3750,25.0,3.0,7.567119531801495,0.1063580298685933,-0.0032182077848334,0.0815060083761421,0.661581348637674,1.6757474787159894,1.4935115372506196,1.3523285069623754,1.507195840976328
ELM_lp,humidity,1.0,1.0,3750,25.0,4.0,7.546729225650556,0.1060714382822549,-0.0053862294322983,0.0808121823901944,0.6634026923906189,1.661482553101501,1.4894871317477705,1.3588388825099824,1.5032695224530848
ELM_lp,humidity,1.0,1.0,7500,50.0,0.0,6.945924043212898,0.0976269495609703,-0.0043712006997766,0.0742081871699324,0.7148632720817409,1.5257057121018145,1.3709070739279376,1.252634239722832,1.383082341917528
ELM_lp,humidity,1.0,1.0,7500,50.0,1.0,6.681074081276085,0.0939044075760064,-0.0059007081817464,0.070931724099866,0.7361933878695008,1.4583422767163954,1.318634016507521,1.2139876085334895,1.330321300585802
ELM_lp,humidity,1.0,1.0,7500,50.0,2.0,6.715185472423374,0.0943838529373828,-0.004657560459118,0.0716380971757705,0.7334926894717066,1.472865168029109,1.3253665328918651,1.2157500122336813,1.3379939043848852
ELM_lp,humidity,1.0,1.0,7500,50.0,3.0,7.112930298310332,0.0999742702545641,-0.0052843511589446,0.0760080074413053,0.7009869052888638,1.5627096623870051,1.4038688591531885,1.284008648539651,1.4168623900266146
ELM_lp,humidity,1.0,1.0,7500,50.0,4.0,6.808993413946847,0.0957023503926608,-0.0051986541875047,0.072026184178604,0.7259947209176013,1.4808441603693956,1.3438812718704476,1.235514934153118,1.3534134554643202
ELM_lp,humidity,1.0,1.0,15000,100.0,0.0,6.171600531121165,0.0867436110751832,-0.0042468169431956,0.064950564897601,0.7748931465419285,1.3353708215723792,1.2180799520603245,1.1294584889669843,1.2276364208665629
ELM_lp,humidity,1.0,1.0,15000,100.0,1.0,6.42653178114829,0.090326742726649,-0.0044452019391885,0.0676462207179843,0.7559120043455893,1.39079297430064,1.2683953675260282,1.177704527416563,1.2789642897477436
ELM_lp,humidity,1.0,1.0,15000,100.0,2.0,6.358022692192281,0.0893638278818615,-0.0053107188655392,0.0669754519715715,0.761088393185161,1.3770021009896147,1.2548738268218909,1.161208361302432,1.264361429704646
ELM_lp,humidity,1.0,1.0,15000,100.0,3.0,6.372237231130444,0.089563617293222,-0.0058569215338688,0.0675526836218233,0.7600189366207963,1.38886987002672,1.2576793300006928,1.1622186763844522,1.2695892921372882
ELM_lp,humidity,1.0,1.0,15000,100.0,4.0,6.319326439070374,0.0888199409737657,-0.0050115758912787,0.0663970911004487,0.7639876752437973,1.3651111153938111,1.2472364028003649,1.15786188303267,1.2567364670756154
ELM_lp,humidity,1.0,1.0,37500,250.0,0.0,5.914708629710287,0.0831329219076033,-0.0045099092223411,0.0616616942452368,0.7932431949489411,1.267752288738725,1.1673775656408971,1.090444379673568,1.1751914113510633
ELM_lp,humidity,1.0,1.0,37500,250.0,1.0,5.9277984373841015,0.0833169028992732,-0.003357236598108,0.061774788362191,0.7923270377044598,1.2700774815081817,1.1699610822219522,1.0930289647334357,1.1776891761545232
ELM_lp,humidity,1.0,1.0,37500,250.0,2.0,5.967498825781709,0.0838749032159383,-0.0041897425433869,0.0622348468726827,0.7895360163646579,1.2795361938703502,1.1777966909837767,1.0997297657242924,1.1856875501928064
ELM_lp,humidity,1.0,1.0,37500,250.0,3.0,5.969672189862197,0.0839054504698592,-0.0041344080816861,0.0623800208235187,0.7893826864115533,1.2825209417059438,1.178225644737608,1.1013121842780649,1.1873529235738722
ELM_lp,humidity,1.0,1.0,37500,250.0,4.0,6.004025664753301,0.0843882983875117,-0.0028372290817043,0.0627102668124896,0.7869516466067166,1.2893107341936365,1.185005940843529,1.1051075310999885,1.193141402045718
ELM_lp,humidity,1.0,1.0,75000,500.0,0.0,5.7727598214822375,0.0811377907983507,-0.0037953495935087,0.059997269659494,0.803048143161271,1.2335320470824325,1.1393613327934302,1.0673074377467051,1.1467336058741893
ELM_lp,humidity,1.0,1.0,75000,500.0,1.0,5.762639467093203,0.0809955463221182,-0.0037141763025838,0.0597882661394761,0.8037380992546526,1.2292349758763867,1.1373638929515504,1.0684181676552094,1.1450056788277154
ELM_lp,humidity,1.0,1.0,75000,500.0,2.0,5.724682634363178,0.0804620521791684,-0.0036772632090688,0.0592651031649481,0.8063150247760488,1.2184788481627455,1.1298724072730773,1.0626469072498603,1.1369993875618942
ELM_lp,humidity,1.0,1.0,75000,500.0,3.0,5.783425660082516,0.0812877022112278,-0.004300549153122,0.0601455066990438,0.8023196883546642,1.2365797714186733,1.1414664340723282,1.0709409350156105,1.1496623801688706
ELM_lp,humidity,1.0,1.0,75000,500.0,4.0,5.819970741577703,0.0818013537866893,-0.0046302190055911,0.0603927591438268,0.799813537751035,1.2416632329843462,1.1486792844328182,1.0771874987589365,1.155843338725367
ELM_lp,humidity,1.0,1.0,150000,1000.0,0.0,5.627070898273314,0.0790900913030463,-0.0023983599572417,0.0580417593827859,0.8128637699626633,1.193327140952394,1.110606918812296,1.047198424995364,1.1170441615866846
ELM_lp,humidity,1.0,1.0,150000,1000.0,1.0,5.618829003524464,0.0789742491144582,-0.0028275356529557,0.0579188594262662,0.8134115603156591,1.190800342052836,1.1089802278575038,1.0475284105716092,1.1157696601606495
ELM_lp,humidity,1.0,1.0,150000,1000.0,2.0,5.646128282093503,0.0793579482846952,-0.0029476228517109,0.058333272267715,0.8115940628184817,1.1993205884498943,1.1143682473449892,1.0498918798127574,1.1211935718692136
ELM_lp,humidity,1.0,1.0,150000,1000.0,3.0,5.691739080709937,0.0799990211078732,-0.0031776826687377,0.0589880533938011,0.808537789777833,1.2127827594359375,1.1233703853012589,1.0577814070544167,1.131311517263871
ELM_lp,humidity,1.0,1.0,150000,1000.0,4.0,5.5757576336194825,0.0783688686883154,-0.0024656144874504,0.0571645233132964,0.8162611993338729,1.1752913401449048,1.100479293306657,1.041681612676011,1.1058174153758575
ELM_m_estimator,humidity,1.0,1.0,750,5.0,0.0,9.09402064622994,0.1278190618573542,-0.0009970070826588,0.0998757993553194,0.5112295138257633,2.053426763117145,1.7948738219424287,1.597691328873287,1.8153306379776204
ELM_m_estimator,humidity,1.0,1.0,750,5.0,1.0,8.744378341034418,0.1229047392299626,0.0001265376117802,0.0954982173019838,0.5480910092743845,1.963424538313106,1.725865421252332,1.550746057944021,1.7466786725031531
ELM_m_estimator,humidity,1.0,1.0,750,5.0,2.0,9.53928421419155,0.1340773686888551,-0.0065729933496471,0.103978263615267,0.4621951942096481,2.13777262027658,1.88275485422602,1.682344606119085,1.9009573602072285
ELM_m_estimator,humidity,1.0,1.0,750,5.0,3.0,9.811226468013183,0.1378995948652676,-0.0022300260552652,0.1077433563648931,0.4310950626913364,2.215182185632801,1.9364277071314973,1.720706398204661,1.95743876365632
ELM_m_estimator,humidity,1.0,1.0,750,5.0,4.0,9.412894848416531,0.132300929994623,0.0103145237913209,0.1015120900294429,0.4763519189396664,2.0870685770918262,1.8578095662366487,1.673889703505012,1.8729226156111625
ELM_m_estimator,humidity,1.0,1.0,1500,10.0,0.0,7.709360774863858,0.1083572712331038,-0.0015431212953269,0.0828057567058387,0.6487390742296437,1.702470048374938,1.521585487542235,1.3853316330848486,1.5364623896673404
ELM_m_estimator,humidity,1.0,1.0,1500,10.0,1.0,8.178079952059012,0.1149452533627103,-0.0021737332518332,0.0880044794406922,0.6047282230614329,1.809354763858371,1.6140959198050808,1.463145531032308,1.6288654048985869
ELM_m_estimator,humidity,1.0,1.0,1500,10.0,2.0,8.673906377585196,0.1219142356226215,-0.0025293463543027,0.0944079426565001,0.5553456324495922,1.9410087063434465,1.7119564708225423,1.5333444893535233,1.7287698888398373
ELM_m_estimator,humidity,1.0,1.0,1500,10.0,3.0,8.738964126577997,0.1228286408968451,-0.0018585061428673,0.0955133104527661,0.5486504486374837,1.9637348505204304,1.724796825504395,1.5435493904168238,1.7440270221472165
ELM_m_estimator,humidity,1.0,1.0,1500,10.0,4.0,8.68378039986268,0.1220530178305539,-0.0025985568206078,0.093455410368242,0.5543327033404899,1.9214248301084849,1.7139052924485942,1.546388473047973,1.7272395318683504
ELM_m_estimator,humidity,1.0,1.0,3750,25.0,0.0,7.380427530897965,0.103734020385873,-0.0029348848520867,0.0792373849860832,0.6780739340463209,1.6291050286465034,1.456664404588048,1.3247810921234535,1.4701835084526682
ELM_m_estimator,humidity,1.0,1.0,3750,25.0,1.0,7.414148413340965,0.1042079770356914,-0.0019881042211743,0.0790215832768952,0.6751254787014462,1.6246681880100986,1.4633198468290805,1.3367724550608646,1.4749201633000144
ELM_m_estimator,humidity,1.0,1.0,3750,25.0,2.0,7.207923700895167,0.1013094297042036,-0.0026467062397807,0.0768785227472878,0.6929469161303881,1.580607285620519,1.4226175708825202,1.2986588516605868,1.4339612360545422
ELM_m_estimator,humidity,1.0,1.0,3750,25.0,3.0,7.560241223240431,0.1062613532739778,-0.0004140599588792,0.0811911307316017,0.6621962959678768,1.669273656362825,1.4921539753475008,1.3541897278972064,1.505205786535844
ELM_m_estimator,humidity,1.0,1.0,3750,25.0,4.0,7.52899393329466,0.1058221636743689,-0.0021552116722199,0.080401014324445,0.6649828834769439,1.6530290186537286,1.4859867425126423,1.3588659442099438,1.499293901792105
ELM_m_estimator,humidity,1.0,1.0,7500,50.0,0.0,6.940485266223674,0.0975505059944273,-0.0020207033771006,0.073948971535077,0.7153096311019214,1.5203762897045343,1.3698336303081031,1.2545046215317903,1.3815715138481426
ELM_m_estimator,humidity,1.0,1.0,7500,50.0,1.0,6.662998010432016,0.0936503432289771,-0.003249303317336,0.0705159956526314,0.7376189479199817,1.449794981723504,1.3150663683105657,1.2136621420897924,1.3261744973746208
ELM_m_estimator,humidity,1.0,1.0,7500,50.0,2.0,6.699638616915557,0.0941653374354783,-0.0022545887961069,0.0712741624121929,0.7347252851659347,1.465382740970875,1.3222980723011064,1.2156752221780056,1.3344520118166625
ELM_m_estimator,humidity,1.0,1.0,7500,50.0,3.0,6.951067387932004,0.0976992407424378,-0.0028957533714003,0.0741599753694056,0.7144408374408364,1.5247144869788236,1.371922208504015,1.2572468516836974,1.384627849055512
ELM_m_estimator,humidity,1.0,1.0,7500,50.0,4.0,6.792403963654205,0.0954691809227835,-0.0029285330348862,0.0716851340006381,0.7273282688383531,1.4738322358839706,1.340607035841192,1.2353288777915346,1.3499227165055656
ELM_m_estimator,humidity,1.0,1.0,15000,100.0,0.0,6.165145404582479,0.0866528824249588,-0.0020418884262455,0.0646909531109272,0.7753637969970236,1.3300332543717384,1.2168059129864837,1.1306117669275797,1.2258169780952672
ELM_m_estimator,humidity,1.0,1.0,15000,100.0,1.0,6.419311653479813,0.090225261766689,-0.0022333565655258,0.0673375220919417,0.7564601558412593,1.384446191350765,1.2669703412755542,1.1792732194261173,1.2768965840174789
ELM_m_estimator,humidity,1.0,1.0,15000,100.0,2.0,6.346965089164788,0.0892084101078815,-0.0032695593232462,0.0666885654330929,0.7619186803956274,1.3711037702639282,1.2526914035594467,1.1614904774921786,1.2617618837718512
ELM_m_estimator,humidity,1.0,1.0,15000,100.0,3.0,6.361413637085147,0.0894114885824335,-0.0033443900132678,0.0672112409688705,0.76083348622164,1.3818498763328666,1.2555430927556972,1.1628903843267395,1.2667611178051013
ELM_m_estimator,humidity,1.0,1.0,15000,100.0,4.0,6.298174849049287,0.0885226493248395,-0.0024990252163582,0.0659337912842519,0.7655649577251976,1.3555857624247585,1.243061743791091,1.1572989459136007,1.2519821507098168
ELM_m_estimator,humidity,1.0,1.0,37500,250.0,0.0,5.93629244711021,0.0834362886359934,-0.0018220455654396,0.0618053984566244,0.7917314574090176,1.270706819020742,1.17163753274849,1.093983903737072,1.178776085168768
ELM_m_estimator,humidity,1.0,1.0,37500,250.0,1.0,5.918666758502193,0.0831885545401399,-0.0017084748687323,0.0615322541382018,0.7929663786452924,1.2650910256327257,1.1681587758480034,1.0931843275875257,1.1754780430227514
ELM_m_estimator,humidity,1.0,1.0,37500,250.0,2.0,5.959166289748054,0.083757787038161,-0.0023159025663436,0.0619531439842284,0.7901233560245624,1.2737444379681857,1.1761521102885042,1.1005860616236425,1.183494203293444
ELM_m_estimator,humidity,1.0,1.0,37500,250.0,3.0,5.958199848998707,0.0837442034369435,-0.0020196068254992,0.0620623820201962,0.7901914249065984,1.2759903504720604,1.1759613652628509,1.1015098976659805,1.184487204466964
ELM_m_estimator,humidity,1.0,1.0,37500,250.0,4.0,5.994047818266368,0.0842480569006128,-0.0009020256274648,0.0624589717496002,0.7876591710320947,1.2841441571959342,1.183036627582053,1.1050275890889978,1.1907361246223285
ELM_m_estimator,humidity,1.0,1.0,75000,500.0,0.0,5.7676822522190525,0.0810664241097337,-0.0023866152623676,0.0597717241072684,0.8033944582418915,1.2288948749523303,1.1383591802248223,1.068510714394004,1.1452549231903857
ELM_m_estimator,humidity,1.0,1.0,75000,500.0,1.0,5.7517165958122165,0.0808420222413803,-0.0019823846242097,0.0594901165878344,0.8044814085655861,1.2231050798184402,1.1352080615008249,1.068343383041565,1.14221884145361
ELM_m_estimator,humidity,1.0,1.0,75000,500.0,2.0,5.720042520476984,0.080396834051025,-0.0021068402525846,0.0590519322186592,0.806628878372394,1.2140960954933888,1.1289565946452915,1.0636554903589936,1.1355693934992248
ELM_m_estimator,humidity,1.0,1.0,75000,500.0,3.0,5.770959981783625,0.0811124935364773,-0.0025520454246469,0.0597872133407198,0.8031709359055339,1.229213330541317,1.139006101011537,1.0714131653154062,1.146544198956087
ELM_m_estimator,humidity,1.0,1.0,75000,500.0,4.0,5.797638301568815,0.0814874649533595,-0.0032894324072645,0.0599999346991962,0.8013469044791921,1.2335868397737997,1.1442715627537752,1.0751092536038327,1.150989218710469
ELM_m_estimator,humidity,1.0,1.0,150000,1000.0,0.0,5.600212870757022,0.0787125940425915,-0.0012462393642684,0.0576059138489194,0.814645910364531,1.184366242620631,1.1053059884127163,1.0441487843862984,1.1112736718065486
ELM_m_estimator,humidity,1.0,1.0,150000,1000.0,1.0,5.610126052646263,0.0788519266500702,-0.0015933395091304,0.0577105308014499,0.8139891228026348,1.1865171465592097,1.1072625389152195,1.0475944383873723,1.1137913746206003
ELM_m_estimator,humidity,1.0,1.0,150000,1000.0,2.0,5.636074472703213,0.0792166391174577,-0.0019513614380658,0.0580697526169807,0.8122644375706567,1.1939026763338667,1.1123839413941432,1.049720047514474,1.1186688884141611
ELM_m_estimator,humidity,1.0,1.0,150000,1000.0,3.0,5.626738321815446,0.0790854168457854,-0.0020656179769378,0.0580080569769355,0.8128858899133273,1.1926342261261669,1.110541278673435,1.0455420216516282,1.1162391754837433
ELM_m_estimator,humidity,1.0,1.0,150000,1000.0,4.0,5.565742587419609,0.0782281043488088,-0.0012158908108648,0.0568253769278472,0.8169206612683951,1.1683185572586494,1.0985026379911504,1.0425268005735924,1.1031159986077974
ELM_mae,humidity,1.0,1.0,750,5.0,0.0,9.10760782852828,0.1280100335916639,-0.0027205112446858,0.1001080845261148,0.5097678996388815,2.0582025004776003,1.7975555046403184,1.5982316649188295,1.817996556678916
ELM_mae,humidity,1.0,1.0,750,5.0,1.0,8.753402436879652,0.1230315754787374,-0.0012574068535956,0.0957231955199998,0.5471577984395553,1.9680500461636012,1.7276464941165135,1.549772367083482,1.748489635787866
ELM_mae,humidity,1.0,1.0,750,5.0,2.0,9.546376076805483,0.1341770468467786,-0.0074340263466806,0.1040433651364175,0.4613952483311795,2.139111094728979,1.8841545649865008,1.6833905714764237,1.9022187437306344
ELM_mae,humidity,1.0,1.0,750,5.0,3.0,9.81724140479482,0.1379841365225245,-0.0043757342270629,0.1079029269145898,0.4303972954593303,2.2184629247054053,1.9376148665838429,1.720237037100763,1.9587716094633367
ELM_mae,humidity,1.0,1.0,750,5.0,4.0,9.41327477501274,0.1323062699716245,0.0081944246005213,0.1016504616028521,0.476309646747901,2.089913469387329,1.8578845518044549,1.6719057744937766,1.8732345985618533
ELM_mae,humidity,1.0,1.0,1500,10.0,0.0,7.720194419274255,0.108509541204649,-0.0032208614271473,0.0830335048176556,0.6477511558050678,1.7071525046964182,1.523723708413387,1.3855404374126143,1.5388055501741398
ELM_mae,humidity,1.0,1.0,1500,10.0,1.0,8.187983932225166,0.1150844566373385,-0.004466685435579,0.0883279445033412,0.6037702636554656,1.8160051418364611,1.6160506541766857,1.461496504116979,1.631184100043375
ELM_mae,humidity,1.0,1.0,1500,10.0,2.0,8.68357766826763,0.1220501683799867,-0.0039812816485538,0.0945689536331337,0.5543535122009373,1.944319060310165,1.7138652796042215,1.5337057664850515,1.7306300354664794
ELM_mae,humidity,1.0,1.0,1500,10.0,3.0,8.749270614363764,0.1229735015312189,-0.003503499886001,0.0956706775418854,0.54758520298856,1.9669702868775576,1.7268310022280329,1.544329403124359,1.7460435640766498
ELM_mae,humidity,1.0,1.0,1500,10.0,4.0,8.696385328733975,0.1222301837119372,-0.0043341207437023,0.093638424239098,0.5530379488836318,1.9251875592467065,1.7163931091952949,1.54743212504774,1.7296709311632472
ELM_mae,humidity,1.0,1.0,3750,25.0,0.0,7.390453874162119,0.10387494350885,-0.0043903480606523,0.0794667494279888,0.6771986639675223,1.6338207163962537,1.4586432895889414,1.3246216784576312,1.4723618948142754
ELM_mae,humidity,1.0,1.0,3750,25.0,1.0,7.429294164767517,0.1044208549049834,-0.0037106951183206,0.0793201329344863,0.6737968043131262,1.6308063101675605,1.466309142082158,1.3369064059722435,1.4780072860739877
ELM_mae,humidity,1.0,1.0,3750,25.0,2.0,7.215901066220186,0.1014215538560616,-0.0039255784315272,0.0770697156236014,0.6922668783821531,1.5845381735000057,1.4241920520440383,1.298167976129862,1.4356327338913022
ELM_mae,humidity,1.0,1.0,3750,25.0,3.0,7.563879080465301,0.1063124843980144,-0.0021418610058897,0.081381906311754,0.6618711271624657,1.673195964715425,1.4928719740144152,1.352936076602344,1.5063346717773949
ELM_mae,humidity,1.0,1.0,3750,25.0,4.0,7.540318969103942,0.1059813402926058,-0.0040376096883688,0.0806402096935338,0.6639742668187769,1.6579468283300578,1.4882219485999597,1.3590349907337913,1.5017345892212697
ELM_mae,humidity,1.0,1.0,7500,50.0,0.0,6.942855976346181,0.0975838270034268,-0.0033707859222948,0.0740795403256369,0.7151151105225313,1.5230607583214997,1.370301533967423,1.253296582560847,1.3822196249499232
ELM_mae,humidity,1.0,1.0,7500,50.0,1.0,6.674694620252225,0.0938147424262398,-0.0049883082098435,0.0707850215191186,0.7366969417876899,1.4553261005509015,1.317374911427902,1.2138641781187325,1.3288550633658451
ELM_mae,humidity,1.0,1.0,7500,50.0,2.0,6.710395663015334,0.094316530795854,-0.0035501373764788,0.0714543076629486,0.7338727427019629,1.46908649184484,1.3244211750734671,1.2165321854639457,1.3366799507940843
ELM_mae,humidity,1.0,1.0,7500,50.0,3.0,7.106593638063152,0.0998852066819583,-0.0042222305181562,0.0758255562009345,0.7015194285473625,1.5589585008207438,1.402618201601523,1.284310327219122,1.4152956765471298
ELM_mae,humidity,1.0,1.0,7500,50.0,4.0,6.802071926732376,0.0956050669097188,-0.0040753505508594,0.0718608388547603,0.7265515022190465,1.4774446930777354,1.3425151878583872,1.2356274062748425,1.3518624290703218
ELM_mae,humidity,1.0,1.0,15000,100.0,0.0,6.165617878157152,0.086659523176219,-0.0031450132435587,0.064766372754427,0.7753293651289168,1.331583867387374,1.216899164418796,1.1297322515535904,1.22607176111992
ELM_mae,humidity,1.0,1.0,15000,100.0,1.0,6.420819286980496,0.0902464519868544,-0.0034377837368739,0.0674750918639052,0.7563457473301632,1.387274598766468,1.2672679007389342,1.17788469230639,1.2774757306039308
ELM_mae,humidity,1.0,1.0,15000,100.0,2.0,6.3513464363236665,0.0892699911956428,-0.004243791921374,0.0668002133438255,0.7615898690870957,1.3733992293183166,1.253556143769111,1.1614688627812413,1.2628080786228897
ELM_mae,humidity,1.0,1.0,15000,100.0,3.0,6.366781646920815,0.0894869374963878,-0.0046264727263344,0.0673686684690721,0.760429679787322,1.385086554729948,1.2566025691638538,1.1627272493609275,1.2681387910849098
ELM_mae,humidity,1.0,1.0,15000,100.0,4.0,6.307796287121657,0.0886578813895081,-0.0037792046061514,0.0661280431393638,0.7648481389050401,1.3595795423058368,1.2449607132345677,1.1574803096788693,1.2540068550730912
ELM_mae,humidity,1.0,1.0,37500,250.0,0.0,5.9063950164816825,0.0830160716952645,-0.0034040373382222,0.0614553231092618,0.7938240141208173,1.2635093388301253,1.1657367197125386,1.0903851367658013,1.173210398436155
ELM_mae,humidity,1.0,1.0,37500,250.0,1.0,5.925075623401976,0.0832786329697947,-0.0028924142994266,0.0616893525173303,0.7925177746150724,1.268320937365368,1.1694236843284735,1.0932005297374272,1.1769817171437562
ELM_mae,humidity,1.0,1.0,37500,250.0,2.0,5.964219731995773,0.0838288146146732,-0.0033128679866536,0.0620979821171615,0.7897672494323872,1.2767222814538408,1.177149500942647,1.1003046770328846,1.1847254864764574
ELM_mae,humidity,1.0,1.0,37500,250.0,3.0,5.966356284476952,0.0838588444710345,-0.003028607602892,0.0622258035953148,0.7896165997989602,1.279350265868837,1.1775711892438785,1.101906619681186,1.1862760249313002
ELM_mae,humidity,1.0,1.0,37500,250.0,4.0,5.999201741143873,0.0843204967611228,-0.001824743220166,0.0625584924191179,0.787293855709657,1.2861902825595373,1.1840538499540936,1.1052565969604071,1.191833576491346
ELM_mae,humidity,1.0,1.0,75000,500.0,0.0,5.767482166683323,0.0810636118502873,-0.003008675204822,0.0598252244642671,0.8034080988139957,1.229994831754744,1.138319689629386,1.067660015636684,1.1453248456736047
ELM_mae,humidity,1.0,1.0,75000,500.0,1.0,5.754183448106348,0.0808766945561069,-0.0029875048440957,0.0596010142124691,0.8043136607609531,1.2253851131384328,1.135694940602773,1.0680205043832398,1.1430335193748151
ELM_mae,humidity,1.0,1.0,75000,500.0,2.0,5.717600800581539,0.080362514979352,-0.0031273876339833,0.0590986534273282,0.8067939321592863,1.215056674341373,1.1284746758888538,1.0625255564962717,1.1353523022421663
ELM_mae,humidity,1.0,1.0,75000,500.0,3.0,5.773290001772648,0.0811452426340097,-0.0034301451853559,0.0599122951363046,0.8030119646986493,1.2317849876223177,1.139465973717526,1.0705251620487708,1.1472587077962049
ELM_mae,humidity,1.0,1.0,75000,500.0,4.0,5.809540462947799,0.0816547532365863,-0.0040868872780209,0.0602139383971681,0.8005304243690137,1.237986713653739,1.1466206752876826,1.0762022914715204,1.1536032268043142
ELM_mae,humidity,1.0,1.0,150000,1000.0,0.0,5.612259751080757,0.0788819163919888,-0.0019592018036628,0.0577967497824784,0.8138476049156852,1.188289791827386,1.107683663917347,1.0454639139485014,1.1138124565644114
ELM_mae,humidity,1.0,1.0,150000,1000.0,1.0,5.608359135038286,0.0788270921175992,-0.0023416716018359,0.057728510511613,0.8141062731604711,1.1868868058588629,1.1069138049191731,1.046708346464816,1.1135029857476173
ELM_mae,humidity,1.0,1.0,150000,1000.0,2.0,5.63526730311847,0.079205294118024,-0.0024895291362092,0.0581381513388238,0.8123182067625686,1.195308940583087,1.1122246314899893,1.0487981050072943,1.1187772256934567
ELM_mae,humidity,1.0,1.0,150000,1000.0,3.0,5.682005359535519,0.0798622108720826,-0.0027588788375118,0.0588011834760472,0.8091920875917736,1.2089407507329883,1.121449254702848,1.0570779243588908,1.1291559765982424
ELM_mae,humidity,1.0,1.0,150000,1000.0,4.0,5.563375915222479,0.0781948400940057,-0.0019808153628635,0.0569250188172924,0.8170763266274144,1.170367174880086,1.0980355312913752,1.040906753782246,1.1031031533179023
ELM_ols,humidity,1.0,1.0,750,5.0,0.0,9.129138364312942,0.1283126514317084,-0.0059016186445396,0.1005619614307432,0.5074473263273251,2.067534120240753,1.8018049556318672,1.598819458593406,1.8227195114886756
ELM_ols,humidity,1.0,1.0,750,5.0,1.0,8.77571177308751,0.123345139581534,-0.0057116573180655,0.0963013058548172,0.5448465867728793,1.9799358807823093,1.7320496558314584,1.5481382921098663,1.7533746095745446
ELM_ols,humidity,1.0,1.0,750,5.0,2.0,9.546818803468836,0.13418326949669,-0.0105506727919644,0.1043324177419259,0.461345290061782,2.145053959366167,1.8842419453135568,1.6811234079091786,1.903473104196301
ELM_ols,humidity,1.0,1.0,750,5.0,3.0,9.835476093435007,0.1382404302880567,-0.0072784947681429,0.1082469445223589,0.4282793534464613,2.225535858963118,1.9412138209478969,1.7212247208210094,1.9626581335773408
ELM_ols,humidity,1.0,1.0,750,5.0,4.0,9.409783759197516,0.1322572027456098,0.0040600601095496,0.1019167959071165,0.4766980073010772,2.0953892502255576,1.8571955350161184,1.6674583608150086,1.873347715352228
ELM_ols,humidity,1.0,1.0,1500,10.0,0.0,7.739279327074532,0.1087777850437123,-0.0060458962965108,0.0834981198514808,0.6460074312864081,1.716704898280865,1.5274904693145843,1.385779718421395,1.5433250286722815
ELM_ols,humidity,1.0,1.0,1500,10.0,1.0,8.20640719930155,0.1153434009267412,-0.0073684620780403,0.0888542206726148,0.6019851945153745,1.8268252762208943,1.619686827996432,1.460190348991964,1.635567484403097
ELM_ols,humidity,1.0,1.0,1500,10.0,2.0,8.700275745194427,0.1222848646282837,-0.0063655496869771,0.0949103780577849,0.5526379533900153,1.9513386792337293,1.7171609551165832,1.5345542449221412,1.7343512930908178
ELM_ols,humidity,1.0,1.0,1500,10.0,3.0,8.766421377551502,0.1232145604144207,-0.0059530935606229,0.0960000634675423,0.5458097717704153,1.973742396632912,1.7302160237789534,1.545346501717762,1.7497683073765424
ELM_ols,humidity,1.0,1.0,1500,10.0,4.0,8.710149136864013,0.1224236379728416,-0.0073123031431637,0.0939935366346989,0.5516220115717358,1.9324886001570012,1.719109652280458,1.5472763586829836,1.7329582037068143
ELM_ols,humidity,1.0,1.0,3750,25.0,0.0,7.401687576445915,0.1040328364082569,-0.0072201759479637,0.0798621346712926,0.6762165835235279,1.641949759123142,1.460860469309227,1.3231212122512892,1.475310480227886
ELM_ols,humidity,1.0,1.0,3750,25.0,1.0,7.454647625387042,0.1047772050472682,-0.0070553263724341,0.0798838463560298,0.67156658120413,1.642396147084985,1.4713131182695771,1.337334071588152,1.483681112314238
ELM_ols,humidity,1.0,1.0,3750,25.0,2.0,7.240394008581458,0.1017658091680442,-0.0073140810135781,0.077605271173946,0.6901742550334928,1.595549090131582,1.4290261889760694,1.2983581081525153,1.4409777957533887
ELM_ols,humidity,1.0,1.0,3750,25.0,3.0,7.573928483114725,0.1064537316272484,-0.0047142901129885,0.081704728113514,0.6609720513182764,1.679833117376335,1.4948554102131315,1.3518877052284517,1.508858744272639
ELM_ols,humidity,1.0,1.0,3750,25.0,4.0,7.558147162399949,0.1062319206497828,-0.0071409311528184,0.0810639062335875,0.6623834020458585,1.6666579457419055,1.4917406735604972,1.3591007533254056,1.5058331242092695
ELM_ols,humidity,1.0,1.0,7500,50.0,0.0,6.891421815855882,0.0968609051631277,-0.0067144603672201,0.0738840504633796,0.7193204518356119,1.51904152525735,1.3601500474238009,1.241643104744672,1.3736115591419409
ELM_ols,humidity,1.0,1.0,7500,50.0,1.0,6.69988841476746,0.0941688484157505,-0.0074774761726759,0.0712769920969248,0.734705503117059,1.4654409187316255,1.3223473745451413,1.215453753168631,1.3344140154817994
ELM_ols,humidity,1.0,1.0,7500,50.0,2.0,6.72872003025956,0.0945740850198218,-0.0059889995601281,0.0719399104294746,0.7324173078121781,1.4790703890798511,1.328037829175078,1.2160448264169246,1.3410510148906178
ELM_ols,humidity,1.0,1.0,7500,50.0,3.0,7.1277201402255495,0.1001821457138534,-0.0070111972955306,0.0763525707281892,0.6997421428926343,1.5697938156998403,1.4067879090560818,1.2843689337151056,1.4203168861570097
ELM_ols,humidity,1.0,1.0,7500,50.0,4.0,6.896269445750565,0.0969290399881379,-0.0058994507733939,0.0734203658247487,0.718925436363111,1.5095082604148458,1.3611068171887826,1.2484627695220425,1.3730259490418903
ELM_ols,humidity,1.0,1.0,15000,100.0,0.0,6.185660241446382,0.0869412243260944,-0.0055410453822308,0.0652447813014055,0.7738663327663073,1.3414198528854693,1.220854896937681,1.1302496220883438,1.230841457303831
ELM_ols,humidity,1.0,1.0,15000,100.0,1.0,6.444183102344475,0.0905748370958623,-0.0058085435602884,0.0679848850625152,0.754569322893767,1.3977558465205575,1.2718791834937064,1.1790560731181738,1.2828970343774793
ELM_ols,humidity,1.0,1.0,15000,100.0,2.0,6.374802181397524,0.0895996684030229,-0.0066054659451043,0.0672848101850885,0.7598257035839124,1.3833624449280493,1.258185570558974,1.162243500886937,1.2679305054579868
ELM_ols,humidity,1.0,1.0,15000,100.0,3.0,6.3882570600202495,0.0897887805713216,-0.0072643438480929,0.0678658184027156,0.7588107932574686,1.3953078594465542,1.2608411406700175,1.163430192545054,1.273193064220542
ELM_ols,humidity,1.0,1.0,15000,100.0,4.0,6.339890736888524,0.0891089780627634,-0.0064920309740494,0.0667879535622142,0.7624491173695251,1.373147170623086,1.2512951487892172,1.1593856248096026,1.2612759814073018
ELM_ols,humidity,1.0,1.0,37500,250.0,0.0,5.941292572285096,0.0835065668257936,-0.0060554370503754,0.0621289365721561,0.7913804614419332,1.277358698951711,1.172624400288378,1.0927950345763042,1.1809260446054644
ELM_ols,humidity,1.0,1.0,37500,250.0,1.0,5.947179848899353,0.0835893141828761,-0.0043648757808655,0.0621172147127599,0.7909668108994028,1.2771176998312737,1.173786363636443,1.0947098437290648,1.1818713023989271
ELM_ols,humidity,1.0,1.0,37500,250.0,2.0,5.986788749323806,0.084146028609905,-0.0053595234232909,0.0625892091334362,0.7881731687218602,1.2868218121559285,1.1816039155481213,1.1013187555079986,1.1899148277373497
ELM_ols,humidity,1.0,1.0,37500,250.0,3.0,5.979690944049148,0.084046266926185,-0.0055746065069484,0.0626583162718437,0.7886751454581925,1.2882426413101813,1.18020303189321,1.0983595735266451,1.1889350822433455
ELM_ols,humidity,1.0,1.0,37500,250.0,4.0,6.02155330352917,0.0846346543649236,-0.0039004043506863,0.0630224958795483,0.7857059206583826,1.2957301023154413,1.1884653457891634,1.106858824422221,1.1970180908422752
ELM_ols,humidity,1.0,1.0,75000,500.0,0.0,5.801155487607286,0.0815369000093489,-0.004871481068441,0.060481768128254,0.8011058022255524,1.2434932401728789,1.1449657447215684,1.0701902569325108,1.152883080608986
ELM_ols,humidity,1.0,1.0,75000,500.0,1.0,5.8010671406914325,0.0815356582681718,-0.0050748372860373,0.0603742683349314,0.8011118601756247,1.2412830655954237,1.1449483078174,1.072896691891611,1.1530426884348115
ELM_ols,humidity,1.0,1.0,75000,500.0,2.0,5.752278213401767,0.0808499159372725,-0.0047550380423444,0.0597294527323246,0.8044432244724873,1.2280257838092938,1.1353189071595975,1.065335829402701,1.142893506790531
ELM_ols,humidity,1.0,1.0,75000,500.0,3.0,5.817695121225482,0.081769369291615,-0.0054589867806968,0.0607185455527826,0.7999700537707146,1.2483613373852906,1.148230148505183,1.0745244145265809,1.1570386334723513
ELM_ols,humidity,1.0,1.0,75000,500.0,4.0,5.861268287973046,0.0823818026159375,-0.0057862937088871,0.0609953843141295,0.7969624783712521,1.254053087792167,1.156830121979705,1.082339671252894,1.1644076270082553
ELM_ols,humidity,1.0,1.0,150000,1000.0,0.0,5.691525438540966,0.0799960183060682,-0.0033815631551128,0.0589493122636659,0.8085521627607138,1.211986249430847,1.123328219052548,1.0557160921208533,1.1303435202014165
ELM_ols,humidity,1.0,1.0,150000,1000.0,1.0,5.676915249431111,0.0797906679183545,-0.0039248318489873,0.0587481362369481,0.8095337973198118,1.2078501099453425,1.120444626966381,1.0548208804023966,1.1277052057713732
ELM_ols,humidity,1.0,1.0,150000,1000.0,2.0,5.700697184135356,0.080124929814308,-0.0036295134323089,0.0591161256594382,0.8079346391533335,1.2154158999922082,1.125138433336118,1.0572606987661108,1.1326050106981456
ELM_ols,humidity,1.0,1.0,150000,1000.0,3.0,5.702702920744408,0.080153121016162,-0.0038542328081573,0.0592335152916514,0.8077994626009387,1.2178294077093432,1.1255343026961455,1.053257971642209,1.1322072273492327
ELM_ols,humidity,1.0,1.0,150000,1000.0,4.0,5.631599663535162,0.0791537443944192,-0.0033808561644047,0.0580224048157441,0.8125624277144519,1.192929214866108,1.1115007547216726,1.0479166241874454,1.117448864591742
ELM_ridge,humidity,1.0,1.0,750,5.0,0.0,9.12908786274524,0.1283119416177265,-0.0058997454156712,0.1005615778901803,0.5074527758259308,2.0675262347223216,1.8017949882098256,1.5988127081767562,1.8227113103696344
ELM_ridge,humidity,1.0,1.0,750,5.0,1.0,8.775638575071328,0.1233441107624756,-0.0057101743313807,0.0963003889013156,0.5448541795901509,1.9799170283989205,1.7320352088439075,1.5481326206887525,1.753361619310527
ELM_ridge,humidity,1.0,1.0,750,5.0,2.0,9.546698795589096,0.1341815827516077,-0.0105489236633228,0.1043312182518635,0.46135883224891,2.1450292980867367,1.8842182595303207,1.6811051687107417,1.903450908775933
ELM_ridge,humidity,1.0,1.0,750,5.0,3.0,9.83543096510614,0.1382397959964838,-0.0072760734754518,0.1082461991635927,0.4282845999109784,2.2255205345336906,1.9412049140343035,1.7212215952290313,1.9626490145990083
ELM_ridge,humidity,1.0,1.0,750,5.0,4.0,9.409717129549517,0.1322562662468453,0.0040615450922446,0.1019163798735155,0.4767054181630095,2.0953806966566644,1.8571823844179816,1.6674473447917395,1.8733368086221287
ELM_ridge,humidity,1.0,1.0,1500,10.0,0.0,7.739215641832605,0.1087768899294176,-0.0060441436905534,0.0834973681353157,0.6460132571543399,1.7166894431445694,1.5274778998496554,1.3857722241839716,1.5433131890593987
ELM_ridge,humidity,1.0,1.0,1500,10.0,1.0,8.20635214502835,0.1153426271231811,-0.0073671064288198,0.0888532486806969,0.6019905348163869,1.826805292258506,1.619675962013431,1.4601874799829542,1.6355562447516303
ELM_ridge,humidity,1.0,1.0,1500,10.0,2.0,8.700220187669863,0.1222840837513817,-0.0063646966946254,0.0949098880054702,0.552643666829282,1.95132860385466,1.717149989807582,1.5345460494603025,1.7343415477075146
ELM_ridge,humidity,1.0,1.0,1500,10.0,3.0,8.766358086745292,0.1232136708440327,-0.0059505591772946,0.0959989221483633,0.545816329968045,1.9737189313353865,1.7302035321632363,1.5453418247393165,1.7497547627459795
ELM_ridge,humidity,1.0,1.0,1500,10.0,4.0,8.710104834769128,0.1224230152942238,-0.0073127345919861,0.0939934248544767,0.5516265726953995,1.932486301977648,1.7191009084394815,1.5472678675774894,1.732951692664873
ELM_ridge,humidity,1.0,1.0,3750,25.0,0.0,7.401530274265571,0.1040306254811102,-0.00722815927053,0.0798635225012665,0.6762303456002537,1.641978292634058,1.4608294228033287,1.3230456008936748,1.4752844387770203
ELM_ridge,humidity,1.0,1.0,3750,25.0,1.0,7.45277257298937,0.1047508506493921,-0.0070273007251331,0.0798638043296939,0.671731780808756,1.6419840869710165,1.4709430418650613,1.3370697723487928,1.4833323003949568
ELM_ridge,humidity,1.0,1.0,3750,25.0,2.0,7.240167403044929,0.1017626241623995,-0.0073272748637231,0.0776038225803849,0.6901936482130402,1.595519307333283,1.428981464166082,1.2983652873718037,1.4409553529570562
ELM_ridge,humidity,1.0,1.0,3750,25.0,3.0,7.573811741943137,0.1064520907966837,-0.0047118845890425,0.0817058647751346,0.6609825024903453,1.679856486915377,1.494832369175402,1.3518678498001575,1.5088522352969786
ELM_ridge,humidity,1.0,1.0,3750,25.0,4.0,7.5580824421898,0.1062310109887136,-0.007141864372061,0.081063206189275,0.6623891840247342,1.6666435529687234,1.4917278998253731,1.35909122821274,1.5058208936689457
ELM_ridge,humidity,1.0,1.0,7500,50.0,0.0,6.890397754741654,0.0968465116911973,-0.0067255276391639,0.0738785656154346,0.7194038632599387,1.5189287578639024,1.359947929949309,1.2414386528326553,1.3734384468819554
ELM_ridge,humidity,1.0,1.0,7500,50.0,1.0,6.697387278489253,0.0941336942298195,-0.0074923874472285,0.0712452190722515,0.7349035403967326,1.4647876716023849,1.3218537288623895,1.215150010958334,1.3339304704743695
ELM_ridge,humidity,1.0,1.0,7500,50.0,2.0,6.726775860009147,0.0945467591507518,-0.0060154941896726,0.0719164095319964,0.7325719140823906,1.4785872152564574,1.327654111079022,1.2158484623839714,1.340696596239817
ELM_ridge,humidity,1.0,1.0,7500,50.0,3.0,7.125167092568339,0.1001462618986394,-0.0070183067477804,0.0763211761628559,0.6999572005312287,1.569148349620089,1.4062840176988527,1.283980825310789,1.4198043975432435
ELM_ridge,humidity,1.0,1.0,7500,50.0,4.0,6.826783421525079,0.0959523940386501,-0.0071381113081135,0.0723741416935846,0.7245610511738652,1.4879980983433692,1.347392460170593,1.236350821211033,1.3572471265749986
ELM_ridge,humidity,1.0,1.0,15000,100.0,0.0,6.183006593142635,0.0869039265400129,-0.0055848911782554,0.0652082930226892,0.7740603138393247,1.3406696610618258,1.2203311501750194,1.1298960932729214,1.230298968169922
ELM_ridge,humidity,1.0,1.0,15000,100.0,1.0,6.439688684352316,0.0905116667651911,-0.0058270465491393,0.0679374664295834,0.7549115488587123,1.396780928767097,1.2709921266557238,1.1782896149862974,1.2820208901363723
ELM_ridge,humidity,1.0,1.0,15000,100.0,2.0,6.37059601868727,0.0895405495828048,-0.0066222124462177,0.0672360503323255,0.7601425381668248,1.3823599519590273,1.257355406252871,1.1616421581615024,1.2671191721244668
ELM_ridge,humidity,1.0,1.0,15000,100.0,3.0,6.385073949142166,0.0897440410372857,-0.0072704737326815,0.0678274186900484,0.7590510906373308,1.3945183689173604,1.2602128946378537,1.1629242070381551,1.272551823531123
ELM_ridge,humidity,1.0,1.0,15000,100.0,4.0,6.336896147991171,0.0890668882591003,-0.0065093071303038,0.0667520797277686,0.7626734743060471,1.372409611652626,1.2507041110702113,1.1590054690632192,1.2607063972620187
ELM_ridge,humidity,1.0,1.0,37500,250.0,0.0,5.934315039660006,0.0834084956085716,-0.0060890140147753,0.0620464903200439,0.791870184798163,1.275663620246973,1.1712472546739447,1.0917454435670049,1.1795521061626408
ELM_ridge,humidity,1.0,1.0,37500,250.0,1.0,5.939229376203947,0.083477568014621,-0.0044091246627735,0.0620198511352438,0.7915253283287238,1.2751159238543626,1.1722171902346905,1.09353057082132,1.1802878949701243
ELM_ridge,humidity,1.0,1.0,37500,250.0,2.0,5.979708809604221,0.0840465180316726,-0.0053653857880491,0.0625071553535677,0.7886738827034775,1.2851348026032183,1.1802065579922107,1.1002464314502474,1.1885292640152254
ELM_ridge,humidity,1.0,1.0,37500,250.0,3.0,5.973526238267054,0.0839596202227799,-0.0056021147173082,0.0625797400915455,0.7891106475713031,1.286627130519686,1.178986312747884,1.0974768995730733,1.187696780946881
ELM_ridge,humidity,1.0,1.0,37500,250.0,4.0,6.01452065841815,0.0845358085259449,-0.0039443938629004,0.0629388955820173,0.7862061816641526,1.294011296664195,1.187077322702366,1.105813057234669,1.1956338922004102
ELM_ridge,humidity,1.0,1.0,75000,500.0,0.0,5.787662224988436,0.0813472483430036,-0.0049147418407132,0.0603239746114031,0.802029966565507,1.2402490365455792,1.1423025988162192,1.0681209402192855,1.1502241918603613
ELM_ridge,humidity,1.0,1.0,75000,500.0,1.0,5.786869914308949,0.0813361121897342,-0.0050814225623474,0.0602034509179068,0.8020841656632586,1.2377710931457495,1.142146221592901,1.0706402104303403,1.150185841722997
ELM_ridge,humidity,1.0,1.0,75000,500.0,2.0,5.739288176342103,0.0806673372501275,-0.0047620153467542,0.059570922180247,0.8053254563022225,1.224766426882901,1.1327550821616723,1.0634116196670689,1.1403110429038807
ELM_ridge,humidity,1.0,1.0,75000,500.0,3.0,5.804103870025764,0.0815783403677324,-0.0054818803515486,0.0605442465802539,0.8009035786591123,1.2447777848401833,1.1455476627340588,1.0725306538072166,1.1542853671271531
ELM_ridge,humidity,1.0,1.0,75000,500.0,4.0,5.845598034236704,0.0821615527166285,-0.0058255127891782,0.0608001724873574,0.7980466793374414,1.2500395710828334,1.1537373064574292,1.0801119220371047,1.161296266525789
ELM_ridge,humidity,1.0,1.0,150000,1000.0,0.0,5.661983066466458,0.0795807918148935,-0.003433463045452,0.0585887760171553,0.8105344589915529,1.2045736952141368,1.117497483414555,1.051235795167889,1.1244356579321937
ELM_ridge,humidity,1.0,1.0,150000,1000.0,1.0,5.647614260105791,0.0793788341307759,-0.0039603254471104,0.0583878477068203,0.8114948784189577,1.20044264872867,1.1146615326956602,1.0503081957950198,1.1218041257397833
ELM_ridge,humidity,1.0,1.0,150000,1000.0,2.0,5.673098794465421,0.0797370265519763,-0.0037070994878333,0.0587883613707785,0.8097898030244572,1.2086771307741162,1.1196913787193168,1.0529804715559552,1.1271163270164628
ELM_ridge,humidity,1.0,1.0,150000,1000.0,3.0,5.67267332009284,0.0797310463879473,-0.0038989472573197,0.0588525240003755,0.8098183329451751,1.2099963018011004,1.1196074034521648,1.0488262629991894,1.1261433227508182
ELM_ridge,humidity,1.0,1.0,150000,1000.0,4.0,5.604753036682064,0.0787764073735472,-0.0034199273138339,0.0576874671667133,0.8143452505630809,1.1860429627716589,1.1062020744546492,1.0439106304289614,1.112051889218423
ELM_robust_risk,humidity,1.0,1.0,750,5.0,0.0,9.12913836431294,0.1283126514317083,-0.0059016186445398,0.1005619614307432,0.5074473263273251,2.067534120240753,1.8018049556318667,1.598819458593406,1.8227195114886756
ELM_robust_risk,humidity,1.0,1.0,750,5.0,1.0,8.775711773087504,0.1233451395815339,-0.0057116573180654,0.0963013058548171,0.5448465867728799,1.979935880782308,1.7320496558314575,1.548138292109866,1.7533746095745435
ELM_robust_risk,humidity,1.0,1.0,750,5.0,2.0,9.546818803468836,0.13418326949669,-0.0105506727919644,0.1043324177419258,0.4613452900617821,2.145053959366166,1.8842419453135568,1.6811234079091786,1.9034731041963004
ELM_robust_risk,humidity,1.0,1.0,750,5.0,3.0,9.835476093435007,0.1382404302880567,-0.0072784947681431,0.108246944522359,0.4282793534464613,2.2255358589631182,1.9412138209478969,1.7212247208210092,1.9626581335773412
ELM_robust_risk,humidity,1.0,1.0,750,5.0,4.0,9.409783759197522,0.1322572027456099,0.0040600601095496,0.1019167959071165,0.4766980073010768,2.095389250225559,1.8571955350161196,1.6674583608150093,1.873347715352229
ELM_robust_risk,humidity,1.0,1.0,1500,10.0,0.0,7.739279327074533,0.1087777850437123,-0.0060458962965108,0.0834981198514808,0.6460074312864081,1.7167048982808657,1.5274904693145843,1.3857797184213954,1.5433250286722815
ELM_robust_risk,humidity,1.0,1.0,1500,10.0,1.0,8.20640719930155,0.1153434009267412,-0.0073684620780403,0.0888542206726148,0.6019851945153745,1.8268252762208943,1.619686827996432,1.460190348991964,1.635567484403097
ELM_robust_risk,humidity,1.0,1.0,1500,10.0,2.0,8.700275745194428,0.1222848646282837,-0.0063655496869771,0.094910378057785,0.5526379533900152,1.95133867923373,1.7171609551165836,1.5345542449221412,1.7343512930908185
ELM_robust_risk,humidity,1.0,1.0,1500,10.0,3.0,8.766421377551502,0.1232145604144207,-0.005953093560623,0.0960000634675423,0.5458097717704153,1.973742396632912,1.7302160237789534,1.545346501717762,1.7497683073765424
ELM_robust_risk,humidity,1.0,1.0,1500,10.0,4.0,8.710149136864013,0.1224236379728416,-0.0073123031431636,0.0939935366346989,0.5516220115717358,1.9324886001570012,1.719109652280458,1.5472763586829836,1.7329582037068143
ELM_robust_risk,humidity,1.0,1.0,3750,25.0,0.0,7.401547808697918,0.1040308719325732,-0.0072521431081709,0.0798728964205813,0.676228811559693,1.6421710185688745,1.4608328835491118,1.3229033425850183,1.4753024149010014
ELM_robust_risk,humidity,1.0,1.0,3750,25.0,1.0,7.448201470209348,0.1046866024920891,-0.0069456816702496,0.0798147578844314,0.6721343390727375,1.640975701716651,1.470040849860398,1.336446061245585,1.4824875376075448
ELM_robust_risk,humidity,1.0,1.0,3750,25.0,2.0,7.240123461102241,0.1017620065458239,-0.0073650103593543,0.0776087150411397,0.69019740874809,1.5956198953627774,1.4289727914078287,1.2984813536722255,1.4410246801476103
ELM_robust_risk,humidity,1.0,1.0,3750,25.0,3.0,7.573811741943137,0.1064520907966837,-0.0047118845890425,0.0817058647751346,0.6609825024903453,1.679856486915377,1.494832369175402,1.3518678498001575,1.5088522352969786
ELM_robust_risk,humidity,1.0,1.0,3750,25.0,4.0,7.558147162399949,0.1062319206497828,-0.0071409311528192,0.0810639062335875,0.6623834020458585,1.666657945741907,1.4917406735604972,1.359100753325405,1.5058331242092695
ELM_robust_risk,humidity,1.0,1.0,7500,50.0,0.0,6.888979117529063,0.0968265723393217,-0.0067567532104859,0.073881101701712,0.7195193930617059,1.5189808992982552,1.3596679355557653,1.241086183335438,1.3732450060631531
ELM_robust_risk,humidity,1.0,1.0,7500,50.0,1.0,6.691853986888972,0.0940559222333787,-0.0075333474850732,0.0711738122667184,0.7353413977293995,1.4633195617449746,1.3207616310292234,1.2145254504764411,1.3328688810835465
ELM_robust_risk,humidity,1.0,1.0,7500,50.0,2.0,6.723071933501501,0.0944946994040442,-0.0060865834136049,0.0718738732842386,0.7328663378273971,1.4777126783805363,1.326923072412453,1.2155528613361553,1.3400628707097149
ELM_robust_risk,humidity,1.0,1.0,7500,50.0,3.0,7.125167092568339,0.1001462618986394,-0.0070183067477804,0.0763211761628559,0.6999572005312287,1.569148349620089,1.4062840176988527,1.283980825310789,1.4198043975432435
ELM_robust_risk,humidity,1.0,1.0,7500,50.0,4.0,6.824786518673818,0.0959243269977891,-0.0071794736360783,0.0723553333302911,0.7247221649354728,1.4876114020985671,1.3469983343166811,1.236157006952062,1.3569222477891032
ELM_robust_risk,humidity,1.0,1.0,15000,100.0,0.0,6.177633186859008,0.0868284017774387,-0.0057030735660109,0.0651305088592659,0.7744528536701729,1.339070433982284,1.219270608677663,1.129209029454899,1.2291833573716155
ELM_robust_risk,humidity,1.0,1.0,15000,100.0,1.0,6.429226658523269,0.0903646199991218,-0.0058792355310219,0.0678314041830179,0.7557072515624732,1.3946003098678268,1.2689272516113916,1.1764851123903235,1.2800042246231806
ELM_robust_risk,humidity,1.0,1.0,15000,100.0,2.0,6.360767517614578,0.0894024071884287,-0.0066678039928327,0.0671253927393838,0.7608820673397297,1.3800848536433654,1.2554155690817703,1.1602512844733095,1.2652505690661486
ELM_robust_risk,humidity,1.0,1.0,15000,100.0,3.0,6.378284515835898,0.0896486136098024,-0.0072865455701098,0.0677431957471481,0.7595632340549476,1.392786761799958,1.2588728739164032,1.1618385425718538,1.2711660594294047
ELM_robust_risk,humidity,1.0,1.0,15000,100.0,4.0,6.330490050465725,0.0889768487256835,-0.0065594992813629,0.0666764543120566,0.7631530682156561,1.3708547680008385,1.2494397487824482,1.1582365453500272,1.259510354044438
ELM_robust_risk,humidity,1.0,1.0,37500,250.0,0.0,5.919238516748494,0.0831965907658639,-0.0061784717607698,0.0618693295687655,0.7929263767655865,1.2720212300944314,1.1682716229536665,1.089489476702542,1.1765941099168795
ELM_robust_risk,humidity,1.0,1.0,37500,250.0,1.0,5.921176469924017,0.0832238292521677,-0.0045294755915146,0.0617968579860682,0.7927907631466944,1.2705312286282442,1.1686541139945612,1.090878364982221,1.1766879025350088
ELM_robust_risk,humidity,1.0,1.0,37500,250.0,2.0,5.963704759341825,0.0838215765266953,-0.0053907614050695,0.0623242263065597,0.7898035524018988,1.281373817426606,1.177047861527965,1.0978299642939182,1.1854172144161632
ELM_robust_risk,humidity,1.0,1.0,37500,250.0,3.0,5.96031325702142,0.0837739079913197,-0.0056809820833626,0.0624054557545032,0.7900425578738288,1.2830438788772978,1.176378485575484,1.095645956524025,1.1850227736589356
ELM_robust_risk,humidity,1.0,1.0,37500,250.0,4.0,6.03125672123227,0.0847710386767554,-0.0046588897142903,0.0633084910601611,0.7850147168216908,1.30161010689897,1.1903804954348691,1.1054148589512265,1.1991351537616886
ELM_robust_risk,humidity,1.0,1.0,75000,500.0,0.0,5.758848094774286,0.0809422574995162,-0.0050314187257214,0.0599819786022175,0.8039962646877494,1.233217665956567,1.1366155952305326,1.0637646870753457,1.144532649420815
ELM_robust_risk,humidity,1.0,1.0,75000,500.0,1.0,5.756187157583936,0.0809048572660482,-0.0051047203309851,0.0598337277716586,0.8041773540741857,1.230169658079894,1.1360904098707685,1.0658054896896598,1.144021852546774
ELM_robust_risk,humidity,1.0,1.0,75000,500.0,2.0,5.711301375968275,0.0802739747642335,-0.0047892562929134,0.05922934006465,0.8072194311168436,1.2177435658645506,1.1272313674808907,1.0592764205713916,1.134750451305611
ELM_robust_risk,humidity,1.0,1.0,75000,500.0,3.0,5.774196232689611,0.0811579799688079,-0.0055437413870423,0.0601580429116576,0.8029501175859464,1.2368375134808702,1.1396448352148512,1.0681985669148673,1.1482269718701963
ELM_robust_risk,humidity,1.0,1.0,75000,500.0,4.0,5.788664025715161,0.0813613289388192,-0.0046941363652163,0.0603910667644259,0.8019614263915757,1.2416284379971954,1.1425003227899324,1.0653064913109458,1.149811750699358
ELM_robust_risk,humidity,1.0,1.0,150000,1000.0,0.0,5.601520797944536,0.078730977333392,-0.0035698833085522,0.0578428523838078,0.8145593215264226,1.1892376522303074,1.1055641321272736,1.04217695339949,1.1123262459190235
ELM_robust_risk,humidity,1.0,1.0,150000,1000.0,1.0,5.5882976947910326,0.0785451228356211,-0.0040532229517659,0.0576528498398645,0.8154338008187667,1.1853312373499076,1.1029543072084236,1.0412042390798772,1.1098299278794028
ELM_robust_risk,humidity,1.0,1.0,150000,1000.0,2.0,5.616826716157749,0.078946106392692,-0.0038929320736785,0.0581159755804135,0.8135445193745302,1.194853011357928,1.1085850392694931,1.0442992925097467,1.1159124477123894
ELM_robust_risk,humidity,1.0,1.0,150000,1000.0,3.0,5.632656206701067,0.0791685944108785,-0.0039277491330354,0.0582498681156953,0.8124920908742645,1.1976058155117255,1.1117092831321531,1.0466752667180743,1.118663455120651
ELM_robust_risk,humidity,1.0,1.0,150000,1000.0,4.0,5.550296139815192,0.0780110001087119,-0.0035200566062996,0.0570044228543467,0.8179354409633601,1.1719997062424297,1.095453994764387,1.0358727238902206,1.1011088082990124
ELM_tikhonov,humidity,1.0,1.0,750,5.0,0.0,9.128928896491855,0.1283097073015571,-0.0058960185513937,0.1005604783623058,0.5074699292822911,2.067503628645787,1.801763613268216,1.5987909441762802,1.8226860620300944
ELM_tikhonov,humidity,1.0,1.0,750,5.0,1.0,8.775401561792375,0.1233407794730337,-0.0057063408319,0.096297510986763,0.5448787645011219,1.9798578590425555,1.731988429872714,1.5481132691482604,1.7533198526878433
ELM_tikhonov,humidity,1.0,1.0,750,5.0,2.0,9.54621261368041,0.1341747493257911,-0.0105432094996873,0.1043263590283217,0.4614136932911109,2.1449293934077938,1.88412230250377,1.681031464371376,1.9033610534276464
ELM_tikhonov,humidity,1.0,1.0,750,5.0,3.0,9.83528419601259,0.1382377331148853,-0.007268852620383,0.1082439038995343,0.4283016626152491,2.225473344356727,1.9411759464286495,1.721210103822436,1.9626197982026043
ELM_tikhonov,humidity,1.0,1.0,750,5.0,4.0,9.40948075147086,0.1322529438853253,0.0040658889508796,0.1019147884082688,0.4767317088181841,2.0953479764446485,1.8571357308153609,1.6674091356336431,1.8732976142978843
ELM_tikhonov,humidity,1.0,1.0,1500,10.0,0.0,7.738980444490074,0.1087735841634816,-0.0060388140668281,0.0834947083707309,0.6460347723775774,1.7166347589085753,1.5274314792872306,1.385743886537498,1.5432700415777678
ELM_tikhonov,humidity,1.0,1.0,1500,10.0,1.0,8.206165744496882,0.1153400072103846,-0.0073629447378709,0.08885002282261,0.6020086155255631,1.826738969251608,1.6196391724076733,1.4601774309533826,1.6355185242042214
ELM_tikhonov,humidity,1.0,1.0,1500,10.0,2.0,8.700008568977953,0.1222811093901257,-0.0063619996006461,0.0949079994771044,0.5526654289936104,1.951289776083425,1.7171082229296388,1.5345153871705062,1.7343044620611898
ELM_tikhonov,humidity,1.0,1.0,1500,10.0,3.0,8.76612583307293,0.1232104064522231,-0.005941711306385,0.0959946976503366,0.5458403957036423,1.973632076488019,1.7301576925887745,1.5453243234300142,1.7497046975022694
ELM_tikhonov,humidity,1.0,1.0,1500,10.0,4.0,8.709952859105556,0.1224208792327942,-0.0073154069129764,0.093993036941302,0.5516422191786414,1.9324783265591805,1.7190709132205646,1.547237834748037,1.732929024842594
ELM_tikhonov,humidity,1.0,1.0,3750,25.0,0.0,7.401559680381254,0.1040310387924788,-0.0072257137518286,0.0798621720455686,0.6762277729358257,1.6419505275308963,1.460835226646238,1.323077554124004,1.4752877694337128
ELM_tikhonov,humidity,1.0,1.0,3750,25.0,1.0,7.4537210019902576,0.1047641810903322,-0.0070437312085193,0.0798739112719117,0.6716482256200308,1.64219188371234,1.471130231937735,1.337199569497248,1.483507228382441
ELM_tikhonov,humidity,1.0,1.0,3750,25.0,2.0,7.240246328195251,0.1017637334779667,-0.007321834204535,0.0776038125888233,0.6901868937708298,1.5955191019087434,1.4289970415098905,1.298356171623178,1.4409574383472703
ELM_tikhonov,humidity,1.0,1.0,3750,25.0,3.0,7.5738131793057155,0.1064521109992259,-0.0047138510690393,0.0817046997229602,0.6609823738124412,1.67983253367214,1.4948326528655942,1.3518654681626716,1.508843551566802
ELM_tikhonov,humidity,1.0,1.0,3750,25.0,4.0,7.557504837256587,0.1062228925861324,-0.0071513151240178,0.0810566625012587,0.6624407839438745,1.6665090160319584,1.4916138987674936,1.3590064023232618,1.505709772374238
ELM_tikhonov,humidity,1.0,1.0,7500,50.0,0.0,6.89083568834677,0.0968526669733041,-0.0067194178079432,0.0738807968782803,0.7193681943806824,1.5189746321885378,1.3600343642773305,1.241525193290782,1.37351139658555
ELM_tikhonov,humidity,1.0,1.0,7500,50.0,1.0,6.698598377268959,0.094150716569647,-0.0074843053965705,0.071260558659281,0.7348076561319938,1.4651030504904134,1.3220927616928664,1.215289421954291,1.3341617447125236
ELM_tikhonov,humidity,1.0,1.0,7500,50.0,2.0,6.7276858753810895,0.0945595496771473,-0.0060037264132635,0.0719269151943126,0.7324995524828465,1.4788032096044732,1.327833719508803,1.215940543013356,1.340859157375544
ELM_tikhonov,humidity,1.0,1.0,7500,50.0,3.0,7.12652921348814,0.1001654068978513,-0.0070148120687863,0.0763377970492175,0.6998424709722356,1.5694900717700189,1.4065528575526838,1.2841893968140738,1.4200774420455922
ELM_tikhonov,humidity,1.0,1.0,7500,50.0,4.0,6.89584934283736,0.0969231353215071,-0.0059071512988102,0.0734126601247653,0.7189596799921829,1.5093498327409087,1.3610239020788697,1.2484415618029674,1.372938432207582
ELM_tikhonov,humidity,1.0,1.0,15000,100.0,0.0,6.184360555989787,0.0869229568751798,-0.0055623534335943,0.0652267572142083,0.7739613498706255,1.341049281202736,1.2205983798817437,1.1300826755984617,1.2305767788943136
ELM_tikhonov,humidity,1.0,1.0,15000,100.0,1.0,6.442041663218337,0.0905447385563081,-0.0058182907827296,0.0679622859775705,0.7547324118440932,1.3972912137852307,1.2714565307223624,1.1786891959510142,1.282478980152869
ELM_tikhonov,humidity,1.0,1.0,15000,100.0,2.0,6.372676032141632,0.0895697847669692,-0.0066138472600792,0.0672599349627217,0.7599858846313164,1.3828510152556333,1.2577659355274078,1.1619391454588304,1.2675186987472904
ELM_tikhonov,humidity,1.0,1.0,15000,100.0,3.0,6.386702149770213,0.0897669258629188,-0.0072675831927835,0.0678471418020507,0.758928190514697,1.3949238722154458,1.2605342502623718,1.1631825288402706,1.2728802171060294
ELM_tikhonov,humidity,1.0,1.0,15000,100.0,4.0,6.3384629221911295,0.0890889097187133,-0.0065004680680415,0.0667704984767162,0.7625561035818278,1.3727882975032166,1.2510133430486503,1.159202975276551,1.2610015386094726
ELM_tikhonov,humidity,1.0,1.0,37500,250.0,0.0,5.937725620455353,0.0834564322973706,-0.0060738700978614,0.0620871049970681,0.7916308825274756,1.2764986500070865,1.171920396117683,1.092256209570413,1.180225085231727
ELM_tikhonov,humidity,1.0,1.0,37500,250.0,1.0,5.943179682660549,0.083533090701997,-0.0043871359260108,0.0620688027946878,0.7912479143189702,1.2761223603309662,1.172996856558688,1.0941052327046246,1.1810748165314262
ELM_tikhonov,humidity,1.0,1.0,37500,250.0,2.0,5.983326555378992,0.0840973664835245,-0.0053615494886645,0.0625490687146609,0.7884180991988748,1.2859965330520011,1.180920587291041,1.1007965549372771,1.1892378917601067
ELM_tikhonov,humidity,1.0,1.0,37500,250.0,3.0,5.9768226372812565,0.084005952053979,-0.0055881086257174,0.0626215070616306,0.7888778312291019,1.2874858511981753,1.179636918297116,1.097953170241244,1.188358646578845
ELM_tikhonov,humidity,1.0,1.0,37500,250.0,4.0,6.018018452910066,0.0845849710281999,-0.0039203096645503,0.0629802580698883,0.7859574422119815,1.2948617012680304,1.1877676773884065,1.1063348815906404,1.196321420082359
ELM_tikhonov,humidity,1.0,1.0,75000,500.0,0.0,5.794358721417574,0.0814413695160909,-0.0048954230993419,0.0604028282335287,0.8015715871678438,1.2418702514854,1.1436242767194218,1.0691375687759317,1.1515440323269177
ELM_tikhonov,humidity,1.0,1.0,75000,500.0,1.0,5.793937657827404,0.0814354513468706,-0.0050779434965352,0.0602884520220252,0.8016004248522816,1.2395186991045313,1.143541172002073,1.071755055123247,1.1516049754099502
ELM_tikhonov,humidity,1.0,1.0,75000,500.0,2.0,5.74591440798002,0.0807604708314724,-0.0047590365913458,0.0596518802620481,0.8048756781295247,1.226430909099154,1.134062892003731,1.064388444107592,1.141627415070159
ELM_tikhonov,humidity,1.0,1.0,75000,500.0,3.0,5.810978852530792,0.0816749702136788,-0.0054717216783791,0.0606327014476328,0.8004316384218929,1.2465963994913432,1.1469045681782646,1.0735354088192974,1.1556787921629683
ELM_tikhonov,humidity,1.0,1.0,75000,500.0,4.0,5.853334213679958,0.0822702869319183,-0.0058056657679972,0.0608959256489836,0.7975117876329099,1.2520082372262378,1.1552641851071168,1.0812181045819211,1.1628301756384254
ELM_tikhonov,humidity,1.0,1.0,150000,1000.0,0.0,5.676885674166339,0.079790252229547,-0.0034081331592192,0.0587712685393128,0.8095357818742583,1.208325705525801,1.1204387897387589,1.0534835833198888,1.127416026194816
ELM_tikhonov,humidity,1.0,1.0,150000,1000.0,1.0,5.662018683394915,0.0795812924210125,-0.0039422877325892,0.0585661235514701,0.8105320753030945,1.204107964981299,1.1175045130766803,1.0525341914527826,1.1247155565035871
ELM_tikhonov,humidity,1.0,1.0,150000,1000.0,2.0,5.687033612581483,0.0799328844071579,-0.0036687145097848,0.0589537093202308,0.8088542297662891,1.212076652047774,1.12244167380034,1.055140400381862,1.1298862420766584
ELM_tikhonov,humidity,1.0,1.0,150000,1000.0,3.0,5.687796024898482,0.079943600330389,-0.0038770362118334,0.0590445229904679,0.8088029757495149,1.2139437632211043,1.1225921500267029,1.0510639094699206,1.1291999409059092
ELM_tikhonov,humidity,1.0,1.0,150000,1000.0,4.0,5.618375735470155,0.0789678783022811,-0.0034006663556693,0.0578568917830932,0.8134416630889113,1.1895262995144025,1.1088907669912214,1.0459501102329816,1.1147890589128684
Persistence_P,humidity,1.0,1.0,0,,,5.066662923630091,0.0712133968943996,4.12115685059007e-05,0.0486385982442859,0.8482819938194575,1.0,1.0,1.0,1.0
AR_OLS,humidity,1.0,6.0,149,,,9.313146571817848,0.1309069985294434,0.0017316381949779,0.1003659775961483,0.4873340609134261,0.7331388772565745,0.7494172868023462,0.7724711321001846,0.7516757653863685
ELM_corr,humidity,1.0,6.0,750,5.0,0.0,12.198109482691892,0.1714584740827344,-0.0002523408540601,0.1352043980410081,0.1205186338109587,0.987621532256561,0.9815666533478158,0.9771850610751986,0.9821244155598584
ELM_corr,humidity,1.0,6.0,750,5.0,1.0,11.664574693000448,0.1639590282841581,-0.0044970837669082,0.1300088299189852,0.1957716003796716,0.9496696976715708,0.9386337743877484,0.9318657768027144,0.9400564162873444
ELM_corr,humidity,1.0,6.0,750,5.0,2.0,11.671949430961796,0.1640626887177201,-0.0068143155987255,0.1295176993879296,0.1947543582177693,0.9460821584003112,0.9392272103517646,0.9345955725393392,0.939968313763805
ELM_corr,humidity,1.0,6.0,750,5.0,3.0,11.674901037051882,0.1641041769398924,-0.0118339432745674,0.129405773764131,0.1943470452023633,0.9452645802913414,0.9394647224118062,0.9373858331748596,0.9407050452926692
ELM_corr,humidity,1.0,6.0,750,5.0,4.0,11.623850618177755,0.1633866045214892,-0.005461323459517,0.1291756072554972,0.2013773402266567,0.9435832932679552,0.9353567588886568,0.9315532565393492,0.9368311028986538
ELM_corr,humidity,1.0,6.0,1500,10.0,0.0,10.73625493167931,0.1509104251409565,-0.0034789755756903,0.1175113560158474,0.3186861479056498,0.8583799578081546,0.8639330412413898,0.8731359813297329,0.8651496601264258
ELM_corr,humidity,1.0,6.0,1500,10.0,1.0,11.248109384406218,0.158105128840045,-0.0067802479575822,0.125769702043985,0.2521738447811519,0.9187043294734936,0.9051213305314,0.8976450027001965,0.9071568875683632
ELM_corr,humidity,1.0,6.0,1500,10.0,2.0,11.38161088985426,0.1599816462171309,-0.00567712482171,0.1256688730581532,0.2343169089838607,0.9179678084806416,0.9158640301362416,0.9147634381565768,0.9161984255911534
ELM_corr,humidity,1.0,6.0,1500,10.0,3.0,11.006099210836078,0.154703397192062,-0.0042630296210912,0.1207788935861647,0.2840075628744974,0.8822481936692682,0.8856470737636255,0.8906060733000407,0.8861671135776449
ELM_corr,humidity,1.0,6.0,1500,10.0,4.0,11.142370830078564,0.1566188517081288,-0.0098821567239128,0.1236416272319977,0.2661677318513408,0.9031594763694244,0.8966126809698838,0.8956506503954049,0.8984742692449044
ELM_corr,humidity,1.0,6.0,3750,25.0,0.0,10.602233901235437,0.149026605241856,-0.0047012832413198,0.1169268332868951,0.3355897087458918,0.8541102207169725,0.8531485361082233,0.8581162383538786,0.8551249983930248
ELM_corr,humidity,1.0,6.0,3750,25.0,1.0,10.692727574359898,0.1502985980150048,-0.0035688984713338,0.1182225375520716,0.3241993693823669,0.8635748938360888,0.8604304490967863,0.8627687188078627,0.8622580205802458
ELM_corr,humidity,1.0,6.0,3750,25.0,2.0,10.53203953240014,0.1480399425637764,-0.0046493271103917,0.1154198041882029,0.3443583274129768,0.8431018925178103,0.8475000828131213,0.8573240001854533,0.8493086585054616
ELM_corr,humidity,1.0,6.0,3750,25.0,3.0,10.515684702158676,0.1478100565932444,-0.0044020472386939,0.1155985424669604,0.3463929917549926,0.8444075140456379,0.8461840300256822,0.8546501128955987,0.8484138856556395
ELM_corr,humidity,1.0,6.0,3750,25.0,4.0,10.555827062459691,0.148374303688506,-0.0036599687212489,0.116301324164081,0.3413933350164707,0.849541092143753,0.8494142356828833,0.8552330488730924,0.8513961255665762
ELM_corr,humidity,1.0,6.0,7500,50.0,0.0,10.18036725470694,0.1430967837737989,-0.0027369302361626,0.1106614761127465,0.387412008506502,0.8083439457871404,0.8192014533262886,0.8341991999175978,0.8205815330103423
ELM_corr,humidity,1.0,6.0,7500,50.0,1.0,10.171571571787412,0.1429731503227271,-0.0033023696902028,0.1108764545918737,0.3884700846971831,0.8099142894892241,0.818493675694068,0.8295493715775877,0.8193191122536266
ELM_corr,humidity,1.0,6.0,7500,50.0,2.0,10.268867084165132,0.1443407507784413,-0.0043558858390861,0.1123089945798321,0.3767150312123284,0.820378500405626,0.8263229242022789,0.8359677185372101,0.8275563810483716
ELM_corr,humidity,1.0,6.0,7500,50.0,3.0,10.286151251192068,0.1445836996475619,-0.0038230862977702,0.1123747713472878,0.3746150862549464,0.8208589770232716,0.827713759561529,0.8404113286111838,0.8296613550653281
ELM_corr,humidity,1.0,6.0,7500,50.0,4.0,10.172755849297738,0.1429897967067507,-0.0032692176941153,0.1107957793140182,0.3883276753790052,0.8093249843875758,0.8185889730279782,0.8313924657017986,0.8197688077057842
ELM_corr,humidity,1.0,6.0,15000,100.0,0.0,9.934554219343536,0.1396415985245718,-0.002395598409119,0.1077923514224551,0.4166377029552334,0.7873859787097581,0.7994211850139504,0.8146425302862672,0.8004832313366587
ELM_corr,humidity,1.0,6.0,15000,100.0,1.0,9.961975424845797,0.1400270351415818,-0.0027093647822241,0.1079935285513927,0.4134128830548429,0.7888555083050605,0.8016277352137012,0.817039345373816,0.8025075296308591
ELM_corr,humidity,1.0,6.0,15000,100.0,2.0,10.06674951785462,0.1414997556591494,-0.0036158078193781,0.1097795425869275,0.4010092531127152,0.8019017253214002,0.8100587757760235,0.8222437351470541,0.8114014120814926
ELM_corr,humidity,1.0,6.0,15000,100.0,3.0,10.067490142405866,0.1415101659899965,-0.0030222079238185,0.1090607014129648,0.4009211127310639,0.7966508382795249,0.8101183729097584,0.827404484354068,0.8113912318477837
ELM_corr,humidity,1.0,6.0,15000,100.0,4.0,10.107375759713564,0.1420708042668647,-0.0026906220133034,0.1096929998463957,0.396164820139803,0.8012695604270028,0.8133279187785653,0.8289066964855789,0.814501391897049
ELM_corr,humidity,1.0,6.0,37500,250.0,0.0,9.889537118774584,0.1390088313419085,-0.0016168768081281,0.1070109543613314,0.4219125806966437,0.7816781424707793,0.7957987150884601,0.8133879962672097,0.7969549512754831
ELM_corr,humidity,1.0,6.0,37500,250.0,1.0,9.975006194461033,0.1402101976125797,-0.0030108212535643,0.107481368359681,0.4118773079473423,0.7851143546101509,0.8026763049891998,0.8215698049533837,0.8031201548509115
ELM_corr,humidity,1.0,6.0,37500,250.0,2.0,9.85566353579726,0.1385326991300073,-0.0012824980155556,0.1066356766153667,0.4258659216956381,0.778936867868314,0.7930729501224112,0.8108220018783626,0.7942772732896959
ELM_corr,humidity,1.0,6.0,37500,250.0,3.0,10.01896257967744,0.1408280552196205,-0.0032521854527935,0.1085764414860384,0.4066825828645892,0.7931134864036153,0.8062134204734769,0.820834754616697,0.806720553831263
ELM_corr,humidity,1.0,6.0,37500,250.0,4.0,9.970648273013948,0.1401489420087872,-0.0034335099420751,0.1076033250130754,0.4123910785812535,0.7860052059333287,0.8023256284867109,0.8204243328951134,0.802918389105051
ELM_corr,humidity,1.0,6.0,75000,500.0,0.0,10.179751497959908,0.1430881286037169,-0.0014129816394044,0.1098819345379804,0.3874861107018155,0.8026496632365485,0.8191519041489905,0.8366929031395042,0.8194981568416811
ELM_corr,humidity,1.0,6.0,75000,500.0,1.0,10.030782618369052,0.1409941994734115,-0.0031601343231732,0.1081091977649508,0.4052818047613246,0.7897004320470716,0.8071645642418969,0.8233329850844213,0.8067326604577966
ELM_corr,humidity,1.0,6.0,75000,500.0,2.0,10.13505107311804,0.1424598126630286,-0.0015820113974227,0.1092733755956865,0.3928535339775026,0.7982043498904956,0.8155549167242166,0.833689674037051,0.8158163135505877
ELM_corr,humidity,1.0,6.0,75000,500.0,3.0,10.10832679073918,0.1420841721029781,-0.0012313919155699,0.1088724291667039,0.396051181739253,0.7952755744047713,0.8134044470588181,0.8314102979211764,0.8133634397949218
ELM_corr,humidity,1.0,6.0,75000,500.0,4.0,10.185744971305578,0.1431723737726721,-0.0032784906066663,0.1103667916904654,0.3867646458660533,0.8061913776393411,0.8196341914724635,0.8352126114097437,0.8203460601738494
ELM_corr,humidity,1.0,6.0,150000,1000.0,0.0,10.408626475427225,0.1463052299461789,-0.0025357771691942,0.1118030591793562,0.3596337484129351,0.8166828166654473,0.8375691880720787,0.8562533021511181,0.8368351022962147
ELM_corr,humidity,1.0,6.0,150000,1000.0,1.0,10.390996440729907,0.1460574195087077,-0.0029744814107631,0.112124320851924,0.3618012040487519,0.8190295224672842,0.836150521172851,0.8525389946628802,0.8359063461010051
ELM_corr,humidity,1.0,6.0,150000,1000.0,2.0,10.485727392462824,0.1473889721116399,-0.0018738341544937,0.1130394802670037,0.3501117067445775,0.8257144466034498,0.8437734026851762,0.858928944612581,0.842805597967069
ELM_corr,humidity,1.0,6.0,150000,1000.0,3.0,10.451011523478138,0.1469010006000695,-0.0019850367841325,0.1126924725240289,0.3544078491286075,0.8231796746301467,0.8409798600148378,0.8582561021444978,0.8408052122631607
ELM_corr,humidity,1.0,6.0,150000,1000.0,4.0,10.46192826634883,0.147054447991013,-0.0002411423682614,0.1127573887366775,0.3530584210063555,0.8236538651914984,0.841858316695379,0.8606268472509819,0.8420463430459532
ELM_elastic_net,humidity,1.0,6.0,750,5.0,0.0,12.11118427023849,0.1702366401331601,0.0020701845210808,0.1343479425230933,0.1330085547945284,0.9813654198580868,0.9745718899379202,0.9702520331250348,0.9753964476403474
ELM_elastic_net,humidity,1.0,6.0,750,5.0,1.0,11.409471945382249,0.1603732654327103,-0.0012937867316244,0.127622598689741,0.2305636881897268,0.932239100907774,0.9181059745188648,0.9109597750129816,0.9204349501465402
ELM_elastic_net,humidity,1.0,6.0,750,5.0,2.0,11.535945424533782,0.1621509958078989,-0.0052186807259792,0.1284180462228382,0.2134108095118456,0.9380495710023112,0.928283137614849,0.922651595630086,0.9296614347490822
ELM_elastic_net,humidity,1.0,6.0,750,5.0,3.0,11.60254810784925,0.1630871732104127,-0.0123457435907265,0.1288281936653451,0.2043018578998351,0.9410455567208892,0.9336425724566751,0.9305226598326108,0.9350702630033916
ELM_elastic_net,humidity,1.0,6.0,750,5.0,4.0,11.573341749969766,0.1626766442212578,-0.0056636047614924,0.1288249384969216,0.2083027368269397,0.9410217788373824,0.9312923732720456,0.9268756052043589,0.933063252437929
ELM_elastic_net,humidity,1.0,6.0,1500,10.0,0.0,10.73304687254844,0.1508653321760076,-0.0036138016027015,0.1175667360942048,0.3190932486290438,0.8587844901949432,0.8636748927250728,0.8724637088680329,0.8649743639293496
ELM_elastic_net,humidity,1.0,6.0,1500,10.0,1.0,11.237676493903656,0.157958482551259,-0.006696134251177,0.1257280416974364,0.2535604547189491,0.9184000149993428,0.9042818088473328,0.8965987756902447,0.9064268665123066
ELM_elastic_net,humidity,1.0,6.0,1500,10.0,2.0,11.371096519952424,0.1598338546415701,-0.0055403873178794,0.1256264877892117,0.2357309366999982,0.9176581986982412,0.9150179519065575,0.9136330238084156,0.9154363914710714
ELM_elastic_net,humidity,1.0,6.0,1500,10.0,3.0,10.998405801907472,0.1545952574711269,-0.0042946728778151,0.120761140465501,0.285008189394935,0.8821185132410706,0.8850279947444051,0.8896527690281213,0.8855997590045325
ELM_elastic_net,humidity,1.0,6.0,1500,10.0,4.0,11.141487685581026,0.1566064380953344,-0.0099343828153968,0.1237094767014135,0.2662840543568832,0.903655093360574,0.8965416154338596,0.8952123119739578,0.8984696735894637
ELM_elastic_net,humidity,1.0,6.0,3750,25.0,0.0,10.593175710967213,0.1488992819477386,-0.004836131240397,0.1168902105250803,0.336724523154047,0.8538427040632022,0.8524196348371218,0.8571463956336469,0.8544695781779903
ELM_elastic_net,humidity,1.0,6.0,3750,25.0,1.0,10.6897577971627,0.1502568543769992,-0.0037115923048807,0.1183034948511259,0.324574708337135,0.8641662590054013,0.8601914748304232,0.862062710040518,0.8621401479587808
ELM_elastic_net,humidity,1.0,6.0,3750,25.0,2.0,10.524348773615609,0.1479318400936678,-0.0047299507737047,0.1154127811006412,0.3453155097138434,0.8430505912835359,0.8468812170476887,0.8564114053710545,0.8487810712340931
ELM_elastic_net,humidity,1.0,6.0,3750,25.0,3.0,10.504805597679477,0.1476571382532314,-0.0043646997525955,0.1155645075288881,0.3477446832389903,0.8441589005524657,0.8453086020595518,0.8533978772563112,0.8476217932894429
ELM_elastic_net,humidity,1.0,6.0,3750,25.0,4.0,10.553051764904954,0.1483352936858055,-0.0037988266079982,0.1163364302156105,0.341739606165684,0.8497975297515928,0.8491909109507423,0.8547378698402299,0.8512421035141884
ELM_elastic_net,humidity,1.0,6.0,7500,50.0,0.0,10.296406006734983,0.1447278420443796,-0.0033751055620995,0.1125588695113504,0.3733675124926202,0.8222037506660786,0.8285389469476109,0.8385886999213613,0.8297771325116837
ELM_elastic_net,humidity,1.0,6.0,7500,50.0,1.0,10.155271696977431,0.1427440368140621,-0.0034692524618252,0.1108535075888764,0.3904284594235769,0.809746669540545,0.8171820451016453,0.8277988135876909,0.8182425094099605
ELM_elastic_net,humidity,1.0,6.0,7500,50.0,2.0,10.25272340638417,0.1441138327988696,-0.0045009147515542,0.1122122227849268,0.3786732223741217,0.819671615794265,0.8250238625899309,0.8343619150466514,0.826352464476949
ELM_elastic_net,humidity,1.0,6.0,7500,50.0,3.0,10.274687372199663,0.1444225616284373,-0.0038570908339322,0.1123576837736083,0.376008287987953,0.8207341581864258,0.8267912755198075,0.8390060053166932,0.8288438130076422
ELM_elastic_net,humidity,1.0,6.0,7500,50.0,4.0,10.170024254985684,0.1429514010034474,-0.0034291791171141,0.1108980811837251,0.3886561244915121,0.810072264289536,0.8183691650412577,0.8307391265194743,0.8197268519500893
ELM_elastic_net,humidity,1.0,6.0,15000,100.0,0.0,9.900563079220388,0.1391638139116269,-0.0024870822493443,0.1075301760795725,0.4206228292858112,0.785470878183375,0.7966859603710255,0.8116360248770367,0.7979309544771457
ELM_elastic_net,humidity,1.0,6.0,15000,100.0,1.0,9.928483266677627,0.1395562642945584,-0.0028768947851708,0.1077302498162911,0.4173504642324148,0.7869323478787793,0.7989326630262304,0.8142440014867869,0.8000363374639322
ELM_elastic_net,humidity,1.0,6.0,15000,100.0,2.0,10.041006537361833,0.1411379084270108,-0.0037576693832273,0.109617808582054,0.4040688486849978,0.8007203141541198,0.8079872702492567,0.8197601206410268,0.8094892350148011
ELM_elastic_net,humidity,1.0,6.0,15000,100.0,3.0,10.036128300161865,0.1410693391862029,-0.0031485553476123,0.1088583563647956,0.4046477522682911,0.7951727774367345,0.8075947245872092,0.8243670503584211,0.8090448507941216
ELM_elastic_net,humidity,1.0,6.0,15000,100.0,4.0,10.0261519233253,0.1409291097226374,-0.003072053674397,0.1090572210832263,0.4058307794572268,0.7966254156702096,0.8067919379883598,0.8221482889609268,0.8085218808731653
ELM_elastic_net,humidity,1.0,6.0,37500,250.0,0.0,9.803202174012608,0.1377952942843907,-0.0018742316598733,0.1061263898766733,0.4319618465417483,0.775216703757426,0.7888514497833548,0.8065379934117725,0.7902020489841844
ELM_elastic_net,humidity,1.0,6.0,37500,250.0,1.0,9.88248088556286,0.1389096478593393,-0.0029563339587378,0.1065163428585608,0.4227372228133499,0.7780651759007873,0.7952309088043225,0.8143668979108217,0.7958876608719772
ELM_elastic_net,humidity,1.0,6.0,37500,250.0,2.0,9.774042616393796,0.1373854231267869,-0.0014919299187547,0.1057412088594124,0.4353360719437108,0.7724030891711025,0.7865050165573199,0.8049087328706873,0.7879389461997032
ELM_elastic_net,humidity,1.0,6.0,37500,250.0,3.0,9.917122666510538,0.1393965779782421,-0.0032838662663771,0.1075249127929442,0.4186830869947197,0.7854324316884393,0.798018489702745,0.8127837522435749,0.7987448912115864
ELM_elastic_net,humidity,1.0,6.0,37500,250.0,4.0,9.87912803405138,0.1388625196707622,-0.0033897587676945,0.1066478336598713,0.423128854848,0.7790256708887427,0.7949611090257611,0.8134106798164413,0.7957991532436482
ELM_elastic_net,humidity,1.0,6.0,75000,500.0,0.0,9.961161146219396,0.1400155895179007,-0.0014904652151342,0.1074960734094326,0.4135087728378291,0.7852217699307912,0.8015622112284195,0.8197236462584204,0.8021692091392104
ELM_elastic_net,humidity,1.0,6.0,75000,500.0,1.0,9.838037145983415,0.1382849399255702,-0.0029070381400963,0.1059431672575295,0.4279177087804633,0.7738783256685122,0.7916545765224097,0.8092331272634268,0.7915886764847828
ELM_elastic_net,humidity,1.0,6.0,75000,500.0,2.0,9.881465666407829,0.1388953777851586,-0.0013440899516978,0.1065434878865785,0.4228558201845055,0.7782634609754775,0.795149215385368,0.814218091757616,0.7958769227061538
ELM_elastic_net,humidity,1.0,6.0,75000,500.0,3.0,9.824234599142889,0.1380909292370212,-0.0022971031916494,0.1057749805523579,0.4295218201317385,0.7726497797493453,0.7905439027963573,0.8098053778962574,0.7909996868139867
ELM_elastic_net,humidity,1.0,6.0,75000,500.0,4.0,9.893854853246312,0.1390695220714898,-0.0018815191571977,0.1066856536011047,0.4214076889456551,0.7793019325255829,0.796146157795174,0.8156838493581727,0.7970439798929765
ELM_elastic_net,humidity,1.0,6.0,150000,1000.0,0.0,10.000424735147892,0.1405674844696753,-0.0022034940785269,0.1072781414153516,0.4088761534098488,0.7836298518198386,0.8047217032495112,0.8252704770236025,0.8045406773643174
ELM_elastic_net,humidity,1.0,6.0,150000,1000.0,1.0,9.999422389228616,0.1405533953436459,-0.0027432114020922,0.1077509470410332,0.4089946445534435,0.7870835339726453,0.8046410457237791,0.8226704098147096,0.8047983298370447
ELM_elastic_net,humidity,1.0,6.0,150000,1000.0,2.0,10.054569770166822,0.1413285552812362,-0.001925669374643,0.1082468013426436,0.4024578125924813,0.7907055787598561,0.8090786866734051,0.8258725332694241,0.8085522662342285
ELM_elastic_net,humidity,1.0,6.0,150000,1000.0,3.0,10.044198235857904,0.1411827714243995,-0.0022553663181229,0.1081478220492824,0.4036899355056375,0.7899825691330432,0.8082441022457008,0.8274195825504873,0.8085487513097438
ELM_elastic_net,humidity,1.0,6.0,150000,1000.0,4.0,10.049101352805293,0.1412516903787047,-0.000841049583972,0.1082124308322846,0.4031076109553628,0.7904545140267775,0.8086386499499864,0.8287891739300292,0.8092941126355977
ELM_huber,humidity,1.0,6.0,750,5.0,0.0,12.117662499012456,0.1703276990978234,0.0099424984718451,0.1340178291707567,0.1320808055434258,0.9789540555860896,0.9750931849259924,0.9739484272492722,0.9759985559204511
ELM_huber,humidity,1.0,6.0,750,5.0,1.0,11.411329952286447,0.160399381859119,0.0047542530904442,0.1272292002527547,0.2303130658311162,0.929365460902322,0.918255486016646,0.9139411438641364,0.9205206969277014
ELM_huber,humidity,1.0,6.0,750,5.0,2.0,11.538604468921228,0.1621883717384754,0.001132547547547,0.1280734641412515,0.2130481488802098,0.9355325176494936,0.9284971075996398,0.925296428049578,0.9297753510995704
ELM_huber,humidity,1.0,6.0,750,5.0,3.0,11.611477731133991,0.163212689347541,-0.0048706705350078,0.1283567975572437,0.2030766065503312,0.9376021706082442,0.9343611281029988,0.9351049671413076,0.9356894219508504
ELM_huber,humidity,1.0,6.0,750,5.0,4.0,11.56525846956777,0.1625630244078534,0.0006270129020368,0.1282751931582326,0.2094082560924942,0.9370060785967572,0.9306419217817128,0.9291445428234394,0.9322641810673032
ELM_huber,humidity,1.0,6.0,1500,10.0,0.0,10.718825405011414,0.1506654330747104,0.0026541253425417,0.1169689584376534,0.3208964789660764,0.8544179304256895,0.8625305089731626,0.8737847226365858,0.8635777206784793
ELM_huber,humidity,1.0,6.0,1500,10.0,1.0,11.232259436171688,0.1578823395674582,-0.0008710240275043,0.1252604540483829,0.2542799151052483,0.9149844483675352,0.9038459049692356,0.8988519766603873,0.9058941099990528
ELM_huber,humidity,1.0,6.0,1500,10.0,2.0,11.367583620372333,0.1597844767931041,0.0008041554056132,0.125174140982351,0.2362030786356457,0.914353961166207,0.9147352732595698,0.9159419346622116,0.915010389695996
ELM_huber,humidity,1.0,6.0,1500,10.0,3.0,10.996843029723616,0.1545732909086557,0.0015719566665921,0.1204046482997259,0.2852113624637372,0.8795144608278237,0.884902240416275,0.8917463971825614,0.8853876994755533
ELM_huber,humidity,1.0,6.0,1500,10.0,4.0,11.13388202103181,0.1564995317226835,-0.0032578031749975,0.1231585010481681,0.2672854453386457,0.8996304060961166,0.8959295970953906,0.8973941875001759,0.8976513968972277
ELM_huber,humidity,1.0,6.0,3750,25.0,0.0,10.583644309209642,0.1487653071212672,0.0007605566409756,0.1164240685874376,0.3379175744308095,0.8504376978550159,0.8516526548277878,0.8586761460378938,0.8535888329068992
ELM_huber,humidity,1.0,6.0,3750,25.0,1.0,10.66772472373748,0.1499471541604041,0.0024987234389015,0.1176079297817769,0.3273561293398933,0.8590853958860951,0.8584185008974013,0.8630089988920986,0.8601709652251984
ELM_huber,humidity,1.0,6.0,3750,25.0,2.0,10.519245363597626,0.1478601057896313,0.0009571476521932,0.1148358563514334,0.3459502878608805,0.8388363548158984,0.8464705520098711,0.8586810980575146,0.8479960016277612
ELM_huber,humidity,1.0,6.0,3750,25.0,3.0,10.460005931599456,0.1470274273626713,0.0011125260305388,0.1143045163361223,0.3532961446821134,0.8349550991195298,0.8417036288161438,0.852221318490778,0.8429600154754838
ELM_huber,humidity,1.0,6.0,3750,25.0,4.0,10.539667558577548,0.1481471632548595,0.0018239251265935,0.1157806503050624,0.3434082620526839,0.8457377490432284,0.8481139005639157,0.8562061911328507,0.850019280246665
ELM_huber,humidity,1.0,6.0,7500,50.0,0.0,10.158013225588627,0.1427825721553785,0.0025258970233235,0.110119298914101,0.3900992937561761,0.8043835282013272,0.817402652489025,0.8341546324244378,0.8186469377049299
ELM_huber,humidity,1.0,6.0,7500,50.0,1.0,10.15645344221208,0.1427606476040353,0.0019308704842552,0.1104057721284711,0.3902865823378718,0.8064761163051613,0.8172771386664905,0.8300154162375277,0.8179228904030599
ELM_huber,humidity,1.0,6.0,7500,50.0,2.0,10.244405177635986,0.1439969105159323,0.0007238155324171,0.1117568909052702,0.3796810017657066,0.8163455733342017,0.8243545050992703,0.8356704956923874,0.8254568580419531
ELM_huber,humidity,1.0,6.0,7500,50.0,3.0,10.270503450869226,0.1443637517966337,0.001461128373465,0.1119112276657139,0.3765163717058412,0.8174729501802316,0.8264546005896458,0.8409703386869142,0.8282992964855972
ELM_huber,humidity,1.0,6.0,7500,50.0,4.0,10.156703029758669,0.1427641558443859,0.0018998718851155,0.1102910785221956,0.3902566154312695,0.8056383190381264,0.8172972226650126,0.8323562627903006,0.8184306014978132
ELM_huber,humidity,1.0,6.0,15000,100.0,0.0,9.911143039298793,0.1393125274326421,0.0018539296535107,0.1072132675950946,0.4193838972169186,0.7831559709202972,0.7975373165603963,0.8147049851509799,0.7984660908772244
ELM_huber,humidity,1.0,6.0,15000,100.0,1.0,9.93065542567616,0.1395867964903779,0.0021434708762796,0.1072706471300497,0.4170954915758157,0.7835751086484603,0.7991074539511485,0.8166568859982708,0.7997798161992932
ELM_huber,humidity,1.0,6.0,15000,100.0,2.0,10.034852610348922,0.1410514078970109,0.0010711328217957,0.1092102353628007,0.4047990928063684,0.7977431322492559,0.8074920714193412,0.8211198391416333,0.8087850142700769
ELM_huber,humidity,1.0,6.0,15000,100.0,3.0,10.034686504673804,0.1410490730904876,0.0016962957787412,0.1084317682755,0.4048187972174045,0.7920566984592988,0.8074787051028756,0.8265964693968876,0.8087106243196872
ELM_huber,humidity,1.0,6.0,15000,100.0,4.0,10.07528707224,0.1416197608164562,0.0016880703426344,0.1090341058533515,0.3999928208252654,0.7964565668821654,0.8107457821271079,0.828347852276645,0.811850067095306
ELM_huber,humidity,1.0,6.0,37500,250.0,0.0,9.814067650326464,0.1379480210648479,0.0018989402624741,0.1057999901699581,0.430701967291342,0.7728324663868609,0.7897257811080207,0.8099997904793125,0.7908526793247314
ELM_huber,humidity,1.0,6.0,37500,250.0,1.0,9.911982358110608,0.1393243250249614,0.0013452432582766,0.1064748835800051,0.419285554846144,0.7777623301590312,0.7976048554981615,0.8183945867498483,0.797920590802347
ELM_huber,humidity,1.0,6.0,37500,250.0,2.0,9.777270064318063,0.1374307886235519,0.0027253863829918,0.1053778819164893,0.4349630994937912,0.7697491110662553,0.7867647252656549,0.8071400338856849,0.7878846234058651
ELM_huber,humidity,1.0,6.0,37500,250.0,3.0,9.928780473229464,0.1395604418748578,0.0009061350606585,0.1072780756988293,0.417315580787147,0.7836293717832908,0.7989565788667018,0.8159011739866782,0.7994957082122237
ELM_huber,humidity,1.0,6.0,37500,250.0,4.0,9.882391815547049,0.1389083958777089,0.0006693845836996,0.1062753639694324,0.4227476284136402,0.7763049081641548,0.7952237414512616,0.8154512155882856,0.7956599550679005
ELM_huber,humidity,1.0,6.0,75000,500.0,0.0,10.02283989210918,0.1408825553103134,0.0020470350810123,0.10780222318938,0.4062232694140334,0.7874580885650418,0.8065254229680444,0.8263860185056011,0.8067898433462292
ELM_huber,humidity,1.0,6.0,75000,500.0,1.0,9.893819810879116,0.1390690295106699,0.0006501258812129,0.1062168877241046,0.4214117874913922,0.7758777593446782,0.7961433379795999,0.8150902861083922,0.7957037944775568
ELM_huber,humidity,1.0,6.0,75000,500.0,2.0,9.994993537925538,0.1404911427390564,0.0022050201789282,0.1074014349410256,0.4095180538230809,0.7845304685342929,0.8042846615842612,0.825135872988105,0.8046503343688863
ELM_huber,humidity,1.0,6.0,75000,500.0,3.0,9.849851040211592,0.1384509978118526,0.0016717269584142,0.1056295373905868,0.426542926895946,0.7715873675766206,0.7926052258535219,0.8139955908833773,0.7927293947711732
ELM_huber,humidity,1.0,6.0,75000,500.0,4.0,10.01093875288082,0.1407152710950966,0.0022377335329568,0.1079816014795092,0.4076325354820376,0.7887683851553735,0.8055677531406024,0.8244278034642839,0.8062546472534199
ELM_huber,humidity,1.0,6.0,150000,1000.0,0.0,10.196612799698883,0.1433251336143143,0.001041197465231,0.1090738806093017,0.385455347032393,0.7967471077668247,0.8205087120660286,0.8425121852990365,0.8199226683772967
ELM_huber,humidity,1.0,6.0,150000,1000.0,1.0,10.15873465586797,0.1427927126886331,0.0001369924154276,0.1090985360257277,0.3900126594012661,0.7969272070868314,0.8174607050836441,0.8375125382395371,0.8173001501366709
ELM_huber,humidity,1.0,6.0,150000,1000.0,2.0,10.178066655891469,0.1430644462084625,0.0002994764996996,0.1095969895279094,0.387688847235526,0.8005682381384546,0.8190163270095261,0.8377132880399542,0.8190992843959782
ELM_huber,humidity,1.0,6.0,150000,1000.0,3.0,10.190408573667586,0.1432379260736949,0.0011897786784202,0.1092694636730989,0.3862029705911043,0.7981757746441575,0.82000946573685,0.8406903110325313,0.8196251838045129
ELM_huber,humidity,1.0,6.0,150000,1000.0,4.0,10.201885541293764,0.143399248068638,0.0021606771435042,0.1095730939333556,0.3848196118098136,0.8003936890553675,0.8209330030046039,0.8422752759901821,0.8212006560167179
ELM_l3,humidity,1.0,6.0,750,5.0,0.0,12.245162936362291,0.1721198645529624,-0.022372299209758,0.1372190959973371,0.1137204572153123,1.0023382065030622,0.9853529860670984,0.9692897733483314,0.9856603219728308
ELM_l3,humidity,1.0,6.0,750,5.0,1.0,11.5168125419247,0.1618820611125994,-0.0205804164721806,0.1301019757958459,0.2160178326509637,0.950350096201215,0.9267435384189128,0.9097775584103908,0.9289570643435062
ELM_l3,humidity,1.0,6.0,750,5.0,2.0,11.62914104343401,0.1634609675400351,-0.0254752408261193,0.1307154729699217,0.2006502119945609,0.9548314816285732,0.9357824728094032,0.9210371219886192,0.937217025475532
ELM_l3,humidity,1.0,6.0,750,5.0,3.0,11.729973204489324,0.1648782796651262,-0.0349611478172044,0.1320857290564503,0.1867283592966445,0.964840730109905,0.9438963110248518,0.9269503670178236,0.9452291360508602
ELM_l3,humidity,1.0,6.0,750,5.0,4.0,11.717825284837575,0.1647075266669076,-0.0254202003546576,0.1318521605031145,0.1884119850965334,0.9631345923224158,0.94291878308459,0.9282308392567222,0.9447614048879092
ELM_l3,humidity,1.0,6.0,1500,10.0,0.0,10.87758407806543,0.1528969690244299,-0.0225686446743967,0.1205985804621989,0.3006308259685466,0.8809310684399314,0.8753056213478043,0.8751920540548817,0.8771429146142058
ELM_l3,humidity,1.0,6.0,1500,10.0,1.0,11.355582862867688,0.1596157923283104,-0.0247204487790232,0.1283624716320821,0.2378149081315848,0.9376436177694846,0.9137695872737056,0.8965497842800842,0.9159876631077584
ELM_l3,humidity,1.0,6.0,1500,10.0,2.0,11.481999247805412,0.1613927201785837,-0.0256640176350839,0.1284024201164557,0.2207503488242411,0.9379354276804056,0.9239421560695276,0.9126400931374928,0.924839225629142
ELM_l3,humidity,1.0,6.0,1500,10.0,3.0,11.08630132478483,0.1558307302509573,-0.0225785404842405,0.1230337343881608,0.2735345819565631,0.8987190286430428,0.8921008378236873,0.888072447178109,0.8929641045482798
ELM_l3,humidity,1.0,6.0,1500,10.0,4.0,11.379143326136369,0.1599469617678421,-0.0236287561538869,0.1282190717532536,0.2346488772830132,0.9365961310744808,0.915665468362064,0.9014053750894784,0.9178889915086744
ELM_l3,humidity,1.0,6.0,3750,25.0,0.0,10.72643339718233,0.1507723721647644,-0.021578513893209,0.1196262442893553,0.3199321106417635,0.8738284877931024,0.8631427146124462,0.8593467448764412,0.8654393157606632
ELM_l3,humidity,1.0,6.0,3750,25.0,1.0,10.894658287013929,0.1531369666910054,-0.0221226990049172,0.1219799999015535,0.2984335462837291,0.8910218613664357,0.8766795616423981,0.8687102797682431,0.8788039009256924
ELM_l3,humidity,1.0,6.0,3750,25.0,2.0,10.85681053949784,0.1526049730205284,-0.0215331494771168,0.1220604847113967,0.3032995251167265,0.8916097751648949,0.8736340006135492,0.8661095279812238,0.8771177679198893
ELM_l3,humidity,1.0,6.0,3750,25.0,3.0,10.646034784426863,0.1496422770888856,-0.0227495578623773,0.1185907364764024,0.3300886281806051,0.8662644600860897,0.8566731385385338,0.8551164967995165,0.85935136514138
ELM_l3,humidity,1.0,6.0,3750,25.0,4.0,10.70716517725116,0.1505015351475712,-0.0183759647033919,0.1186363830320963,0.3223731696386059,0.8665978924442806,0.8615922249910305,0.8599755188058716,0.862721878747061
ELM_l3,humidity,1.0,6.0,7500,50.0,0.0,10.589037532864497,0.1488411150896708,-0.0184416981497103,0.1174836071472428,0.3372426333065627,0.8581772618860788,0.8520866408074318,0.8513249563617749,0.8538629530184284
ELM_l3,humidity,1.0,6.0,7500,50.0,1.0,10.35829785217057,0.1455978031962784,-0.0210585209571786,0.1145939812477417,0.3658114769305269,0.8370695405407428,0.833519306541852,0.837606046010808,0.8360649643644676
ELM_l3,humidity,1.0,6.0,7500,50.0,2.0,10.408270337510434,0.1463002240176895,-0.0197333275558727,0.115149692684236,0.3596775687578717,0.841128821069742,0.8375405300981844,0.8390639420371262,0.839244431068351
ELM_l3,humidity,1.0,6.0,7500,50.0,3.0,10.415115183356198,0.1463964362074318,-0.0218713316032063,0.1153184104070671,0.3588350945774645,0.842361245889908,0.838091326304682,0.8395201753744963,0.8399909158563621
ELM_l3,humidity,1.0,6.0,7500,50.0,4.0,10.321966304671152,0.1450871214628382,-0.0185283371135696,0.1138503226699888,0.370252485045601,0.8316373709169907,0.8305957522369367,0.8343397811371447,0.8321909680970241
ELM_l3,humidity,1.0,6.0,15000,100.0,0.0,10.169179809276695,0.1429395313466851,-0.0177508743408085,0.1115974303516304,0.3887576434784364,0.8151807689446842,0.8183012135484726,0.8255938530865242,0.819691945193227
ELM_l3,humidity,1.0,6.0,15000,100.0,1.0,10.27022640946673,0.144359857660727,-0.0182136213758648,0.1129416251820618,0.376550007534889,0.8249996489317042,0.8264323074135866,0.8316518333394498,0.8276945965615802
ELM_l3,humidity,1.0,6.0,15000,100.0,2.0,10.20056789542668,0.1433807270387954,-0.0176508923250332,0.1123723148579135,0.3849785113673538,0.820841033214971,0.8208269736853977,0.825822943300591,0.82249698340032
ELM_l3,humidity,1.0,6.0,15000,100.0,3.0,10.223048073891103,0.143696711831528,-0.0168459811361039,0.1120519445490296,0.3822647354834898,0.8185008385176546,0.8226359256031762,0.831486681402781,0.8242078151745375
ELM_l3,humidity,1.0,6.0,15000,100.0,4.0,10.222581150101297,0.1436901486800309,-0.0161258479922259,0.1121678102180366,0.3823211626276798,0.8193471972990158,0.8225983528282816,0.8306084130429662,0.8241846543900878
ELM_l3,humidity,1.0,6.0,37500,250.0,0.0,10.097563176612908,0.1419328771128549,-0.0118337923173552,0.1104964297566018,0.3973366983479642,0.807138339035357,0.8125383124573174,0.821406077619649,0.8136942430374412
ELM_l3,humidity,1.0,6.0,37500,250.0,1.0,10.174597432165232,0.1430156822744122,-0.0152189457419334,0.1109780194154392,0.3881061921839073,0.8106561855231292,0.8187371629040138,0.8295430291497781,0.8196454591923071
ELM_l3,humidity,1.0,6.0,37500,250.0,2.0,10.070680859881856,0.1415550151980184,-0.0132061725733876,0.1102712678921858,0.4005413171007327,0.8054936092132341,0.8103751259647405,0.8200292208255078,0.8119659853344942
ELM_l3,humidity,1.0,6.0,37500,250.0,3.0,10.221389699286158,0.1436734014669486,-0.0145588763045797,0.1119544286393311,0.3824651362595053,0.8177885184041725,0.8225024782674818,0.8293238134598002,0.8232049367104848
ELM_l3,humidity,1.0,6.0,37500,250.0,4.0,10.182742290323125,0.1431301676340783,-0.0146827919334616,0.1111971698322276,0.3871261469114321,0.8122570037920559,0.8193925694795473,0.8305359547937791,0.8207285093551274
ELM_l3,humidity,1.0,6.0,75000,500.0,0.0,10.390673938311847,0.1460528863658819,-0.0104042672718958,0.1131835565605672,0.3618408186250965,0.8267668742749803,0.8361245698055804,0.847140341867274,0.8366772619826115
ELM_l3,humidity,1.0,6.0,75000,500.0,1.0,10.301357586623812,0.1447974422011287,-0.0117238616515292,0.1121340196088213,0.3727646677913088,0.819100368543941,0.8289373944043382,0.840065226800812,0.829367663249697
ELM_l3,humidity,1.0,6.0,75000,500.0,2.0,10.287476156783782,0.1446023227211932,-0.011694615195911,0.1121811602858496,0.3744539707295689,0.8194447149435612,0.8278203730617201,0.8381132783098991,0.8284594554383934
ELM_l3,humidity,1.0,6.0,75000,500.0,3.0,10.330450014777488,0.1452063697768049,-0.0107790553955237,0.1127420961449705,0.3692168701712417,0.8235421580793576,0.8312784258060553,0.8393002622649105,0.8313736153834411
ELM_l3,humidity,1.0,6.0,75000,500.0,4.0,10.369857867165509,0.1457602925176128,-0.0123975816587934,0.1134903523896983,0.3643951593421771,0.82900791207587,0.8344495265277714,0.8431301534032577,0.835529197335633
ELM_l3,humidity,1.0,6.0,150000,1000.0,0.0,10.527451998308754,0.1479754594898847,-0.010586095201223,0.1141739417263902,0.3449293703630262,0.834001296595308,0.8471309296675794,0.8591582040187837,0.8467634767605571
ELM_l3,humidity,1.0,6.0,150000,1000.0,1.0,10.621268265661085,0.1492941551506502,-0.0097989275062199,0.1154905156643436,0.3332019138568541,0.8436184154817522,0.8546802076688366,0.8631736929422622,0.8538241053642835
ELM_l3,humidity,1.0,6.0,150000,1000.0,2.0,10.591206387071882,0.1488716008328456,-0.0090224314851344,0.1153868518598518,0.3369711126313582,0.8428611871155521,0.8522611657999287,0.8608588684015841,0.8519937404390218
ELM_l3,humidity,1.0,6.0,150000,1000.0,3.0,10.66527491939649,0.1499127193396064,-0.008966668571902,0.1164901111232852,0.3276650343231084,0.8509201158191722,0.8582213681981291,0.864900016097461,0.8580138333715874
ELM_l3,humidity,1.0,6.0,150000,1000.0,4.0,10.661035369589127,0.1498531275855071,-0.0074555501609445,0.1157879759373119,0.3281994473720867,0.8457912602621814,0.857880216913824,0.8703153283186432,0.8579956018315494
ELM_lp,humidity,1.0,6.0,750,5.0,0.0,12.111361186525306,0.1702391268952785,0.0051814541056023,0.1341833267321644,0.1329832251448323,0.98016295823682,0.9745861261708232,0.9715849810864512,0.9754446884980316
ELM_lp,humidity,1.0,6.0,750,5.0,1.0,11.410686723713813,0.1603903405408961,0.000940663523917,0.1274706125032088,0.2303998341003297,0.9311288941940896,0.9182037262158116,0.9121795585775604,0.9205040596624872
ELM_lp,humidity,1.0,6.0,750,5.0,2.0,11.535189686218382,0.162140373035694,-0.0025249140207381,0.1282324762363398,0.2135138675787806,0.936694046203844,0.9282223242953666,0.9236939909813636,0.9295367871601912
ELM_lp,humidity,1.0,6.0,750,5.0,3.0,11.606427932974997,0.163141708619913,-0.0093276264170722,0.1286189508680369,0.2037696151922186,0.9395171101978074,0.9339547771445946,0.9325248259950768,0.9353322377791596
ELM_lp,humidity,1.0,6.0,750,5.0,4.0,11.56964337273262,0.1626246592707568,-0.003384788332382,0.1285794522375679,0.2088086455549446,0.9392285863146272,0.9309947694693717,0.9277995595977686,0.9326743051272558
ELM_lp,humidity,1.0,6.0,1500,10.0,0.0,10.728041111751285,0.1507949704442063,-0.0009933151527352,0.1172961617718766,0.3197282335558747,0.8568080380182471,0.863272085398241,0.8731898901437289,0.8644233378534056
ELM_lp,humidity,1.0,6.0,1500,10.0,1.0,11.237650398240673,0.1579581157466683,-0.0045032719392092,0.1255440611799525,0.2535639214163943,0.917056100724249,0.904279708961886,0.8977287742606108,0.906354861315582
ELM_lp,humidity,1.0,6.0,1500,10.0,2.0,11.368475794492507,0.1597970173276418,-0.0026101376809834,0.1253743533446097,0.2360831821633342,0.9158164434734076,0.9148070653980636,0.9147590953893164,0.915127534753596
ELM_lp,humidity,1.0,6.0,1500,10.0,3.0,10.999244660406504,0.15460704859322,-0.0017914522638706,0.1205854606170063,0.2848991190731743,0.8808352324922867,0.8850954966413749,0.8908607652716521,0.8855971648017712
ELM_lp,humidity,1.0,6.0,1500,10.0,4.0,11.137622935925044,0.15655211458892,-0.0073980369992657,0.123450270259175,0.2667929875834585,0.9017616796302254,0.8962306238501856,0.8961627986167054,0.8980517006990388
ELM_lp,humidity,1.0,6.0,3750,25.0,0.0,10.588672893060377,0.1488359896573657,-0.0026705877556312,0.1166621356223899,0.3372882774087075,0.8521766955004034,0.8520572986972701,0.8578293268153001,0.8540211070043245
ELM_lp,humidity,1.0,6.0,3750,25.0,1.0,10.680512013325,0.1501268942392615,-0.0012844325058013,0.1180072856079588,0.3257425805606636,0.8620025525665286,0.8594474781388027,0.8624880194674152,0.8613126833909156
ELM_lp,humidity,1.0,6.0,3750,25.0,2.0,10.52211824697392,0.1479004874734173,-0.0025730071577817,0.1151573915115787,0.3455929874907775,0.8411850583502369,0.8467017293513378,0.857378052060414,0.8484216132539962
ELM_lp,humidity,1.0,6.0,3750,25.0,3.0,10.501377573054215,0.1476089534199834,-0.0019368182026197,0.1153291558999722,0.3481703136687208,0.8424397380123648,0.8450327531943005,0.8542636822826961,0.8472453911631205
ELM_lp,humidity,1.0,6.0,3750,25.0,4.0,10.545873917706862,0.1482344007786275,-0.001585585514029,0.1160742955047274,0.3426347568327282,0.8478827260279636,0.8486133185408308,0.8552978970713656,0.8505979805467199
ELM_lp,humidity,1.0,6.0,7500,50.0,0.0,10.165477130605456,0.1428874859345751,-0.0004450478500625,0.1103859173844219,0.3892026787808301,0.8063310842424135,0.8180032636147629,0.8336310787184537,0.8193218088585433
ELM_lp,humidity,1.0,6.0,7500,50.0,1.0,10.152970512815736,0.1427116910210105,-0.0009560299893062,0.1105614021411006,0.3907046858971651,0.8076129399127164,0.8169968716828021,0.8288095650968637,0.8178064588974608
ELM_lp,humidity,1.0,6.0,7500,50.0,2.0,10.2495684759777,0.1440694866193163,-0.0025695251935425,0.1120012566410487,0.3790555483310505,0.8181305808184061,0.8247699892757899,0.8350157084767698,0.8259720928569886
ELM_lp,humidity,1.0,6.0,7500,50.0,3.0,10.270873760071156,0.144368956918853,-0.0016527387491947,0.1121354961979704,0.3764714107381136,0.8191111545187987,0.8264843989091771,0.8397670102416948,0.8284541878898901
ELM_lp,humidity,1.0,6.0,7500,50.0,4.0,10.16278183041489,0.1428496003869396,-0.0010523586879081,0.1105563645978201,0.3895265325194075,0.8075761423951382,0.8177863761707228,0.8315622550018507,0.8189749245225705
ELM_lp,humidity,1.0,6.0,15000,100.0,0.0,9.908455609633377,0.1392747525143,-0.0002585326277653,0.107343168455533,0.4196987253622389,0.784104851938123,0.7973210624476967,0.8136349160282776,0.7983536101380325
ELM_lp,humidity,1.0,6.0,15000,100.0,1.0,9.932445028711472,0.1396119514216469,3.193468344188948e-05,0.1074586696220595,0.4168853822471849,0.7849485481544825,0.7992514610749313,0.8159710454131078,0.8000570182141739
ELM_lp,humidity,1.0,6.0,15000,100.0,2.0,10.038427199208986,0.141101652859338,-0.0014697354529878,0.1094004206627209,0.404374975470765,0.7991323703216955,0.8077797141257331,0.8204969472052763,0.8091363438842349
ELM_lp,humidity,1.0,6.0,15000,100.0,3.0,10.038890122531075,0.1411081597796551,-0.000457929748675,0.108606330815497,0.4043200395595437,0.7933318176545645,0.8078169649879808,0.8260645405406571,0.8090711077277342
ELM_lp,humidity,1.0,6.0,15000,100.0,4.0,10.02490889916919,0.1409116375868644,-0.000992430363081,0.1088563062548827,0.4059780983721041,0.7951578020903494,0.8066919133851478,0.8230845996991077,0.808311438391535
ELM_lp,humidity,1.0,6.0,37500,250.0,0.0,9.819868343293804,0.1380295564836121,0.000140328930776,0.1060517777126485,0.4300287909599296,0.7746716876127825,0.7901925556349366,0.809317376385689,0.7913938732111361
ELM_lp,humidity,1.0,6.0,37500,250.0,1.0,9.902333585671968,0.1391887004184231,-0.0008237584728006,0.1065396610245744,0.4204155920345638,0.7782355070673876,0.7968284308165379,0.8168333131349472,0.7972990836729575
ELM_lp,humidity,1.0,6.0,37500,250.0,2.0,9.784102073399172,0.1375268203777863,0.000605406296849,0.1056598111200398,0.434173168164638,0.7718085067370526,0.7873144885137139,0.806464626759901,0.7885292073368891
ELM_lp,humidity,1.0,6.0,37500,250.0,3.0,9.938293027119007,0.139694151772842,-0.0013367195632386,0.1075570075320869,0.4161985307766328,0.785666872697081,0.7997220422116078,0.8154945981056113,0.8002945043381001
ELM_lp,humidity,1.0,6.0,37500,250.0,4.0,9.891847595028,0.1390413077460084,-0.0013695771551745,0.1065683882578294,0.4216424339218542,0.7784453496060613,0.7959846362303323,0.815425525709253,0.7966185038485488
ELM_lp,humidity,1.0,6.0,75000,500.0,0.0,10.020227519762043,0.1408458354090032,0.0003938002638895,0.1079605055914887,0.4065327553039829,0.7886142869636499,0.8063152086241155,0.8252304401653069,0.8067199785843574
ELM_lp,humidity,1.0,6.0,75000,500.0,1.0,9.877081949599395,0.1388337595978608,-0.001109618589596,0.1062163064781351,0.4233677837994146,0.775873513543185,0.7947964631623302,0.8129535786653097,0.7945411851236083
ELM_lp,humidity,1.0,6.0,75000,500.0,2.0,9.935803596228048,0.1396591599552572,0.0007292740221528,0.1069256235800981,0.4164909655812518,0.78105483052138,0.7995217208132921,0.8197111137560669,0.8000958883635797
ELM_lp,humidity,1.0,6.0,75000,500.0,3.0,9.99367463574982,0.1404726040503495,-0.0001838670291017,0.1072768502884076,0.4096738791445481,0.7836204205824726,0.8041785311714665,0.8241959110444731,0.8039982875994708
ELM_lp,humidity,1.0,6.0,75000,500.0,4.0,9.993873759680568,0.1404754029664739,0.0006267083087681,0.1079493435124717,0.4096503544185663,0.7885327518232136,0.8041945544257735,0.8222290183134605,0.8049854415208159
ELM_lp,humidity,1.0,6.0,150000,1000.0,0.0,10.162639441910128,0.1428475989525544,-0.0007750060538815,0.1088976879621854,0.38954363881899,0.795460081200836,0.8177749183453694,0.8388757583465328,0.8173702526309127
ELM_lp,humidity,1.0,6.0,150000,1000.0,1.0,10.131571202425915,0.1424108990736134,-0.0010736721408174,0.1089963831099916,0.3932703899882276,0.7961810152422946,0.8152748958706411,0.834154879520742,0.8152035968778925
ELM_lp,humidity,1.0,6.0,150000,1000.0,2.0,10.15350664989929,0.1427192270450457,-0.0008193796205361,0.1094664733637098,0.3906403353827495,0.7996148625387054,0.817040013965103,0.8348493303456023,0.8171680689498034
ELM_lp,humidity,1.0,6.0,150000,1000.0,3.0,10.175137437159709,0.1430232726663891,-0.0001494949796683,0.1093172187252504,0.3880412393475921,0.798524608842321,0.8187806164322815,0.838775327316565,0.8186935175303892
ELM_lp,humidity,1.0,6.0,150000,1000.0,4.0,10.183298349268023,0.1431379836828134,0.0010824225665345,0.109498774097063,0.3870592094827072,0.7998508082640629,0.819437314849179,0.8401195770553693,0.8198025667228704
ELM_m_estimator,humidity,1.0,6.0,750,5.0,0.0,12.205505457711778,0.1715624330276073,0.0083866850064729,0.1351765431471754,0.1194518137156154,0.9874180618567336,0.98216179823144,0.9786306555015106,0.9827368385298948
ELM_m_estimator,humidity,1.0,6.0,750,5.0,1.0,11.414153165084969,0.160439065365742,0.0048797854699652,0.127246973111399,0.2299321709107015,0.9294952855096662,0.9184826664286811,0.9142339748593205,0.920737308932556
ELM_m_estimator,humidity,1.0,6.0,750,5.0,2.0,11.540409570188976,0.1622137445152464,0.00152729463014,0.1280795410516461,0.2128019078548332,0.9355769073856434,0.9286423618468536,0.9255480972420788,0.9299224554915252
ELM_m_estimator,humidity,1.0,6.0,750,5.0,3.0,11.613860796228469,0.1632461860713832,-0.0046936106090904,0.1283687818069791,0.2027494621079948,0.9376897114224348,0.934552890378359,0.9353904278775192,0.9358776765594377
ELM_m_estimator,humidity,1.0,6.0,750,5.0,4.0,11.56559663962822,0.1625677777774332,0.0008494532906662,0.1282670387174912,0.2093620213512168,0.9369465132174022,0.9306691339046216,0.929243979838774,0.932286542320266
ELM_m_estimator,humidity,1.0,6.0,1500,10.0,0.0,10.720366728348772,0.1506870981489472,0.003145292014786,0.1169468724083546,0.3207011602958314,0.8542565995931601,0.8626545373393717,0.8741048373622406,0.8636719914315908
ELM_m_estimator,humidity,1.0,6.0,1500,10.0,1.0,11.235407057712928,0.157926583012495,-0.0008001843945512,0.1252777944155323,0.2538619095381511,0.9151111137735584,0.904099190148109,0.8991900291018836,0.9061334443411836
ELM_m_estimator,humidity,1.0,6.0,1500,10.0,2.0,11.369793044543506,0.1598155327938335,0.0012178819504155,0.1251700081333833,0.2359061438720113,0.9143237721287996,0.9149130628664432,0.9162788010483612,0.9151718786812014
ELM_m_estimator,humidity,1.0,6.0,1500,10.0,3.0,10.999396270435016,0.1546091796467396,0.0019058183495501,0.1204040815950821,0.2848794054991095,0.8795103212457038,0.8851076965112409,0.8921174315222384,0.885578483093061
ELM_m_estimator,humidity,1.0,6.0,1500,10.0,4.0,11.135490227993916,0.1565221369232781,-0.0031097695570513,0.1231541777214696,0.267073759648377,0.8995988256845301,0.896059007503448,0.8976374412678955,0.8977650914852912
ELM_m_estimator,humidity,1.0,6.0,3750,25.0,0.0,10.586313703704755,0.1488028285345245,0.0010781167305763,0.1164176092009836,0.3375835529895881,0.8503905142630649,0.8518674576728315,0.8591049568550161,0.8537876429303042
ELM_m_estimator,humidity,1.0,6.0,3750,25.0,1.0,10.66729874038582,0.1499411664739053,0.0028962854171024,0.1175663011316561,0.3274098482681485,0.8587813129434263,0.8583842225484929,0.8632019831233213,0.8601225062050801
ELM_m_estimator,humidity,1.0,6.0,3750,25.0,2.0,10.520727471614569,0.1478809385243572,0.0011905523718858,0.1148320429567092,0.345765970340348,0.8388084992816467,0.8465898153931153,0.8589355735629668,0.8481112960792428
ELM_m_estimator,humidity,1.0,6.0,3750,25.0,3.0,10.460959487474344,0.1470408306884483,0.0014717030226895,0.1142764391361088,0.3531782295732762,0.8347500048496644,0.8417803602678675,0.8525180087614848,0.8430161246263389
ELM_m_estimator,humidity,1.0,6.0,3750,25.0,4.0,10.541108735071608,0.1481674206499014,0.0022033446325578,0.1157816270333574,0.3432286872664811,0.8457448837068138,0.8482298702385743,0.8564605935962736,0.8501451158472206
ELM_m_estimator,humidity,1.0,6.0,7500,50.0,0.0,10.160314065748793,0.1428149131130924,0.0029331551110537,0.1101145694306804,0.3898229714217092,0.8043489809548596,0.817587798226494,0.8345035177720027,0.8188134323177855
ELM_m_estimator,humidity,1.0,6.0,7500,50.0,1.0,10.159015824196356,0.142796664833235,0.002370199109359,0.1103928457885169,0.3899788930907611,0.8063816938465945,0.8174833303482814,0.8304160184170439,0.8180936808706399
ELM_m_estimator,humidity,1.0,6.0,7500,50.0,2.0,10.24550147294033,0.1440123202087453,0.0010091998900926,0.1117302378432121,0.3795482289632317,0.8161508819013005,0.82444272261482,0.8359345644294509,0.8255093896485238
ELM_m_estimator,humidity,1.0,6.0,7500,50.0,3.0,10.270905559030153,0.144369403889836,0.0018500472382398,0.1118759510479988,0.3764675498025791,0.8172152666451886,0.8264869577317393,0.8412381617470245,0.8283134620413174
ELM_m_estimator,humidity,1.0,6.0,7500,50.0,4.0,10.158969585011755,0.1427960148882542,0.0023053945180006,0.1102862059115775,0.389984446151189,0.8056027262968074,0.8174796095387785,0.8327182389287939,0.8186001915881267
ELM_m_estimator,humidity,1.0,6.0,15000,100.0,0.0,9.91436619387158,0.1393578325814086,0.0022342383976287,0.107206740569856,0.4190061971400958,0.7831082932503352,0.7977966797880934,0.815145915194254,0.7986836294108942
ELM_m_estimator,humidity,1.0,6.0,15000,100.0,1.0,9.932224105390986,0.1396088460899991,0.0025793858494712,0.1072471371163327,0.4169113219195457,0.7834033761005034,0.7992336836509262,0.8170066422816832,0.7998812340110376
ELM_m_estimator,humidity,1.0,6.0,15000,100.0,2.0,10.035034177579377,0.1410539600334974,0.0014812780133881,0.1091957809196743,0.4047775538835441,0.7976375475236455,0.8075066819078768,0.8212331191936344,0.8087924495417189
ELM_m_estimator,humidity,1.0,6.0,15000,100.0,3.0,10.033414500549702,0.141031193607896,0.0021457427520571,0.1083871653563776,0.4049696788539392,0.791730889506594,0.8073763485177907,0.826721764015149,0.8086096673465112
ELM_m_estimator,humidity,1.0,6.0,15000,100.0,4.0,10.077421357658023,0.1416497606554927,0.0020555990426377,0.1090330037697484,0.3997385904098457,0.7964485165412556,0.8109175254122484,0.8286493046623999,0.8120051155386347
ELM_m_estimator,humidity,1.0,6.0,37500,250.0,0.0,9.81405678655479,0.1379478683620282,0.0022659156668328,0.1057494269980116,0.4307032276699412,0.7724631198413555,0.7897249069138663,0.8102869115873573,0.7908249794475264
ELM_m_estimator,humidity,1.0,6.0,37500,250.0,1.0,9.9120412718316,0.1393251531251451,0.0018142820717971,0.1064377312073818,0.4192786516557962,0.7774909448808244,0.7976095962117971,0.8186320396966165,0.7979108602630793
ELM_m_estimator,humidity,1.0,6.0,37500,250.0,2.0,9.959960901531757,0.1399987186968147,0.0026206775747314,0.1073566735308875,0.4136500998498338,0.7842035018593392,0.8014656290356692,0.8210357386802484,0.8022349565250856
ELM_m_estimator,humidity,1.0,6.0,37500,250.0,3.0,9.92907085006281,0.1395645234555999,0.0013281377871696,0.1072606366539999,0.417281497944621,0.7835019855708225,0.798979945128246,0.8161733466133914,0.7995517591041533
ELM_m_estimator,humidity,1.0,6.0,37500,250.0,4.0,9.88239419602418,0.138908429338056,0.0010899703573326,0.1062475907507648,0.4227473503157337,0.7761020343732598,0.795223933005287,0.8155228740643845,0.7956162804809771
ELM_m_estimator,humidity,1.0,6.0,75000,500.0,0.0,10.020684612148376,0.1408522603688042,0.0023922750174723,0.1077532840632417,0.4064786097178084,0.7871006051144711,0.8063519902782365,0.8263563215846245,0.8066029723257774
ELM_m_estimator,humidity,1.0,6.0,75000,500.0,1.0,9.889609142670835,0.139009843720701,0.001049014565546,0.1061382470325881,0.4219041604319886,0.7753033161950574,0.7958045107615442,0.8149821625291196,0.7953633298285737
ELM_m_estimator,humidity,1.0,6.0,75000,500.0,2.0,9.99519856774794,0.1404940246692883,0.002546185828341,0.1073855783223743,0.4094938281645389,0.7844146413997046,0.8043011600783022,0.8253189411850123,0.8046782475543397
ELM_m_estimator,humidity,1.0,6.0,75000,500.0,3.0,9.850208735625568,0.1384560256327583,0.002104300189974,0.1056040509737357,0.4265012761767983,0.7714011980848964,0.7926340091572718,0.8141922860827483,0.7927424977749721
ELM_m_estimator,humidity,1.0,6.0,75000,500.0,4.0,10.011896193667129,0.1407287290277769,0.0026772720863727,0.107951699218653,0.4075192226536813,0.7885499594450215,0.805644797206302,0.8247665188089436,0.8063204251534223
ELM_m_estimator,humidity,1.0,6.0,150000,1000.0,0.0,10.202663808969186,0.143410187516939,0.0015173684675135,0.1090955943185923,0.3847257481272983,0.7969057189300067,0.8209956292335828,0.8433066864324783,0.8204026781986893
ELM_m_estimator,humidity,1.0,6.0,150000,1000.0,1.0,10.15264527958669,0.1427071194934921,0.0005032967361785,0.1089905885822283,0.3907437207605656,0.7961386882139492,0.816970700570578,0.8374249459747066,0.816844778253078
ELM_m_estimator,humidity,1.0,6.0,150000,1000.0,2.0,10.175215836958516,0.1430243746658334,0.0006536936293278,0.1095227725767471,0.3880318089828735,0.8000261088875695,0.8187869251662905,0.8378382319864212,0.8188837553467604
ELM_m_estimator,humidity,1.0,6.0,150000,1000.0,3.0,10.187790192970462,0.1432011217181074,0.0016793802646282,0.1092070714694249,0.3865183549658372,0.7977200210985167,0.8197987679084927,0.8406648939319556,0.819394560979655
ELM_m_estimator,humidity,1.0,6.0,150000,1000.0,4.0,10.19852596881508,0.1433520254091281,0.0025338848294688,0.109505828658548,0.3852247139440611,0.7999023394045004,0.820662662398196,0.8422389508986754,0.8209346509004573
ELM_mae,humidity,1.0,6.0,750,5.0,0.0,12.108134926414769,0.1701937780946031,0.006621934487693,0.1340871273141658,0.1334450805922483,0.9794602546415038,0.9743265130443772,0.9718522924445012,0.9752130200434608
ELM_mae,humidity,1.0,6.0,750,5.0,1.0,11.411627999380713,0.1604035712542101,0.0014899513357462,0.12743528841305,0.2302728591328586,0.930870863889206,0.9182794694945176,0.912558044682764,0.920569459355496
ELM_mae,humidity,1.0,6.0,750,5.0,2.0,11.538393222041876,0.1621854024203495,-0.0013826118916844,0.1281763402743133,0.2130769633874473,0.9362839923473528,0.9284801088267816,0.9244915564712062,0.9297518858817804
ELM_mae,humidity,1.0,6.0,750,5.0,3.0,11.610483961591251,0.1631987207723589,-0.0081129433917904,0.1285575482571936,0.2032130102578925,0.9390685852867516,0.9342811607075878,0.9335377016438586,0.9356291492127328
ELM_mae,humidity,1.0,6.0,750,5.0,4.0,11.564309293818988,0.1625496826497922,-0.0018360126734235,0.1284204038339595,0.209538020545039,0.93806679253905,0.9305655427932726,0.9279544545005134,0.9321955966109452
ELM_mae,humidity,1.0,6.0,1500,10.0,0.0,10.725997886662464,0.1507662505629466,0.0002697268470041,0.1171681595737836,0.319987333230008,0.8558730260745199,0.863107669624197,0.8735311077886573,0.8641706011624581
ELM_mae,humidity,1.0,6.0,1500,10.0,1.0,11.239857855945385,0.1579891441064473,-0.0038144450898735,0.1254880039620598,0.2532706416205049,0.9166466220665174,0.904457340329656,0.8983146245454648,0.9064728623138794
ELM_mae,humidity,1.0,6.0,1500,10.0,2.0,11.3717233630337,0.1598426656428452,-0.0013393578733655,0.1252926966923239,0.2356466721827607,0.915219969769756,0.9150683931873428,0.9156514194548648,0.915313260803988
ELM_mae,humidity,1.0,6.0,1500,10.0,3.0,11.00087139739065,0.1546299142546106,-0.0005297902229808,0.1204979954497981,0.2846875832617186,0.8801963295889133,0.8852263981371904,0.8916282577343113,0.8856836618201384
ELM_mae,humidity,1.0,6.0,1500,10.0,4.0,11.136303816573456,0.1565335728475561,-0.0065399195925781,0.1233429223208111,0.2669666566488262,0.9009775399357508,0.8961244759615197,0.8965650163772914,0.8978890107581873
ELM_mae,humidity,1.0,6.0,3750,25.0,0.0,10.585787837618058,0.1487954368811764,-0.0016987110183272,0.1165149340268847,0.3376493612969364,0.8511014385752599,0.8518251418848347,0.8581634305526894,0.8536966703375947
ELM_mae,humidity,1.0,6.0,3750,25.0,1.0,10.675692140677135,0.1500591453794363,-0.0001790485808764,0.1178666494110037,0.3263509973858418,0.8609752536151634,0.8590596289994555,0.8625918550639384,0.8608755792261857
ELM_mae,humidity,1.0,6.0,3750,25.0,2.0,10.520359224351472,0.1478757623850624,-0.0017402606062827,0.11504943521939,0.3458117686323666,0.8403964748407287,0.8465601829952301,0.8576067168423704,0.8481877915594431
ELM_mae,humidity,1.0,6.0,3750,25.0,3.0,10.500908132537962,0.1476023548929982,-0.0007674765530847,0.1152330120862053,0.3482285895326094,0.8417374405867983,0.8449949779015685,0.8547326660749761,0.8471550281877809
ELM_mae,humidity,1.0,6.0,3750,25.0,4.0,10.543089008814263,0.1481952556775066,-0.0005963890380093,0.1159507002032915,0.3429818993462235,0.8469799049455693,0.8483892203963219,0.855613722505507,0.8503276159491328
ELM_mae,humidity,1.0,6.0,7500,50.0,0.0,10.16584710724403,0.1428926863822335,0.0011220591767664,0.1102713685394422,0.3891582175422319,0.8054943444067558,0.8180330351733357,0.8342678141980616,0.8192650645927176
ELM_mae,humidity,1.0,6.0,7500,50.0,1.0,10.155424733963326,0.1427461879251106,9.306419387416409e-06,0.1105010426441828,0.3904100871540911,0.8071720345893991,0.8171943597969916,0.8294115889134052,0.8179259944332653
ELM_mae,humidity,1.0,6.0,7500,50.0,2.0,10.247432370599094,0.1440394611986381,-0.0019082868526415,0.1118983066206499,0.3793143425561529,0.8173785663990137,0.824598099540692,0.8352292832449869,0.8257353163948976
ELM_mae,humidity,1.0,6.0,7500,50.0,3.0,10.271913392112802,0.1443835701442647,-0.0006135793119099,0.1120653134271441,0.3763451754978969,0.8185984935649702,0.826568056802663,0.8403298706897347,0.8284988070191227
ELM_mae,humidity,1.0,6.0,7500,50.0,4.0,10.161212348947192,0.1428275395177587,0.0005268255490325,0.1103844714836264,0.3897150739691658,0.8063205224354032,0.8176600819548916,0.8322948308054806,0.8187584783985917
ELM_mae,humidity,1.0,6.0,15000,100.0,0.0,9.91281950651408,0.1393360921096923,0.0018612390526037,0.1071952837751969,0.419187458485092,0.7830246053137007,0.797672219785875,0.814963164163536,0.7985533297543705
ELM_mae,humidity,1.0,6.0,15000,100.0,1.0,9.934018880943093,0.1396340737269474,0.002197746392714,0.107275431616122,0.4167005719713583,0.783610057670343,0.7993781070006829,0.8170462842081276,0.8000114829597179
ELM_mae,humidity,1.0,6.0,15000,100.0,2.0,10.03677040197164,0.1410783646664764,-0.0005541011416197,0.109312271463351,0.4045715697060241,0.7984884707991184,0.807646393718842,0.8207268717906848,0.8089539121028816
ELM_mae,humidity,1.0,6.0,15000,100.0,3.0,10.038475925842368,0.1411023377682756,-0.0001044861740265,0.1085674985034679,0.4043691931162056,0.7930481609979547,0.8077836350971367,0.8261845672262441,0.8090054544404452
ELM_mae,humidity,1.0,6.0,15000,100.0,4.0,10.026234859111971,0.140930275480614,0.000590142307859,0.1087298648161542,0.4058209495452304,0.7942341909558958,0.8067986117276538,0.8239547098952651,0.8083291708596049
ELM_mae,humidity,1.0,6.0,37500,250.0,0.0,9.816249094153822,0.1379786837696274,0.0008689883418836,0.1059148210893053,0.4304488551780456,0.7736712666785622,0.7899013191715316,0.8096417539160045,0.7910714465886994
ELM_mae,humidity,1.0,6.0,37500,250.0,1.0,9.89927759810072,0.1391457449943449,4.345952206656593e-05,0.1064444071877709,0.4207732712470303,0.7775397106168264,0.7965825193089195,0.816929258605384,0.79701716284371
ELM_mae,humidity,1.0,6.0,37500,250.0,2.0,9.780287920063689,0.1374732080609148,0.0013397530318302,0.1055199011467587,0.4346142366702696,0.7707865125993476,0.7870075683528333,0.8066243481322132,0.7881394763614646
ELM_mae,humidity,1.0,6.0,37500,250.0,3.0,9.932992914130416,0.1396196525820633,-0.0006156888423892,0.1074201647041737,0.4168210498885034,0.7846672829992598,0.7992955487311253,0.8155498915273192,0.7998375744192346
ELM_mae,humidity,1.0,6.0,37500,250.0,4.0,9.888977149984044,0.139000960335791,-0.000585552834949,0.1064565711507521,0.4219780441747601,0.7776285641743428,0.7957536550984272,0.8155680919969105,0.7963167704232269
ELM_mae,humidity,1.0,6.0,75000,500.0,0.0,10.012605408894697,0.140738697864414,0.000906770547837,0.1078266074490183,0.4074352802587574,0.7876362071781626,0.8057018668709425,0.8249592155687187,0.8060990965392746
ELM_mae,humidity,1.0,6.0,75000,500.0,1.0,9.87018087141847,0.1387367569979,-0.0004928864304422,0.1061011313127531,0.424173283609174,0.7750321986528368,0.7942411420099702,0.8125990979359723,0.7939574795329264
ELM_mae,humidity,1.0,6.0,75000,500.0,2.0,9.933861898765263,0.1396318671616836,0.0013903226469873,0.1068198700621368,0.4167190069858546,0.7802823375184618,0.7993654748406631,0.8199977609028389,0.7998818577539879
ELM_mae,humidity,1.0,6.0,75000,500.0,3.0,9.98862963273246,0.1404016907239584,0.0005956677509379,0.1071366444865054,0.4102697451184391,0.782596265518642,0.8037725660721282,0.824251365996298,0.803540065862356
ELM_mae,humidity,1.0,6.0,75000,500.0,4.0,9.989003795605916,0.1404069500139683,0.0013713219436613,0.1078024249662797,0.4102255630218773,0.7874595624757552,0.8038026744917999,0.8223552007574567,0.8045391459083372
ELM_mae,humidity,1.0,6.0,150000,1000.0,0.0,10.160784541614367,0.1428215261931044,-0.0002146782219899,0.108793633173082,0.3897664613157572,0.7946999968267922,0.8176256568324942,0.8392567747718237,0.8171941428103701
ELM_mae,humidity,1.0,6.0,150000,1000.0,1.0,10.126749493928004,0.1423431244088019,-0.0006021616083791,0.1088613819690547,0.3938477490430434,0.7951948784331351,0.8148868990027305,0.8342651484451696,0.8147823086270117
ELM_mae,humidity,1.0,6.0,150000,1000.0,2.0,10.148664234066093,0.1426511613147936,-0.0002927365097222,0.1093426394032774,0.3912214290576111,0.7987102981345913,0.8166503508037537,0.8349584215482476,0.8167730234955308
ELM_mae,humidity,1.0,6.0,150000,1000.0,3.0,10.16105313212453,0.1428253015419887,0.0004410721143285,0.1090841908453246,0.3897341990227991,0.7968224204877602,0.8176472699757896,0.8380057253114078,0.8174918052583192
ELM_mae,humidity,1.0,6.0,150000,1000.0,4.0,10.173302479908076,0.1429974802293874,0.0015557132224765,0.1093288421466373,0.3882619374797706,0.7986095139297776,0.818632959711289,0.8396705687592638,0.8189710141334435
ELM_ols,humidity,1.0,6.0,750,5.0,0.0,12.111986222790987,0.1702479124996799,0.0020423252814055,0.1343558380118142,0.1328937338147724,0.981423093682174,0.9746364220594111,0.9703154521865314,0.9754583226427056
ELM_ols,humidity,1.0,6.0,750,5.0,1.0,11.41001563726752,0.1603809076481825,-0.0013209249514572,0.1276240967489981,0.230490355041902,0.9322500437143716,0.9181497247266356,0.9110202851610018,0.9204733512006698
ELM_ols,humidity,1.0,6.0,750,5.0,2.0,11.53654157262487,0.1621593753557436,-0.0052308518354014,0.1284209888282044,0.21332950958479,0.9380710657204024,0.9283311089080644,0.9227114456617632,0.9297045400967432
ELM_ols,humidity,1.0,6.0,750,5.0,3.0,11.603235046086082,0.1630968289182946,-0.0123300193489216,0.1288310444142678,0.2042076352076267,0.9410663804593168,0.9336978495196612,0.9306029326110248,0.9351223875300008
ELM_ols,humidity,1.0,6.0,750,5.0,4.0,11.573965336712694,0.1626854094509479,-0.0056686016426123,0.1288281165747194,0.2082174191669628,0.9410449936004364,0.931342552519346,0.9269371546673864,0.9331082335957228
ELM_ols,humidity,1.0,6.0,1500,10.0,0.0,10.733980459680591,0.1508784548181128,-0.0035911538978099,0.1175642550240592,0.3189747895492336,0.8587663668325798,0.863750017316979,0.8725959466006689,0.8650374435834092
ELM_ols,humidity,1.0,6.0,1500,10.0,1.0,11.238330256248735,0.1579676719337825,-0.0067061283232611,0.1257291624320995,0.2534736025546952,0.9184082015798184,0.9043344162876954,0.8966717809108742,0.9064714662594628
ELM_ols,humidity,1.0,6.0,1500,10.0,2.0,11.371474536559854,0.1598391681002483,-0.0055451173273077,0.125625653442763,0.2356801216884265,0.9176521040849732,0.9150483704313948,0.9136850108026076,0.9154618284396586
ELM_ols,humidity,1.0,6.0,1500,10.0,3.0,10.998828245921146,0.1546011954081551,-0.0042933228387518,0.1207605776463955,0.2849532632872158,0.8821144020414688,0.885061988287201,0.8897115871485417,0.8856293258257372
ELM_ols,humidity,1.0,6.0,1500,10.0,4.0,11.14110112749764,0.1566010045763767,-0.0098855107132294,0.1236914600521205,0.2663349665721068,0.903523487946559,0.8965105095871074,0.8952477361649849,0.898427244566217
ELM_ols,humidity,1.0,6.0,3750,25.0,0.0,10.593876479892106,0.1489091320618663,-0.0048167982104553,0.116892238114128,0.3366367651049936,0.8538575149024284,0.8524760248383227,0.8572254117054086,0.8545196504820533
ELM_ols,humidity,1.0,6.0,3750,25.0,1.0,10.69025655539131,0.1502638649981889,-0.0036996817563611,0.1182992262113651,0.3245116794477471,0.8641350780630485,0.8602316092828957,0.8621504542311723,0.8621723805257054
ELM_ols,humidity,1.0,6.0,3750,25.0,2.0,10.526274562842554,0.1479589092786694,-0.0047120059891468,0.1154200075587289,0.3450758939965478,0.8431033780694149,0.8470361829044248,0.8566325219423475,0.848924027638729
ELM_ols,humidity,1.0,6.0,3750,25.0,3.0,10.505162292336257,0.1476621520073424,-0.0043670302190265,0.1155604031022828,0.3477003873338177,0.8441289191306208,0.8453373048336184,0.8534639118286478,0.847643378597629
ELM_ols,humidity,1.0,6.0,3750,25.0,4.0,10.553105886904984,0.1483360544328338,-0.0037881645111531,0.1163310205142255,0.3417328542874207,0.8497580137473181,0.8491952660805694,0.8547691643626583,0.8512408147301819
ELM_ols,humidity,1.0,6.0,7500,50.0,0.0,10.17239550831339,0.1429847316993072,-0.0029037237499701,0.1106447746182475,0.3883710081213041,0.8082219471256534,0.8185599768384807,0.8332986206626029,0.8200268482089124
ELM_ols,humidity,1.0,6.0,7500,50.0,1.0,10.158588679469329,0.1427906608222682,-0.0034065241646232,0.1108403954371077,0.3900301897568579,0.8096508897907098,0.8174489585449458,0.8282232071180845,0.8184410184845801
ELM_ols,humidity,1.0,6.0,7500,50.0,2.0,10.255520188026903,0.1441531447851644,-0.0044748102033683,0.1122282365865796,0.3783341998007783,0.8197885910965089,0.8252489161198322,0.8346326956031108,0.8265567342731507
ELM_ols,humidity,1.0,6.0,7500,50.0,3.0,10.276983277146034,0.1444548332160388,-0.0038478045368987,0.112347507752123,0.3757293917708485,0.8206598258564333,0.8269760241267788,0.8393561178968149,0.8289973226266757
ELM_ols,humidity,1.0,6.0,7500,50.0,4.0,10.169502288500547,0.1429440641634895,-0.0033485088039514,0.1108446009415392,0.3887188761265399,0.8096816095512406,0.8183271630493341,0.8308992251125669,0.8196359992377138
ELM_ols,humidity,1.0,6.0,15000,100.0,0.0,9.909495885085915,0.1392893747835927,-0.0024255312148229,0.1075776516453353,0.4195768688622381,0.7858176708297888,0.7974047721156546,0.8125490683300737,0.7985905037585058
ELM_ols,humidity,1.0,6.0,15000,100.0,1.0,9.941755178985932,0.1397428163037669,-0.0027888728876247,0.1078306159448614,0.4157917081159998,0.7876654878588499,0.8000006372534231,0.8154011977888951,0.801022440967056
ELM_ols,humidity,1.0,6.0,15000,100.0,2.0,10.050093131502068,0.1412656309702545,-0.0037078076748879,0.1096814991984855,0.4029897866151727,0.8011855521574823,0.808718457144506,0.8205584900014344,0.8101541664344744
ELM_ols,humidity,1.0,6.0,15000,100.0,3.0,10.049175696424252,0.1412527353638709,-0.0031111402264798,0.1089355232909962,0.40309877925929,0.7957364552386258,0.808644632288263,0.8256616133979863,0.8100142336416251
ELM_ols,humidity,1.0,6.0,15000,100.0,4.0,10.081182218521818,0.141702623885312,-0.0028686632502198,0.109473232139915,0.3992904755977331,0.7996642330696108,0.8112201571944124,0.8267506422789525,0.8125450108476585
ELM_ols,humidity,1.0,6.0,37500,250.0,0.0,9.844509101977494,0.1383759107190894,-0.0017194441540442,0.1065590114371618,0.4271647721526775,0.7783768551626141,0.7921753667477093,0.8096957091744098,0.7934159770282444
ELM_ols,humidity,1.0,6.0,37500,250.0,1.0,9.92710892933032,0.1395369464006849,-0.0029687788927918,0.1070049439109318,0.4175117580723736,0.7816342382019894,0.7988220718143315,0.817642079979636,0.7993661299986523
ELM_ols,humidity,1.0,6.0,37500,250.0,2.0,9.812031139638162,0.1379193955622186,-0.0014102519052759,0.1061718473529839,0.4309382120939047,0.7755487549558852,0.7895619056334104,0.8075783610606696,0.7908963405499884
ELM_ols,humidity,1.0,6.0,37500,250.0,3.0,9.965359604356056,0.1400746036812539,-0.0032574137973477,0.1080306713905072,0.4130142767144221,0.7891268239442717,0.8019000559172436,0.8165547643682384,0.8025272147432512
ELM_ols,humidity,1.0,6.0,37500,250.0,4.0,9.918481770258325,0.1394156817463339,-0.0033552255282948,0.1070549814494171,0.4185237415555792,0.781999745176209,0.7981278550858938,0.8165522741928778,0.7988932914849936
ELM_ols,humidity,1.0,6.0,75000,500.0,0.0,10.07211441235223,0.1415751654286288,-0.0014208368470696,0.1087068287735041,0.400370640132222,0.7940659206032386,0.8104904821437238,0.8282699342601312,0.8109421123356979
ELM_ols,humidity,1.0,6.0,75000,500.0,1.0,9.93336554160921,0.1396248902903333,-0.0030831435097943,0.1070134218968228,0.4167772941786558,0.7816961669671583,0.7993255335995039,0.8161163612032802,0.7990460205899809
ELM_ols,humidity,1.0,6.0,75000,500.0,2.0,10.06006457870811,0.1414057911421869,-0.0023177816649886,0.1083227072058217,0.4018045221640448,0.7912600449309674,0.8095208470621368,0.8296365950551372,0.8101391623494137
ELM_ols,humidity,1.0,6.0,75000,500.0,3.0,9.90669780450425,0.1392500445392156,-0.0022799202320377,0.1066672655275355,0.4199046032741642,0.7791676139852339,0.7971796140617577,0.815993501969214,0.7974469100054019
ELM_ols,humidity,1.0,6.0,75000,500.0,4.0,10.081619839858655,0.1417087751570928,-0.0032097622411327,0.1092188526434706,0.3992383211965392,0.7978060785147799,0.8112553720374701,0.827274890066241,0.812112113539497
ELM_ols,humidity,1.0,6.0,150000,1000.0,0.0,10.231654953323783,0.1438176914321977,-0.002426935725039,0.1098969790846473,0.381224143475137,0.8027595584651545,0.8233285104543361,0.8424803771358763,0.8228561486851222
ELM_ols,humidity,1.0,6.0,150000,1000.0,1.0,10.25799814893449,0.144187975378926,-0.0012049876596814,0.110539082954524,0.378033747044157,0.807449905946626,0.8254483145428941,0.8408037316269988,0.824567317372173
ELM_ols,humidity,1.0,6.0,150000,1000.0,2.0,10.235790539775598,0.1438758218616279,-0.0023608965443545,0.1105956915672828,0.3807238298448044,0.8078634123538271,0.823661295937111,0.8397667917964589,0.8237638333624657
ELM_ols,humidity,1.0,6.0,150000,1000.0,3.0,10.305459412530425,0.144855098087223,-0.0021339916943855,0.1115319801515372,0.3722650593973197,0.8147026777890772,0.8292674632181558,0.8433426574752066,0.8291042661608131
ELM_ols,humidity,1.0,6.0,150000,1000.0,4.0,10.276205567884627,0.1444439016168898,-0.0005020302131072,0.1106974718789532,0.3758238713764761,0.8086068824540745,0.8269134428326792,0.8462050461172428,0.8272417904679988
ELM_ridge,humidity,1.0,6.0,750,5.0,0.0,12.111916093030713,0.1702469267451495,0.002044700870732,0.1343551354961063,0.1329037750709981,0.9814179620470358,0.9746307788050864,0.9703098706458254,0.9754528704993158
ELM_ridge,humidity,1.0,6.0,750,5.0,1.0,11.409963856681744,0.1603801798124276,-0.0013188235728995,0.1276239213594685,0.2304973393565654,0.9322487625543022,0.9181455580074928,0.9110147128935464,0.9204696778184472
ELM_ridge,humidity,1.0,6.0,750,5.0,2.0,11.536489229416572,0.1621586396116813,-0.0052299097185355,0.1284207857914975,0.2133366480783618,0.9380695826072306,0.9283268969153892,0.9227059218067456,0.929700800443122
ELM_ridge,humidity,1.0,6.0,750,5.0,3.0,11.603176386586057,0.1630960043914793,-0.0123310847802244,0.1288308126909184,0.2042156813540782,0.9410646878001084,0.9336931292628696,0.9305960698212572,0.9351179622947452
ELM_ridge,humidity,1.0,6.0,750,5.0,4.0,11.573912252997747,0.162684663298212,-0.0056682546229621,0.1288278974215455,0.2082246821340119,0.9410433927620272,0.9313382809390244,0.9269316725646956,0.9331044487552492
ELM_ridge,humidity,1.0,6.0,1500,10.0,0.0,10.733963127720118,0.1508782111974518,-0.0035913656422638,0.1175645345226535,0.3189769888251768,0.8587684084734879,0.8637486226357407,0.8725924721877466,0.8650365010989917
ELM_ridge,humidity,1.0,6.0,1500,10.0,1.0,11.238271487155368,0.1579668458665065,-0.0067054818627821,0.1257290471276459,0.2534814102207525,0.9184073593205224,0.9043296872120644,0.89666524497563,0.9064674305027388
ELM_ridge,humidity,1.0,6.0,1500,10.0,2.0,11.371436731297663,0.159838636703758,-0.005544753105904,0.1256256639692387,0.2356852037497319,0.917652180977251,0.9150453282891072,0.9136801619309136,0.915459223732424
ELM_ridge,humidity,1.0,6.0,1500,10.0,3.0,10.998796425599538,0.1546007481368959,-0.0042933943674116,0.1207606236260362,0.2849574006341597,0.8821147379068981,0.885059427745616,0.889707050808904,0.885627072153806
ELM_ridge,humidity,1.0,6.0,1500,10.0,4.0,11.141103451295576,0.1566010372400324,-0.009885974869999,0.1236918844568324,0.2663346605180733,0.9035265880767168,0.8965106965802285,0.8952459979899358,0.8984277608822936
ELM_ridge,humidity,1.0,6.0,3750,25.0,0.0,10.593817322297143,0.1489083005337531,-0.0048181969508507,0.1168920024925474,0.3366441736988296,0.8538557937679842,0.8524712645004532,0.8572191517218436,0.8545154033300936
ELM_ridge,humidity,1.0,6.0,3750,25.0,1.0,10.690225455712849,0.1502634278563989,-0.0037007478353709,0.1182996349475865,0.3245156096507143,0.8641380637402829,0.8602291067305656,0.8621443438602491,0.8621705047770325
ELM_ridge,humidity,1.0,6.0,3750,25.0,2.0,10.52563545912684,0.1479499259400601,-0.004716679872375,0.1154202106203,0.3451554191353934,0.8431048613642106,0.8469847550256814,0.8565522736868223,0.8488806300255715
ELM_ridge,humidity,1.0,6.0,3750,25.0,3.0,10.505133279402544,0.1476617441971527,-0.0043669743622246,0.1155606699637948,0.3477039903432261,0.8441308684619978,0.8453349701990353,0.8534589519344267,0.8476415968651532
ELM_ridge,humidity,1.0,6.0,3750,25.0,4.0,10.553098499992045,0.1483359506012669,-0.0037889183501649,0.1163313724477144,0.3417337758285191,0.8497605845001683,0.8491946716648999,0.8547666401493674,0.8512406321048118
ELM_ridge,humidity,1.0,6.0,7500,50.0,0.0,10.298178580511829,0.1447527576098128,-0.0033403467933295,0.1125753693193788,0.3731517385759909,0.8223242760774038,0.8286815837482082,0.8387459152710168,0.8299172583655429
ELM_ridge,humidity,1.0,6.0,7500,50.0,1.0,10.157247649787486,0.1427718111059843,-0.0034313421171358,0.1108439160738038,0.3901912226828524,0.8096766068284589,0.8173410475593367,0.8280694016739982,0.8183623520205979
ELM_ridge,humidity,1.0,6.0,7500,50.0,2.0,10.253053588285558,0.1441184738856759,-0.0044985584922433,0.1122142870533652,0.3786332029271788,0.8196866945637994,0.8250504319156449,0.8343925128824096,0.8263765464539513
ELM_ridge,humidity,1.0,6.0,7500,50.0,3.0,10.275764164743862,0.1444376971875002,-0.0038499159035796,0.1123497822741812,0.3758774918270516,0.820676440456201,0.8268779236725772,0.8391808973168842,0.8289117538152208
ELM_ridge,humidity,1.0,6.0,7500,50.0,4.0,10.169401797783737,0.1429426516507564,-0.0033695518818772,0.1108579508025295,0.3887309569094663,0.8097791256850182,0.8183190766867109,0.8308448470486384,0.8196476831401225
ELM_ridge,humidity,1.0,6.0,15000,100.0,0.0,9.905785146803485,0.1392372160843673,-0.0024373313410234,0.1075513225843063,0.4200114812984182,0.7856253461127451,0.7971061736350865,0.8122137571963606,0.7983150923147307
ELM_ridge,humidity,1.0,6.0,15000,100.0,1.0,9.938357650399626,0.1396950601274605,-0.0028140598860806,0.1078068695865901,0.416190938469035,0.7874920288953758,0.7997272423663837,0.8151139234101265,0.8007777315572953
ELM_ridge,humidity,1.0,6.0,15000,100.0,2.0,10.046965098298806,0.1412216628618626,-0.0037266287392913,0.1096639862034933,0.403361360714331,0.80105762576456,0.8084667482147538,0.8202502174665947,0.8099248638153028
ELM_ridge,humidity,1.0,6.0,15000,100.0,3.0,10.044383731655694,0.1411853787814234,-0.0031230983451226,0.1089027925625972,0.4036679100477671,0.7954973685476477,0.8082590288611493,0.8251923756783376,0.809649591029045
ELM_ridge,humidity,1.0,6.0,15000,100.0,4.0,10.03172517355123,0.141007448171786,-0.0030428270715744,0.1090890509350137,0.4051700326145634,0.7968579217680086,0.8072404104816013,0.8227482135937029,0.8089488486144377
ELM_ridge,humidity,1.0,6.0,37500,250.0,0.0,9.83187521610956,0.1381983269061449,-0.0017664815232388,0.1064228651482896,0.4286341173379284,0.7773823534424388,0.7911587337122572,0.8087315232689458,0.7924242034745473
ELM_ridge,humidity,1.0,6.0,37500,250.0,1.0,9.912937414190456,0.1393377494378465,-0.0029614757401226,0.1068571753890789,0.4191736414949989,0.7805548400752549,0.7976817076695071,0.8165342810588796,0.7982569429345472
ELM_ridge,humidity,1.0,6.0,37500,250.0,2.0,9.80077915071773,0.1377612359020327,-0.0014308276074594,0.1060467438008581,0.4322426118585363,0.7746349166219885,0.7886564721214547,0.8067457332967595,0.790012374013401
ELM_ridge,humidity,1.0,6.0,37500,250.0,3.0,9.951467554305356,0.139879334922029,-0.0032680974176088,0.1078826881967356,0.4146496921114819,0.7880458577131539,0.8007821799795211,0.8154746727079242,0.8014342368001998
ELM_ridge,humidity,1.0,6.0,37500,250.0,4.0,9.906994756214802,0.1392542185374273,-0.0033672819287022,0.106935882789944,0.419869826216162,0.7811297705136772,0.7972035093954688,0.8156473332818489,0.7979935377303317
ELM_ridge,humidity,1.0,6.0,75000,500.0,0.0,10.039938366284934,0.1411228940525978,-0.0014353300727273,0.1083543446642037,0.4041956332973919,0.7914911456612446,0.8079013158552055,0.8257688025101149,0.8083870880088551
ELM_ridge,humidity,1.0,6.0,75000,500.0,1.0,9.905182882250124,0.1392287505626027,-0.003036343697982,0.1067041942137981,0.4200820049171324,0.7794373653116654,0.7970577101577819,0.8140191486014886,0.796838074690312
ELM_ridge,humidity,1.0,6.0,75000,500.0,2.0,9.949813770491147,0.1398560890862994,-0.0013185470470001,0.107293575365739,0.4148442287308268,0.7837425915084231,0.8006491020590304,0.8194327293171692,0.8012748076282076
ELM_ridge,humidity,1.0,6.0,75000,500.0,3.0,9.881978211404531,0.1389025821952485,-0.0022760422257158,0.106403843309515,0.4227959464686978,0.7772434054656785,0.7951904592418706,0.8141309354529097,0.7955216000534863
ELM_ridge,humidity,1.0,6.0,75000,500.0,4.0,10.048415895087912,0.1412420554812285,-0.0032039180578716,0.1088443223544166,0.4031890372493378,0.7950702638274508,0.8085834920225539,0.8247750944031398,0.8094762834177148
ELM_ridge,humidity,1.0,6.0,150000,1000.0,0.0,10.165843404597702,0.142892634337276,-0.0023877915597113,0.1091603290821511,0.3891586625087255,0.7973785840682904,0.8180327372260046,0.8375706761068491,0.8176606658003814
ELM_ridge,humidity,1.0,6.0,150000,1000.0,1.0,10.153596617436992,0.1427204916423797,-0.0028933572359061,0.1094825967423671,0.3906295365851763,0.7997326382632042,0.8170472535406305,0.8342394248605502,0.8170064388881283
ELM_ridge,humidity,1.0,6.0,150000,1000.0,2.0,10.222043077748545,0.1436825854535588,-0.0018441496472811,0.1101122552583226,0.3823861847886198,0.8043320767233182,0.8225550548172826,0.8386031429975153,0.8218300915127054
ELM_ridge,humidity,1.0,6.0,150000,1000.0,3.0,10.205245003048104,0.1434464691717897,-0.002075083748994,0.1099304814212965,0.3844143896077265,0.8030042814884809,0.821203334701162,0.8396858995730815,0.8212978385875749
ELM_ridge,humidity,1.0,6.0,150000,1000.0,4.0,10.2113513147714,0.1435323004140683,-0.0005828658814144,0.1099807162381099,0.3836774975066399,0.8033712295129,0.8216947019881204,0.8412399335046478,0.8221019550018894
ELM_robust_risk,humidity,1.0,6.0,750,5.0,0.0,12.111986222790993,0.17024791249968,0.0020423252814054,0.1343558380118142,0.1328937338147719,0.9814230936821744,0.9746364220594116,0.9703154521865316,0.975458322642706
ELM_robust_risk,humidity,1.0,6.0,750,5.0,1.0,11.410015637267517,0.1603809076481824,-0.0013209249514572,0.127624096748998,0.2304903550419028,0.9322500437143711,0.9181497247266353,0.9110202851610014,0.9204733512006692
ELM_robust_risk,humidity,1.0,6.0,750,5.0,2.0,11.53654157262487,0.1621593753557436,-0.0052308518354013,0.1284209888282044,0.21332950958479,0.9380710657204024,0.9283311089080644,0.9227114456617632,0.9297045400967432
ELM_robust_risk,humidity,1.0,6.0,750,5.0,3.0,11.603235046086082,0.1630968289182946,-0.0123300193489217,0.1288310444142678,0.2042076352076267,0.9410663804593168,0.9336978495196612,0.9306029326110248,0.9351223875300008
ELM_robust_risk,humidity,1.0,6.0,750,5.0,4.0,11.573965336712696,0.1626854094509479,-0.0056686016426122,0.1288281165747194,0.2082174191669625,0.9410449936004364,0.931342552519346,0.9269371546673864,0.9331082335957228
ELM_robust_risk,humidity,1.0,6.0,1500,10.0,0.0,10.733980459680591,0.1508784548181128,-0.0035911538978099,0.1175642550240592,0.3189747895492336,0.85876636683258,0.863750017316979,0.872595946600669,0.8650374435834093
ELM_robust_risk,humidity,1.0,6.0,1500,10.0,1.0,11.238330256248734,0.1579676719337825,-0.0067061283232611,0.1257291624320995,0.2534736025546956,0.9184082015798182,0.9043344162876952,0.8966717809108741,0.9064714662594624
ELM_robust_risk,humidity,1.0,6.0,1500,10.0,2.0,11.371474536559852,0.1598391681002483,-0.0055451173273077,0.125625653442763,0.2356801216884266,0.9176521040849732,0.9150483704313946,0.9136850108026076,0.9154618284396584
ELM_robust_risk,humidity,1.0,6.0,1500,10.0,3.0,10.998828245921146,0.1546011954081551,-0.0042933228387519,0.1207605776463955,0.2849532632872158,0.8821144020414688,0.885061988287201,0.8897115871485416,0.8856293258257372
ELM_robust_risk,humidity,1.0,6.0,1500,10.0,4.0,11.141101150542683,0.1566010049003014,-0.0098855153573717,0.1236914642917345,0.2663349635369769,0.9035235189154778,0.8965105114415134,0.8952477187668765,0.898427249707956
ELM_robust_risk,humidity,1.0,6.0,3750,25.0,0.0,10.593876479892105,0.1489091320618663,-0.0048167982104545,0.116892238114128,0.3366367651049937,0.8538575149024281,0.8524760248383226,0.8572254117054087,0.854519650482053
ELM_robust_risk,humidity,1.0,6.0,3750,25.0,1.0,10.69025655539131,0.1502638649981889,-0.0036996817563598,0.1182992262113651,0.3245116794477471,0.8641350780630481,0.8602316092828957,0.8621504542311728,0.8621723805257054
ELM_robust_risk,humidity,1.0,6.0,3750,25.0,2.0,10.524258642535532,0.1479305731975574,-0.0047314532137105,0.1154268657986112,0.3453267231710969,0.8431534751482026,0.8468739643121104,0.8563502370902587,0.8487925588501906
ELM_robust_risk,humidity,1.0,6.0,3750,25.0,3.0,10.505162292336257,0.1476621520073424,-0.004367030219026,0.1155604031022827,0.3477003873338177,0.8441289191306204,0.8453373048336184,0.853463911828648,0.8476433785976288
ELM_robust_risk,humidity,1.0,6.0,3750,25.0,4.0,10.553105886904984,0.1483360544328338,-0.0037881645111542,0.1163310205142255,0.3417328542874205,0.8497580137473185,0.8491952660805695,0.8547691643626579,0.8512408147301819
ELM_robust_risk,humidity,1.0,6.0,7500,50.0,0.0,10.296702618431286,0.1447320112632996,-0.0033804235392255,0.1125775169597617,0.3733314087876745,0.8223399638502611,0.8285628149207993,0.8385246392078134,0.8298091393262913
ELM_robust_risk,humidity,1.0,6.0,7500,50.0,1.0,10.154721535529882,0.1427363036614428,-0.0035014700039346,0.1108690730710918,0.3904945046633349,0.8098603700238032,0.8171377742962684,0.8277261177133486,0.8182414206778068
ELM_robust_risk,humidity,1.0,6.0,7500,50.0,2.0,10.253053588285558,0.1441184738856759,-0.0044985584922433,0.1122142870533652,0.3786332029271788,0.8196866945637994,0.8250504319156449,0.8343925128824096,0.8263765464539513
ELM_robust_risk,humidity,1.0,6.0,7500,50.0,3.0,10.275764164743862,0.1444376971875002,-0.0038499159035796,0.1123497822741812,0.3758774918270516,0.820676440456201,0.8268779236725772,0.8391808973168842,0.8289117538152208
ELM_robust_risk,humidity,1.0,6.0,7500,50.0,4.0,10.169992406509545,0.1429509533364439,-0.0034304064211294,0.1109052349524093,0.3886599534578661,0.8101245201043736,0.8183666022341126,0.8307520530942826,0.8197477251442563
ELM_robust_risk,humidity,1.0,6.0,15000,100.0,0.0,9.89710962159724,0.1391152715883092,-0.0024718775143785,0.1074980045370197,0.4210269488348868,0.7852358761522915,0.7964080649441609,0.8113960641010742,0.797680001732509
ELM_robust_risk,humidity,1.0,6.0,15000,100.0,1.0,9.931022987770335,0.1395919629988346,-0.0028839847552427,0.1077668294205412,0.4170523408354655,0.7871995492814133,0.7991370312143455,0.8144691870256745,0.800268589173811
ELM_robust_risk,humidity,1.0,6.0,15000,100.0,2.0,10.040138764719645,0.141125710883343,-0.0037796604139468,0.1096377810708299,0.4041718483995714,0.8008662063015172,0.8079174416672564,0.8195354804525322,0.8094397094737685
ELM_robust_risk,humidity,1.0,6.0,15000,100.0,3.0,10.033208661287512,0.1410283003000559,-0.0031608925069811,0.1088377323793338,0.4049940931439919,0.7950221263305717,0.8073597848891397,0.8240529904021169,0.8088116338739427
ELM_robust_risk,humidity,1.0,6.0,15000,100.0,4.0,10.021156979866284,0.1408589000409791,-0.0031101120096481,0.1090157361000999,0.4064226520734958,0.7963223821654231,0.806390001119234,0.8217526947257411,0.8081550260034661
ELM_robust_risk,humidity,1.0,6.0,37500,250.0,0.0,9.802079209990154,0.1377795097320375,-0.0018926842444269,0.106107639086541,0.4320919774649331,0.7750797356975864,0.7887610862693272,0.8064306801030611,0.7900905006899915
ELM_robust_risk,humidity,1.0,6.0,37500,250.0,1.0,9.87999627664592,0.1388747238201514,-0.0029544308779707,0.1065214865555593,0.4230274519493501,0.7781027488346919,0.7950309754242407,0.8139245473195311,0.7956860905261546
ELM_robust_risk,humidity,1.0,6.0,37500,250.0,2.0,9.774240983139816,0.1373882113998082,-0.0014960733340578,0.1057515529888948,0.4353131517075218,0.7724786494720784,0.7865209788819164,0.8047724463976882,0.7879240249172277
ELM_robust_risk,humidity,1.0,6.0,37500,250.0,3.0,9.918335228991534,0.1394136219400968,-0.0033004855409492,0.107535047239249,0.4185409235477473,0.7855064603260666,0.7981160630929605,0.8128849771789192,0.7988358335326488
ELM_robust_risk,humidity,1.0,6.0,37500,250.0,4.0,9.879106928826875,0.1388622230125306,-0.0034049363791706,0.1066515062948593,0.4231313196367913,0.7790524982216317,0.7949594107146734,0.8134243446305073,0.7958120845222707
ELM_robust_risk,humidity,1.0,6.0,75000,500.0,0.0,9.965864252191656,0.1400816970876513,-0.0014736015901575,0.1075450315054774,0.4129548250565007,0.7855793919499915,0.8019406642990434,0.8200068142013216,0.8025089568167855
ELM_robust_risk,humidity,1.0,6.0,75000,500.0,1.0,9.841843140398272,0.1383384375594178,-0.0029298055673008,0.1060139271585302,0.427474985675874,0.7743952023593684,0.7919608401451252,0.8093069399250242,0.7918876608098393
ELM_robust_risk,humidity,1.0,6.0,75000,500.0,2.0,9.888276920183314,0.1389911177996742,-0.0013512855370796,0.1066368605666542,0.4220598997322914,0.7789455162244443,0.7956973084798753,0.8146901187712662,0.7964443144918619
ELM_robust_risk,humidity,1.0,6.0,75000,500.0,3.0,9.939235023804752,0.1397073926209061,-0.002254897888851,0.1069242501078425,0.4160878548063219,0.7810447977798922,0.7997978435098009,0.8189963117906652,0.7999463176934527
ELM_robust_risk,humidity,1.0,6.0,75000,500.0,4.0,9.901946291736508,0.1391832565562173,-0.001795234201283,0.106772730726484,0.4204609278404511,0.7799380009171268,0.7967972657566872,0.8163312848227815,0.7976888504988651
ELM_robust_risk,humidity,1.0,6.0,150000,1000.0,0.0,10.025334383272384,0.1409176182558512,-0.002295986520019,0.1075917037142651,0.4059276735268985,0.7859203163505628,0.806726151560155,0.8270750004962305,0.8065738228023162
ELM_robust_risk,humidity,1.0,6.0,150000,1000.0,1.0,10.015256262208458,0.1407759586600184,-0.0027955443161886,0.1079246743928268,0.4071214738071934,0.7883525524059155,0.8059151777302522,0.8238140664219492,0.8060272655193724
ELM_robust_risk,humidity,1.0,6.0,150000,1000.0,2.0,10.078582659326097,0.1416660840875983,-0.0018339970844362,0.1084990556383204,0.3996002366153973,0.7925482094554868,0.8110109739087938,0.8277891197649032,0.8104494343763946
ELM_robust_risk,humidity,1.0,6.0,150000,1000.0,3.0,10.06809628012744,0.1415186859536001,-0.0021555728122873,0.1084085223739994,0.4008489725574899,0.7918868951600616,0.8101671480560775,0.8291919503999133,0.8104153312053507
ELM_robust_risk,humidity,1.0,6.0,150000,1000.0,4.0,10.072052017870988,0.1415742884023519,-0.0007757253564948,0.1084431330220968,0.40037806924699,0.7921397140165604,0.8104854613376532,0.8305546300264911,0.8110599351269016
ELM_tikhonov,humidity,1.0,6.0,750,5.0,0.0,12.111669005209476,0.170243453641317,0.0020518048994532,0.1343527017818001,0.1329391529137759,0.9814001846027588,0.9746108959563452,0.9702898450444518,0.975433641867852
ELM_tikhonov,humidity,1.0,6.0,750,5.0,1.0,11.409774524476708,0.1603775185302825,-0.0013121274789466,0.1276234266927405,0.2305228767602903,0.9322451491843314,0.918130322681139,0.9109934856568672,0.9204563191741124
ELM_tikhonov,humidity,1.0,6.0,750,5.0,2.0,11.536303025279764,0.1621560222981369,-0.0052287026123276,0.1284201239118353,0.21336204207568,0.938064747804402,0.9283119133007834,0.9226855368549142,0.9296873993200332
ELM_tikhonov,humidity,1.0,6.0,750,5.0,3.0,11.60297328348156,0.163093149543486,-0.0123356946933941,0.1288301616186463,0.204243540079255,0.9410599319415396,0.933676785809415,0.9305713591638192,0.9351026923049246
ELM_tikhonov,humidity,1.0,6.0,750,5.0,4.0,11.57372708833067,0.1626820605956115,-0.0056688600838437,0.128827126245151,0.2082500162884741,0.9410377595842352,0.9313233809692512,0.9269126489555038,0.9330912631696634
ELM_tikhonov,humidity,1.0,6.0,1500,10.0,0.0,10.733789236286166,0.1508757669531233,-0.0035950374033318,0.1175674371476159,0.3189990539482478,0.8587896111485076,0.8637346298089742,0.8725569588964234,0.8650270666179685
ELM_tikhonov,humidity,1.0,6.0,1500,10.0,1.0,11.238067792151831,0.1579639826986908,-0.0067055007330302,0.1257293205645807,0.2535084714514563,0.9184093566830964,0.9043132961292324,0.8966399115137709,0.9064541881087
ELM_tikhonov,humidity,1.0,6.0,1500,10.0,2.0,11.37130114334242,0.1598367308589266,-0.0055446222356965,0.1256257395982796,0.2357034303406202,0.9176527334213302,0.91503441769549,0.9136626192239592,0.9154499234469266
ELM_tikhonov,humidity,1.0,6.0,1500,10.0,3.0,10.998702979737876,0.1545994346477136,-0.0042940852389229,0.1207608287798115,0.2849695505977365,0.8821162364845248,0.8850519082736985,0.8896933889353174,0.8856205112311802
ELM_tikhonov,humidity,1.0,6.0,1500,10.0,4.0,11.141139896872188,0.1566015495245764,-0.0098919718828001,0.1236967331990757,0.2663298604728732,0.903562006467784,0.8965136293103139,0.8952271124867297,0.8984342494216092
ELM_tikhonov,humidity,1.0,6.0,3750,25.0,0.0,10.59320064381309,0.1488996324075959,-0.0048329537915079,0.1168890871483984,0.3367214008864378,0.8538344981836896,0.8524216411521267,0.8571557036684759,0.8544706143347641
ELM_tikhonov,humidity,1.0,6.0,3750,25.0,1.0,10.690065826732464,0.1502611840872776,-0.0037059400712393,0.1183007612294015,0.3245357824861508,0.8641462908407916,0.8602162615856459,0.8621172399151331,0.8621599307805236
ELM_tikhonov,humidity,1.0,6.0,3750,25.0,2.0,10.525987490260524,0.1479548741429842,-0.0047154133164067,0.1154203479245526,0.3451116156926344,0.8431058643244568,0.8470130825318621,0.856593951432508,0.8489042994296089
ELM_tikhonov,humidity,1.0,6.0,3750,25.0,3.0,10.505034629147572,0.1476603575542299,-0.0043671470090774,0.1155617338932547,0.3477162412807093,0.8441386401000407,0.8453270319360805,0.8534416383772812,0.8476357701378007
ELM_tikhonov,humidity,1.0,6.0,3750,25.0,4.0,10.553060785508498,0.1483354204807749,-0.0037917419866941,0.1163324754314529,0.3417384808213359,0.8497686414162574,0.8491916368274566,0.854756681064448,0.851238986436054
ELM_tikhonov,humidity,1.0,6.0,7500,50.0,0.0,10.298536059616636,0.144757782390244,-0.003332271614347,0.1125757142100124,0.3731082184441714,0.8223267953846229,0.8287103496458293,0.8387929703988641,0.8299433718097721
ELM_tikhonov,humidity,1.0,6.0,7500,50.0,1.0,10.158029805223116,0.1427828052012315,-0.0034182615307073,0.1108423780215355,0.3900973028276724,0.8096653718866973,0.8174039866315298,0.8281581579805745,0.8184091721662673
ELM_tikhonov,humidity,1.0,6.0,7500,50.0,2.0,10.255019476758354,0.1441461067117495,-0.0044796993966475,0.1122251063931941,0.3783949022258026,0.8197657261125854,0.8252086245086722,0.8345857214656586,0.8265200240289721
ELM_tikhonov,humidity,1.0,6.0,7500,50.0,3.0,10.276378967035,0.1444463389416057,-0.0038492731662446,0.1123476055473014,0.3758028066901355,0.8206605402165084,0.8269273960460003,0.8392735002099466,0.8289538121574851
ELM_tikhonov,humidity,1.0,6.0,7500,50.0,4.0,10.16939024783862,0.1429424893029788,-0.003358574078934,0.1108497025272266,0.3887323454119624,0.80971887487653,0.8183181472770356,0.8308709446288375,0.8196359889274677
ELM_tikhonov,humidity,1.0,6.0,15000,100.0,0.0,9.907656246598972,0.1392635165464386,-0.0024324853551389,0.1075645452758715,0.4197923530060741,0.7857219333176979,0.7972567387014965,0.8123852137733383,0.7984546285975108
ELM_tikhonov,humidity,1.0,6.0,15000,100.0,1.0,9.940077063474147,0.1397192284580115,-0.0028006948112928,0.1078184596798386,0.4159889139893156,0.7875766905322669,0.7998656013915816,0.8152621545877734,0.8009014821705406
ELM_tikhonov,humidity,1.0,6.0,15000,100.0,2.0,10.048633149682969,0.1412451092447161,-0.0037166648430536,0.1096724987112004,0.4031632299326294,0.8011198066996985,0.8086009742288003,0.8204186701352938,0.8100464836879309
ELM_tikhonov,humidity,1.0,6.0,15000,100.0,3.0,10.046856383433015,0.141220134749246,-0.0031167651244207,0.1089191076885344,0.4033742727007922,0.7956165449199444,0.8084580000651218,0.8254369720618595,0.8098371723489753
ELM_tikhonov,humidity,1.0,6.0,15000,100.0,4.0,10.033991558053216,0.1410393048155508,-0.0030313034333892,0.10910602985924,0.4049012322477039,0.7969819469580426,0.8074227836152389,0.8229575323814171,0.8091207543182328
ELM_tikhonov,humidity,1.0,6.0,37500,250.0,0.0,9.83812237230808,0.1382861378796957,-0.0017439059466123,0.1064899159094922,0.4279077969085016,0.7778721361453497,0.7916614345784384,0.809209601339676,0.7929143906878213
ELM_tikhonov,humidity,1.0,6.0,37500,250.0,1.0,9.92020092129281,0.1394398463936105,-0.00296585039068,0.1069320822681225,0.4183221518026933,0.7811020090115436,0.7982661930250569,0.8171028960610554,0.7988236993658853
ELM_tikhonov,humidity,1.0,6.0,37500,250.0,2.0,9.806515151193327,0.1378418619933364,-0.0014204049481116,0.1061111344137587,0.4315778464162881,0.7751052678583187,0.7891180409242616,0.8071670170052125,0.7904634419292643
ELM_tikhonov,humidity,1.0,6.0,37500,250.0,3.0,9.95841431873716,0.1399769796948506,-0.0032635650544457,0.107957255199633,0.4138321825445736,0.7885905439713258,0.8013411774474973,0.8160148977870842,0.801982206401969
ELM_tikhonov,humidity,1.0,6.0,37500,250.0,4.0,9.912819066259695,0.13933608592141,-0.0033597121992438,0.1069958980323776,0.4191875100759161,0.7815681611766281,0.7976721843591538,0.8161075535078557,0.7984492996812125
ELM_tikhonov,humidity,1.0,6.0,75000,500.0,0.0,10.05639678935146,0.1413542361395662,-0.0014289675931324,0.1085354623195465,0.4022406336870731,0.7928141477150247,0.809225704628049,0.8270446004634691,0.809694817602181
ELM_tikhonov,humidity,1.0,6.0,75000,500.0,1.0,9.919472140787752,0.1394296025444702,-0.0030594046380005,0.1068607017435444,0.4184076137621898,0.7805805988793396,0.7982075489669436,0.8150785449969365,0.7979555642810733
ELM_tikhonov,humidity,1.0,6.0,75000,500.0,2.0,10.006221892729782,0.1406489701945262,-0.0016796899048839,0.1079140650416368,0.4081906162584351,0.7882750547517685,0.80518819328837,0.8236510786278378,0.8057047755559922
ELM_tikhonov,humidity,1.0,6.0,75000,500.0,3.0,9.990040474601209,0.1404215217309133,-0.0013755170273734,0.1076400649036091,0.4101031407043365,0.7862735781720248,0.8038860947573294,0.822095682562522,0.8040851184972921
ELM_tikhonov,humidity,1.0,6.0,75000,500.0,4.0,10.065234094023966,0.1414784546323008,-0.0032075859580514,0.1090339312671634,0.4011895807402629,0.7964552915902295,0.8099368315108102,0.8260390540452417,0.8108103923820938
ELM_tikhonov,humidity,1.0,6.0,150000,1000.0,0.0,10.198770050745622,0.1433554562617058,-0.0024119525376759,0.1095277005956821,0.3851952866847153,0.8000621063675489,0.8206823033666628,0.840028478509212,0.8202576294144746
ELM_tikhonov,humidity,1.0,6.0,150000,1000.0,1.0,10.186444658802031,0.1431822086860779,-0.0029108463761515,0.1098534978891951,0.3866803932467311,0.8024419433172819,0.819690494452467,0.8367140313361714,0.8196154897019735
ELM_tikhonov,humidity,1.0,6.0,150000,1000.0,2.0,10.255915291323594,0.1441586984169343,-0.0018499219576812,0.1104944233272481,0.3782862983908051,0.8071236827604035,0.8252807095892389,0.841153858555515,0.8245194169683857
ELM_tikhonov,humidity,1.0,6.0,150000,1000.0,3.0,10.237388750951192,0.1438982865599337,-0.0020571249797213,0.1102895634001586,0.3805304278090035,0.8056272515938023,0.8237899019966972,0.8421385439144158,0.8238518991683051
ELM_tikhonov,humidity,1.0,6.0,150000,1000.0,4.0,10.244429046437604,0.1439972460194224,-0.0005455334052082,0.1103447998731425,0.3796781111560321,0.8060307349928277,0.824356425791961,0.8437906318726079,0.8247259308857989
Persistence_P,humidity,1.0,6.0,0,,,12.427184074650429,0.1746783812367132,0.0001319763547639,0.1368989978702541,0.0871759981823787,1.0,1.0,1.0,1.0
